salario_bruto,seniority,experiencia,nivel_estudios,estado_estudios,lenguajes,genero,es_dolarizado
3000000.0,Senior,15,,,".NET, C#, CSS, Go, HTML, Java, Javascript, SQL",Mujer Cis,True
5000000.0,Senior,25,,,".NET, C#, HTML, Javascript, SQL",Mujer Cis,True
4600000.0,Senior,7,Universitario,Completo,"Go, SQL",Mujer Cis,True
7800000.0,Senior,25,,,Ninguno de los anteriores,Hombre Cis,True
3500000.0,Semi-Senior,3,,,"Bash/Shell, Python",Hombre Cis,True
400000.0,Junior,1,Universitario,En curso,React Native,Hombre Cis,True
8460000.0,Senior,19,Universitario,En curso,".NET, C#, CSS, Go, HTML, Java, Javascript, SQL",Hombre Cis,True
6400000.0,Semi-Senior,4,Universitario,En curso,"Go, PHP, Python, SQL",Hombre Cis,True
3000000.0,Semi-Senior,5,Universitario,Completo,".NET, CSS, HTML, Javascript, Swift",Mujer Cis,True
6075000.0,Senior,7,,,Ninguno de los anteriores,Mujer Cis,True
11000000.0,Senior,29,,,"Javascript, SQL, TypeScript",Hombre Cis,True
2300000.0,Senior,7,,,Ninguno de los anteriores,Mujer Cis,True
9750000.0,Senior,16,Universitario,Incompleto,"Javascript, TypeScript",Hombre Cis,True
4800000.0,Senior,15,Universitario,Completo,Ninguno de los anteriores,Hombre Cis,True
650000.0,Semi-Senior,5,,,Ninguno de los anteriores,Mujer Cis,True
6000000.0,Semi-Senior,3,,,Python,Hombre Cis,True
3600000.0,Senior,12,Universitario,Completo,Bash/Shell,Hombre Cis,True
8589800.0,Senior,19,,,"Java, Python, Scala, Domain Specific Language",Hombre Cis,True
4000000.0,Senior,30,Terciario,Completo,".NET, C#, HTML, Java, PHP, Python, SQL, Ninguno de los anteriores",Hombre Cis,True
3000000.0,Semi-Senior,4,,,"Python, R, SQL",Hombre Cis,True
4500000.0,Senior,25,,,"COBOL, Python, SQL",Hombre Cis,True
7415000.0,Senior,9,,,Java,Hombre Cis,True
8000000.0,Semi-Senior,5,Doctorado,Incompleto,"HTML, Python",Hombre Cis,True
1800000.0,Semi-Senior,4,,,Javascript,Hombre Cis,True
3900000.0,Semi-Senior,5,,,"Python, Ninguno de los anteriores",Hombre Cis,True
4950000.0,Senior,7,,,Ninguno de los anteriores,Hombre Cis,True
4500000.0,Senior,9,Terciario,Completo,"Go, PHP, SQL",Hombre Cis,True
4098000.0,Senior,15,,,no aplica,Hombre Cis,True
10000000.0,Senior,6,Universitario,Completo,"C#, Javascript, Python, SQL, TypeScript",Hombre Cis,True
4250000.0,Senior,9,,,Ninguno de los anteriores,Hombre Cis,True
6300000.0,Senior,10,,,Python,Hombre Cis,True
5000000.0,Senior,15,Universitario,Completo,Python,Hombre Cis,True
3780000.0,Senior,8,Universitario,En curso,"Bash/Shell, CSS, HTML, Javascript, Python, R",Hombre Cis,True
17000000.0,Senior,26,Maestría,Completo,SQL,Hombre Cis,True
6000000.0,Senior,20,,,".NET, C#, SQL, TypeScript",Hombre Cis,True
6000000.0,Senior,14,,,"Assembler, Bash/Shell, C, Groovy, Java, Javascript, Python, SQL, TypeScript",Hombre Cis,True
2850000.0,Semi-Senior,3,,,"Python, SQL",Hombre Cis,True
3000000.0,Semi-Senior,4,,,"CSS, HTML, Javascript",Mujer Cis,True
3700000.0,Senior,6,,,Python,Hombre Cis,True
7500000.0,Senior,10,Universitario,Completo,"HTML, Python, SQL",Hombre Cis,True
3600000.0,Senior,17,,,Python,Hombre Cis,True
3750000.0,Semi-Senior,3,Universitario,En curso,"CSS, HTML, Javascript, Liquid",Mujer Cis,True
3424985.22,Semi-Senior,4,Universitario,Incompleto,"Bash/Shell, HTML, Javascript, Python, SQL, TypeScript",Hombre Cis,True
10835000.0,Senior,8,Universitario,Incompleto,Python,Hombre Cis,True
4333000.0,Senior,6,,,"Go, Java, Python",Prefiero no decir,True
6900963.0,Senior,8,,,"HTML, Java, Javascript, PHP, Python",Hombre Cis,True
6750000.0,Senior,8,,,"CSS, HTML, Javascript, SQL, TypeScript",Mujer Cis,True
12896000.0,Senior,10,Universitario,Completo,Java,Mujer Cis,True
12000000.0,Senior,10,,,Python,Hombre Cis,True
4600000.0,Senior,6,,,Python,Hombre Cis,True
2700000.0,Semi-Senior,3,Universitario,Incompleto,Python,Mujer Cis,True
8800000.0,Senior,11,Universitario,En curso,"CSS, HTML, Javascript, TypeScript",Hombre Cis,True
4500000.0,Senior,16,,,"Bash/Shell, CSS, Groovy, HTML, Javascript, PHP, Python, SQL, TypeScript",Hombre Cis,True
9000000.0,Senior,8,,,"Bash/Shell, Python, Rust, SQL",Hombre Cis,True
6500000.0,Senior,10,Universitario,Completo,"Javascript, Python, Ruby, SQL, TypeScript",Hombre Cis,True
3223710.0,Semi-Senior,3,,,"Bash/Shell, Python, SQL",Hombre Cis,True
2280000.0,Senior,6,,,"CSS, HTML, Javascript",Mujer Cis,True
2000000.0,Senior,15,,,Ninguno de los anteriores,Hombre Cis,True
11000000.0,Senior,16,,,"CSS, Go, HTML, Javascript, TypeScript",Hombre Cis,True
4712500.0,Senior,6,,,"Bash/Shell, Python",Hombre Cis,True
4900000.0,Senior,6,,,"CSS, HTML, Javascript, SQL, TypeScript",Hombre Cis,True
300000.0,Senior,15,,,"CSS, HTML",Mujer Cis,True
5000000.0,Senior,16,,,"Bash/Shell, CSS, HTML, Javascript, TypeScript",Hombre Cis,True
4970000.0,Semi-Senior,5,,,"HTML, Javascript, TypeScript",Mujer Cis,True
8000000.0,Senior,6,,,Bash/Shell,Hombre Cis,True
3640000.0,Senior,6,Universitario,Completo,"HTML, Ruby",Mujer Cis,True
13000000.0,Senior,12,,,"CSS, HTML, Javascript, PHP, Python, SQL, TypeScript",Hombre Cis,True
5680000.0,Senior,6,,,"SQL, TypeScript",Hombre Cis,True
2640000.0,Semi-Senior,4,Universitario,En curso,"CSS, HTML, Javascript, PHP, SQL, TypeScript",Hombre Cis,True
3100000.0,Semi-Senior,5,,,Python,Mujer Cis,True
3575000.0,Semi-Senior,3,Secundario,Completo,"CSS, Javascript, TypeScript",Hombre Cis,True
1330000.0,Semi-Senior,4,Terciario,En curso,Ninguno de los anteriores,Mujer Cis,True
4500000.0,Senior,20,Terciario,Completo,".NET, C#, HTML, TypeScript",Hombre Cis,True
6000000.0,Senior,20,Universitario,Completo,"Java, Scala",Hombre Cis,True
2200000.0,Senior,8,Universitario,Incompleto,"CSS, HTML, Javascript, SQL",Hombre Cis,True
1557703.0,Semi-Senior,4,,,"HTML, Javascript, Apex",Mujer Cis,True
2090000.0,Senior,14,Terciario,Incompleto,Ninguno de los anteriores,Hombre Cis,True
11600000.0,Senior,30,,,Ninguno de los anteriores,Hombre Cis,True
1208015.42,Semi-Senior,4,,,"CSS, HTML, Javascript, TypeScript",Mujer Cis,True
2300000.0,Semi-Senior,4,Universitario,En curso,"CSS, HTML, Javascript, PHP, TypeScript",Hombre Cis,True
2187000.0,Semi-Senior,3,,,COBOL,Hombre Cis,True
2580000.0,Semi-Senior,4,,,Ninguno de los anteriores,Mujer Cis,True
5250000.0,Semi-Senior,4,,,Ninguno de los anteriores,Hombre Cis,True
8360000.0,Senior,10,,,"CSS, HTML, Javascript, Kotlin, PHP, Python, SQL, TypeScript",Hombre Cis,True
5000000.0,Senior,20,Maestría,Completo,"Python, TypeScript",Hombre Cis,True
2700000.0,Semi-Senior,3,Universitario,En curso,"Bash/Shell, Java",Hombre Cis,True
16000000.0,Senior,20,,,"Java, Javascript, PHP",Hombre Cis,True
6700000.0,Senior,17,,,Ninguno de los anteriores,Hombre Cis,True
9292000.0,Senior,14,Universitario,Completo,"Go, Java, Javascript, Python, SQL, TypeScript",Hombre Cis,True
6525000.0,Senior,11,Universitario,Completo,".NET, Java, Python, SQL, TypeScript",Hombre Cis,True
2100000.0,Semi-Senior,3,,,Javascript,Hombre Cis,True
1260000.0,Junior,2,,,Python,Hombre Cis,True
3500000.0,Senior,8,Universitario,Completo,"Python, SQL",Hombre Cis,True
4900000.0,Senior,20,,,"Dart, Java, Kotlin",Hombre Cis,True
3000000.0,Semi-Senior,4,,,"Java, Javascript, Python, SQL, TypeScript",Mujer Cis,True
8550000.0,Senior,9,,,"Go, SQL, TypeScript",Hombre Cis,True
5500000.0,Semi-Senior,5,,,"CSS, HTML, Javascript, PHP, SQL, VBA",Hombre Cis,True
4200000.0,Senior,20,Universitario,Completo,Ninguno de los anteriores,Hombre Cis,True
11000000.0,Senior,25,,,"HTML, Javascript, Kotlin",Hombre Cis,True
2400000.0,Semi-Senior,3,Universitario,Incompleto,"Bash/Shell, C++, Javascript, PHP, Python, SQL",Hombre Cis,True
10500000.0,Senior,8,Universitario,Completo,"Javascript, TypeScript",Hombre Cis,True
4071365.0,Senior,6,Universitario,Completo,"Javascript, TypeScript",Hombre Cis,True
4500000.0,Semi-Senior,5,Universitario,En curso,"Dart, Java, Python, TypeScript",Hombre Cis,True
6615000.0,Senior,10,,,"Java, Kotlin, Python, Swift, TypeScript",Hombre Cis,True
3500000.0,Senior,25,,,"Bash/Shell, SQL, Ansible",Hombre Cis,True
4900000.0,Senior,13,Universitario,Completo,"Bash/Shell, PHP, Python",Hombre Cis,True
1824000.0,Junior,2,Universitario,Completo,Ninguno de los anteriores,Mujer Cis,True
2000000.0,Senior,10,,,"Java, SQL",Hombre Cis,True
7250000.0,Semi-Senior,3,Universitario,Completo,"Javascript, Python, Rust, Solidity, TypeScript",Hombre Cis,True
7700000.0,Senior,18,Universitario,Completo,Java,Hombre Cis,True
3642000.0,Senior,30,,,Ninguno de los anteriores,Hombre Cis,True
2866436.18,Senior,6,,,"HTML, Java, Javascript, SQL",Hombre Cis,True
3268000.0,Senior,26,,,"Bash/Shell, SQL, VBA",Hombre Cis,True
5600000.0,Semi-Senior,5,,,Ninguno de los anteriores,Mujer Cis,True
5000000.0,Senior,25,,,Ninguno de los anteriores,Mujer Cis,True
7000000.0,Senior,10,,,"Python, SQL",Hombre Cis,True
5000000.0,Senior,10,,,"CSS, HTML, Javascript, TypeScript",Mujer Cis,True
3200000.0,Semi-Senior,5,Maestría,En curso,"CSS, HTML, Javascript, PHP, SQL, TypeScript",Mujer Cis,True
1725000.0,Junior,2,Universitario,Completo,"HTML, Javascript, Python",Mujer Cis,True
3100000.0,Senior,10,Universitario,Completo,"PHP, Python",Hombre Cis,True
2899000.0,Semi-Senior,4,,,"Java, Javascript, TypeScript",Hombre Cis,True
1343100.0,Senior,7,,,"Bash/Shell, HTML, Javascript, PHP, Rust",Hombre Cis,True
1900000.0,Semi-Senior,5,,,SQL,Mujer Cis,True
9000000.0,Semi-Senior,5,,,"Go, PHP, Python, SQL",Hombre Cis,True
4118000.0,Semi-Senior,4,Universitario,Completo,".NET, C, C#, Javascript, Python, SQL, TypeScript",Hombre Cis,True
5029296.68,Semi-Senior,3,,,"Python, SQL",Hombre Cis,True
5605500.0,Senior,15,Posgrado/Especialización,Completo,"Python, SQL",Hombre Cis,True
2800000.0,Senior,12,,,HTML,Mujer Cis,True
5550000.0,Senior,10,Universitario,Completo,Ninguno de los anteriores,Hombre Cis,True
6768000.0,Senior,17,,,"CSS, HTML, Javascript, SQL, TypeScript",Hombre Cis,True
7541338.0,Senior,30,,,"Bash/Shell, C, CSS, HTML, Javascript, PHP, SQL",Hombre Cis,True
10000000.0,Senior,14,,,"Bash/Shell, Javascript, PHP, Python, SQL, TypeScript",Hombre Cis,True
2560000.0,Semi-Senior,3,,,Ninguno de los anteriores,Hombre Cis,True
2480000.0,Senior,10,,,Ninguno de los anteriores,Mujer Cis,True
12000000.0,Senior,24,,,"Assembler, Bash/Shell, Javascript, Perl, SQL, Swift, TypeScript, VBA",Hombre Cis,True
2295390.0,Senior,12,,,Java,Hombre Cis,True
4300000.0,Senior,13,,,"HTML, Java, Javascript, SQL, TypeScript",Hombre Cis,True
2700000.0,Senior,9,,,Ninguno de los anteriores,Mujer Cis,True
3300000.0,Junior,1,,,"Python, SQL",Hombre Cis,True
7250000.0,Semi-Senior,5,,,"Bash/Shell, Go, HTML, Javascript, SQL, TypeScript",Hombre Cis,True
3317061.0,Semi-Senior,3,Universitario,Completo,"Bash/Shell, Groovy, Python",Hombre Cis,True
11890000.0,Senior,18,Universitario,Completo,"Bash/Shell, CSS, HTML, Javascript, Ruby, SQL",Hombre Cis,True
15133501.0,Senior,8,Terciario,Completo,"CSS, Javascript, Ruby, SQL, TypeScript",Hombre Cis,True
6000000.0,Semi-Senior,4,,,"Bash/Shell, CSS, HTML, Javascript",Mujer Cis,True
6000000.0,Senior,6,,,Ninguno de los anteriores,Hombre Cis,True
1685000.0,Senior,28,,,Ninguno de los anteriores,Hombre Cis,True
1301030.0,Semi-Senior,3,,,Ninguno de los anteriores,Mujer Cis,True
3403299.0,Semi-Senior,4,Universitario,Completo,"Go, Javascript, Python",Hombre Cis,True
4200000.0,Senior,30,Universitario,Incompleto,".NET, Bash/Shell, C#, COBOL, Java, Javascript, Kotlin, Objective-C, Python, Scala, SQL, TypeScript, VBA",Hombre Cis,True
3450000.0,Semi-Senior,4,,,Python,Hombre Cis,True
3700000.0,Semi-Senior,4,,,"Go, Java",Hombre Cis,True
5000000.0,Senior,17,,,Ninguno de los anteriores,Mujer Cis,True
3600000.0,Senior,7,Secundario,Completo,"Bash/Shell, CSS, HTML, Java, PHP, SQL, TypeScript",Hombre Cis,True
4200000.0,Senior,7,Universitario,Incompleto,"Arduino, Go, HTML, Java, Javascript, SQL, TypeScript",Hombre Cis,True
9425000.0,Senior,14,Secundario,Incompleto,"Bash/Shell, Go, Python, SQL",Hombre Cis,True
1757000.0,Senior,30,,,Ninguno de los anteriores,Hombre Cis,True
4832999.0,Senior,8,Universitario,Incompleto,Ninguno de los anteriores,Hombre Cis,True
3000000.0,Semi-Senior,5,,,"Bash/Shell, CSS, HTML, Javascript, SQL, TypeScript",Hombre Cis,True
2182500.0,Semi-Senior,4,,,"Javascript, PHP, Python, SQL",Hombre Cis,True
6000000.0,Senior,17,,,"CSS, HTML, Javascript, TypeScript, GraphQL",Hombre Cis,True
3500000.0,Senior,12,,,".NET, Bash/Shell, HTML, PHP, Python, Ruby, SQL",Hombre Cis,True
2300000.0,Semi-Senior,5,,,Ninguno de los anteriores,Mujer Cis,True
7000000.0,Semi-Senior,5,Doctorado,Completo,Python,Hombre Cis,True
5000000.0,Semi-Senior,3,Universitario,En curso,Bash/Shell,Mujer Cis,True
5000000.0,Semi-Senior,5,Universitario,En curso,"Javascript, Python, SQL, TypeScript",Hombre Cis,True
6750000.0,Senior,7,,,"Javascript, TypeScript",Hombre Cis,True
1766133.0,Semi-Senior,3,,,Ninguno de los anteriores,Mujer Cis,True
3309700.0,Semi-Senior,3,Universitario,En curso,"CSS, HTML, Java, Javascript, Scala, TypeScript, VBA",Hombre Cis,True
4386000.0,Senior,8,,,Python,Hombre Cis,True
6300000.0,Semi-Senior,4,,,"Javascript, Kotlin, SQL, TypeScript",Hombre Cis,True
4706122.0,Junior,2,,,Ninguno de los anteriores,Hombre Cis,True
3000000.0,Semi-Senior,5,,,"CSS, HTML, Javascript, TypeScript",Hombre Cis,True
4316000.0,Semi-Senior,4,Universitario,Incompleto,"Java, Javascript, SQL",Hombre Cis,True
1900000.0,Semi-Senior,4,,,"CSS, HTML, Javascript, PHP, Python, Twig",Hombre Cis,True
1350000.0,Junior,0,,,Java,Hombre Cis,True
2400000.0,Semi-Senior,3,,,"Javascript, Python, R, SQL",Hombre Cis,True
3600000.0,Senior,6,Universitario,Completo,"CSS, HTML, Javascript, Python, SQL, TypeScript",Hombre Cis,True
4500000.0,Senior,8,,,"Bash/Shell, Java, Javascript, Kotlin, Python, SQL, TypeScript",Hombre Cis,True
8000000.0,Semi-Senior,3,,,C++,Hombre Cis,True
1980000.0,Semi-Senior,3,Universitario,En curso,SQL,Mujer Cis,True
3704778.0,Semi-Senior,4,Universitario,En curso,".NET, C#, CSS, HTML, Javascript, TypeScript",Hombre Cis,True
3000000.0,Semi-Senior,4,Universitario,Completo,"Javascript, Swift",Hombre Cis,True
5000000.0,Senior,20,Universitario,Incompleto,"Bash/Shell, Java, Python, SQL",Hombre Cis,True
2200000.0,Semi-Senior,4,,,"Javascript, Python, TypeScript",Hombre Cis,True
6557000.0,Semi-Senior,5,,,"HTML, Javascript, Python, TypeScript",Hombre Cis,True
1900000.0,Semi-Senior,3,Terciario,Completo,".NET, Javascript",Hombre Cis,True
4944960.0,Senior,22,,,"Bash/Shell, Python",Hombre Cis,True
2500000.0,Senior,11,Universitario,Completo,Ninguno de los anteriores,Mujer Cis,True
5472000.0,Semi-Senior,3,,,"Bash/Shell, Python, SQL",Hombre Cis,True
2877788.0,Senior,7,,,".NET, C#, SQL",Hombre Cis,True
1500000.0,Junior,1,Terciario,Completo,"Java, Javascript, Python, SQL",Hombre Cis,True
1470000.0,Senior,18,,,"HTML, Javascript",Mujer Cis,True
2154703.5,Junior,1,Universitario,En curso,"Python, R, SQL",Hombre Cis,True
4500000.0,Senior,18,,,".NET, C#, HTML, Java, Javascript, SQL, TypeScript",Hombre Cis,True
1765000.0,Junior,2,Terciario,Completo,"CSS, HTML, Javascript, PHP, SQL",Hombre Cis,True
2964000.0,Senior,8,Universitario,Incompleto,"CSS, HTML, Javascript, PHP, SQL",Hombre Cis,True
6414000.0,Senior,12,Universitario,Completo,"Bash/Shell, Javascript, Python, SQL",Hombre Cis,True
7256389.0,Senior,8,Universitario,Completo,"Javascript, Python",Hombre Cis,True
3482641.0,Senior,13,Universitario,Completo,".NET, C#, Javascript, SQL, TypeScript",Mujer Cis,True
4100000.0,Senior,11,,,".NET, C#, CSS, HTML, Javascript, TypeScript",Hombre Cis,True
6500000.0,Senior,8,,,Java,Hombre Cis,True
1200000.0,Senior,10,,,Ninguno de los anteriores,Hombre Cis,True
6200000.0,Senior,27,,,Ninguno de los anteriores,Mujer Cis,True
7175000.0,Senior,10,,,"COBOL, SQL",Mujer Cis,True
6000000.0,Senior,18,,,"Bash/Shell, Javascript, PHP",Hombre Cis,True
8520000.0,Senior,20,,,"C++, Javascript, Python",Hombre Cis,True
5500000.0,Senior,14,,,"Bash/Shell, Java, Javascript, SQL, TypeScript",Hombre Cis,True
2575000.0,Senior,10,,,Ninguno de los anteriores,Mujer Cis,True
4450000.0,Semi-Senior,5,Secundario,Completo,TypeScript,Hombre Cis,True
1933000.0,Junior,2,,,"Java, Javascript, PHP, Python, SQL",Hombre Cis,True
6100000.0,Senior,21,Universitario,Incompleto,"Bash/Shell, Go, Java, Python, SQL",Hombre Cis,True
4500000.0,Senior,20,,,Python,Hombre Cis,True
1300000.0,Semi-Senior,4,,,"Java, Javascript, Python, SQL, TypeScript",Hombre Cis,True
1784400.0,Semi-Senior,5,Universitario,Incompleto,"Bash/Shell, Go, HTML, Javascript, PHP, SQL, TypeScript",Hombre Cis,True
4200000.0,Senior,8,,,Ninguno de los anteriores,Mujer Cis,True
3266962.0,Semi-Senior,4,Terciario,Completo,".NET, C#, SQL",Hombre Cis,True
8472400.0,Senior,20,,,Javascript,Hombre Cis,True
2100000.0,Semi-Senior,4,,,Python,Hombre Cis,True
2500000.0,Senior,19,,,Ninguno de los anteriores,Hombre Cis,True
2800000.0,Semi-Senior,4,Terciario,En curso,"Go, Python",Hombre Cis,True
3800000.0,Senior,18,Universitario,Completo,"Bash/Shell, SQL",Hombre Cis,True
12000000.0,Senior,27,,,"Bash/Shell, terraform",Hombre Cis,True
6500000.0,Senior,7,Universitario,Completo,"CSS, HTML, Javascript, TypeScript",Hombre Cis,True
6500000.0,Senior,18,,,"CSS, HTML, Java, Javascript, PHP, Python, TypeScript",Hombre Cis,True
2400000.0,Junior,2,,,"HTML, Javascript, TypeScript",Hombre Cis,True
2639000.0,Senior,8,,,Ninguno de los anteriores,Mujer Cis,True
7000000.0,Senior,10,,,"CSS, HTML, SQL, TypeScript",Hombre Cis,True
1681232.55,Semi-Senior,3,,,"COBOL, Python, SQL",Mujer Cis,True
6319000.0,Senior,8,Universitario,En curso,"HTML, Javascript, Ruby",Hombre Cis,True
1000000.0,Semi-Senior,3,,,".NET, CSS, HTML, Javascript, TypeScript",Hombre Cis,True
5800000.0,Senior,7,Universitario,Incompleto,"Bash/Shell, CSS, HTML, Javascript, SQL, TypeScript",Hombre Cis,True
2288000.0,Senior,6,,,Ninguno de los anteriores,Mujer Cis,True
5500000.0,Semi-Senior,4,,,Python,Mujer Cis,True
1070082.0,Senior,7,Universitario,Incompleto,"Python, SQL",Hombre Cis,True
11500000.0,Senior,20,Maestría,Incompleto,"Python, SQL",Hombre Cis,True
10000000.0,Senior,20,Doctorado,Completo,"HTML, Javascript, Python, SQL",Hombre Cis,True
2000000.0,Semi-Senior,4,,,Ninguno de los anteriores,Mujer Cis,True
3300000.0,Senior,20,,,"Java, Javascript, PHP, SQL",Hombre Cis,True
2612000.0,Semi-Senior,4,,,"HTML, Javascript, Python, SQL, TypeScript",Mujer Cis,True
5200000.0,Senior,10,,,"Javascript, Python, SQL, TypeScript",Hombre Cis,True
8000000.0,Senior,19,,,"Bash/Shell, C++, Javascript, Python, TypeScript",Hombre Cis,True
500000.0,Semi-Senior,5,,,"Arduino, C++, COBOL, CSS, HTML, Javascript, PHP",Mujer Cis,True
5000000.0,Senior,10,Universitario,Completo,"CSS, Dart, Go, Javascript, Kotlin, Swift, TypeScript",Hombre Cis,True
850000.0,Semi-Senior,3,,,".NET, CSS, Javascript, PHP, Python, Solidity, TypeScript",Hombre Cis,True
6500000.0,Semi-Senior,5,,,"CSS, HTML, Javascript, Python, SQL, TypeScript",Hombre Cis,True
1300000.0,Semi-Senior,5,,,"SQL, VBA, Kornshell",Hombre Cis,True
5920000.0,Semi-Senior,4,Doctorado,Completo,"Bash/Shell, Python, SQL",Hombre Cis,True
7000000.0,Senior,12,,,"HTML, Java, Javascript",Hombre Cis,True
5400000.0,Semi-Senior,3,Universitario,Completo,Ninguno de los anteriores,Hombre Cis,True
2700000.0,Senior,15,,,"Python, SQL",Mujer Cis,True
3529000.0,Senior,20,,,Bash/Shell,Hombre Cis,True
2997000.0,Semi-Senior,4,,,"HTML, Javascript, TypeScript",Hombre Cis,True
4600000.0,Semi-Senior,5,,,"C, HTML, Javascript, Python, SQL, VBA",Hombre Cis,True
10355004.0,Senior,13,Terciario,Completo,"Javascript, PHP, TypeScript",Mujer Cis,True
6900000.0,Senior,8,Universitario,Completo,"C#, Go, Java, Javascript, PHP, TypeScript",Hombre Cis,True
4043830.99,Senior,7,Universitario,Incompleto,"Go, Java, Python, SQL",Hombre Cis,True
8145000.0,Senior,20,Universitario,Completo,Ninguno de los anteriores,Mujer Cis,True
11164000.0,Senior,38,Universitario,Completo,".NET, Bash/Shell, C, C#, Javascript, Smalltalk, SQL, TypeScript",Hombre Cis,True
5737140.0,Senior,30,,,"Bash/Shell, Python",Hombre Cis,True
5365000.0,Senior,13,,,Java,Hombre Cis,True
4300000.0,Semi-Senior,4,,,"Bash/Shell, HTML, Java, Javascript, PHP, Python, SQL",Hombre Cis,True
8609527.0,Senior,10,,,"Go, HTML, Java, Javascript, SQL",Hombre Cis,True
3400000.0,Senior,20,Maestría,Completo,"Java, Javascript, TypeScript",Hombre Cis,True
2838546.0,Senior,7,Posgrado/Especialización,Incompleto,"Python, SQL",Hombre Cis,True
3249400.0,Senior,7,,,"Bash/Shell, Python",Hombre Cis,True
11800000.0,Senior,18,,,"Bash/Shell, Javascript, SQL, TypeScript",Hombre Cis,True
2465000.0,Semi-Senior,3,,,"CSS, Go, HTML, PHP, TypeScript",Hombre Cis,True
8200000.0,Senior,27,Universitario,Incompleto,"Bash/Shell, Python, TypeScript",Hombre Cis,True
12100000.0,Senior,14,,,No soy perfil técnico,Mujer Cis,True
7000000.0,Senior,15,Universitario,Incompleto,"Bash/Shell, Groovy, Python",Hombre Cis,True
5061000.0,Semi-Senior,4,,,"CSS, Groovy, HTML, Java, Python",Hombre Cis,True
11994000.0,Senior,15,,,"CSS, Go, HTML, TypeScript",Hombre Cis,True
9500000.0,Senior,10,Universitario,Completo,"Bash/Shell, Python",Hombre Cis,True
3814728.0,Semi-Senior,5,Secundario,Completo,"CSS, HTML, Javascript, SQL, TypeScript",Hombre Cis,True
7250000.0,Senior,11,Universitario,Completo,"Bash/Shell, CSS, HTML, Javascript, Python, SQL, TypeScript",Hombre Cis,True
6800000.0,Senior,19,,,".NET, TypeScript",Hombre Cis,True
9970254.75,Senior,7,Maestría,En curso,"Python, SQL",Hombre Cis,True
8500000.0,Senior,13,,,"Javascript, PHP, SQL",Hombre Cis,True
6000000.0,Senior,13,Universitario,Incompleto,"Bash/Shell, HTML, SQL",Hombre Cis,True
6466839.0,Senior,7,,,Ninguno de los anteriores,Mujer Cis,True
3000000.0,Junior,2,,,"Bash/Shell, Python",Mujer Cis,True
2600000.0,Semi-Senior,5,,,"Javascript, Python, SQL",Mujer Cis,True
2500000.0,Senior,10,,,"Java, Javascript, SQL",Hombre Cis,True
2800000.0,Senior,6,,,"HTML, Javascript, Apex",Mujer Cis,True
1500000.0,Junior,2,Universitario,Completo,".NET, CSS, HTML, Javascript, Python, SQL, TypeScript",Mujer Cis,True
2000000.0,Junior,2,,,Ninguno de los anteriores,Mujer Cis,True
3705000.0,Semi-Senior,3,,,Ninguno de los anteriores,Mujer Cis,True
3600000.0,Semi-Senior,4,,,Bash/Shell,Trans,True
1294687.91,Junior,1,Terciario,Completo,"Javascript, Python, SQL, XML",Hombre Cis,True
2540000.0,Senior,16,,,Ninguno de los anteriores,Hombre Cis,True
9400000.0,Senior,18,Terciario,Completo,".NET, Bash/Shell, C++, C#, CSS, HTML, Javascript, Python, SQL, TypeScript",Hombre Cis,True
3100000.0,Semi-Senior,3,,,Ninguno de los anteriores,Hombre Cis,True
1800000.0,Senior,20,,,"Bash/Shell, Delphi, SQL",Hombre Cis,True
6600000.0,Senior,7,,,"ABAP, Javascript",Hombre Cis,True
5100000.0,Senior,15,,,Swift,Hombre Cis,True
13000000.0,Senior,16,Universitario,Completo,"Bash/Shell, Go, Python, Rust, SQL",Hombre Cis,True
7000000.0,Senior,13,,,"ABAP, CSS, Go, HTML, Javascript, SQL",Hombre Cis,True
1300000.0,Senior,12,,,SQL,Mujer Cis,True
749000.0,Senior,9,Universitario,Completo,"Python, SQL",Hombre Cis,True
4317811.0,Senior,6,Universitario,En curso,"Java, Javascript, TypeScript",Mujer Cis,True
3200000.0,Junior,2,,,Ninguno de los anteriores,Mujer Cis,True
7250000.0,Junior,2,,,"Bash/Shell, CSS, HTML, Javascript, Kotlin, Python, SQL, TypeScript",Mujer Cis,True
6500000.0,Senior,18,,,"Bash/Shell, CSS, Go, HTML, Java, Javascript, Kotlin, Python, SQL, TypeScript",Hombre Cis,True
16159000.0,Senior,18,,,"Bash/Shell, HTML, Python",Hombre Cis,True
4219000.0,Semi-Senior,4,,,"Python, SQL",Hombre Cis,True
6100500.0,Senior,6,Universitario,Completo,"Bash/Shell, Python",Queer,True
5600000.0,Senior,12,,,Ninguno de los anteriores,Mujer Cis,True
5000000.0,Senior,15,Universitario,Incompleto,"HTML, Java, Javascript, Python, SQL",Hombre Cis,True
6150000.0,Senior,6,,,"Bash/Shell, TypeScript",Hombre Cis,True
6700000.0,Senior,12,,,python,Mujer Cis,True
4529693.93,Senior,30,Universitario,Completo,"CSS, HTML, Java, Javascript, TypeScript",Hombre Cis,True
13000000.0,Senior,23,Universitario,Completo,"Javascript, Python, TypeScript",Hombre Cis,True
12700000.0,Senior,9,Posgrado/Especialización,Incompleto,"Bash/Shell, Go, Rust, SQL, TypeScript",Hombre Cis,True
7450000.0,Senior,6,,,"Groovy, HTML, Python, SQL",Trans,True
2476675.0,Semi-Senior,3,,,"Bash/Shell, Python, Ruby",Hombre Cis,True
3600000.0,Senior,20,Universitario,Completo,"HTML, Javascript, SQL, TypeScript",Hombre Cis,True
4550000.0,Senior,13,Universitario,Incompleto,Java,Mujer Cis,True
3800000.0,Semi-Senior,3,Secundario,Incompleto,"HTML, Javascript, TypeScript",Hombre Cis,True
1500000.0,Junior,0,,,"Python, SQL",Hombre Cis,True
7975000.0,Senior,13,Universitario,En curso,"CSS, HTML, Javascript, TypeScript",Hombre Cis,True
4612724.0,Senior,18,Universitario,Completo,"Bash/Shell, HTML, Javascript, Python, SQL",Hombre Cis,True
3793768.0,Senior,6,,,"CSS, HTML, Javascript, TypeScript",Hombre Cis,True
4500000.0,Semi-Senior,4,Universitario,Incompleto,"Javascript, SQL, TypeScript",Hombre Cis,True
6050000.0,Senior,20,Universitario,Completo,"CSS, Swift, TypeScript",Mujer Cis,True
3500400.0,Semi-Senior,5,,,"Bash/Shell, Python",Hombre Cis,True
14600000.0,Senior,21,Universitario,Completo,"Groovy, Java, SQL",Hombre Cis,True
4800000.0,Semi-Senior,3,Doctorado,En curso,"Python, SQL",Hombre Cis,True
3500000.0,Senior,15,,,".NET, C#, CSS, HTML, Javascript",Hombre Cis,True
3300000.0,Semi-Senior,3,Universitario,Completo,"Python, Verilog",Hombre Cis,True
5478000.0,Senior,6,Universitario,Incompleto,"Go, Java",Hombre Cis,True
920000.0,Junior,2,,,"Bash/Shell, CSS, HTML, Javascript, SQL",Hombre Cis,True
2650000.0,Senior,15,,,Python,Hombre Cis,True
3500000.0,Senior,8,,,"Java, Python",Hombre Cis,True
3500000.0,Senior,20,,,"Bash/Shell, Python",Hombre Cis,True
7100000.0,Senior,8,,,"CSS, HTML, Javascript, TypeScript",Mujer Cis,True
12090000.0,Senior,30,,,"Bash/Shell, Python, Rust",Hombre Cis,True
2809000.0,Senior,23,Universitario,Incompleto,Ninguno de los anteriores,Hombre Cis,True
8000000.0,Senior,10,,,Ninguno de los anteriores,Hombre Cis,True
8400000.0,Senior,13,,,"Javascript, Kotlin, TypeScript",Hombre Cis,True
3146000.0,Semi-Senior,3,Universitario,En curso,"CSS, HTML, Java, Javascript, TypeScript",Hombre Cis,True
4480000.0,Senior,6,,,Python,Mujer Cis,True
8000000.0,Senior,19,Universitario,Completo,"CSS, HTML, Java, Javascript, Kotlin",Mujer Cis,True
3565735.56,Senior,14,Posgrado/Especialización,Completo,".NET, SQL",Mujer Cis,True
4800000.0,Semi-Senior,4,Doctorado,Completo,"Python, R",Hombre Cis,True
1300000.0,Semi-Senior,3,,,Ninguno de los anteriores,Mujer Cis,True
9660800.0,Senior,10,,,"CSS, HTML, Javascript, PHP, Python, SQL",Hombre Cis,True
2600000.0,Semi-Senior,5,,,"Java, Javascript, Python, TypeScript",Hombre Cis,True
9000000.0,Senior,18,Universitario,Completo,Python,Hombre Cis,True
15876254.0,Senior,20,,,"CSS, Dart, HTML, Javascript, PHP, SQL",Hombre Cis,True
7700000.0,Senior,20,,,"Bash/Shell, Python",Hombre Cis,True
3128403.0,Semi-Senior,3,,,"Python, R, SQL",Hombre Cis,True
2100000.0,Semi-Senior,3,Universitario,Completo,"CSS, HTML, Javascript, Kotlin, PHP, Python, SQL",Hombre Cis,True
7083000.0,Senior,13,Universitario,Incompleto,"CSS, HTML, Javascript, TypeScript",Hombre Cis,True
4900000.0,Senior,8,,,"CSS, HTML, Java, Javascript, Kotlin, Scala, SQL, TypeScript",Hombre Cis,True
6000000.0,Senior,15,,,"CSS, HTML, Javascript, TypeScript",Hombre Cis,True
6559000.0,Senior,7,Terciario,Completo,"Java, Kotlin",Hombre Cis,True
4200000.0,Senior,8,,,Ninguno de los anteriores,Mujer Cis,True
1978579.0,Semi-Senior,4,,,"CSS, HTML, Javascript",Mujer Cis,True
8000000.0,Semi-Senior,5,,,"Go, Java",Hombre Cis,True
5000000.0,Senior,16,,,"Javascript, PHP, Python, Rust, Solidity, TypeScript",Hombre Cis,True
6380000.0,Senior,20,Universitario,Completo,"Bash/Shell, HTML, PHP, Python, SQL",Hombre Cis,True
10200000.0,Senior,6,Universitario,Completo,Go,Hombre Cis,True
12500000.0,Senior,25,,,"Bash/Shell, Python, SQL",Hombre Cis,True
5350000.0,Senior,20,Universitario,En curso,"Bash/Shell, HTML, Javascript, PHP, Python",Hombre Cis,True
1715000.0,Senior,7,Universitario,En curso,"C#, Python, R, SQL",Hombre Cis,True
13700000.0,Senior,19,Universitario,Completo,"Go, TypeScript",Hombre Cis,True
2000000.0,Semi-Senior,5,,,SQL,Mujer Cis,True
6500000.0,Senior,15,,,"Bash/Shell, C++, Elixir, HTML, Java, Javascript, TypeScript",Hombre Cis,True
5500000.0,Senior,23,,,"CSS, HTML, Javascript, PHP, SQL, TypeScript",Hombre Cis,True
3600000.0,Semi-Senior,4,,,"Python, SQL, VBA",Hombre Cis,True
8500000.0,Senior,24,,,"Bash/Shell, PHP, Python, SQL",Hombre Cis,True
5000000.0,Senior,10,,,"CSS, HTML",Hombre Cis,True
2932875.0,Semi-Senior,3,Universitario,Incompleto,"Bash/Shell, SQL",Hombre Cis,True
9100000.0,Semi-Senior,5,,,"Bash/Shell, C++, Go, Groovy, Perl, PHP, Python, R, SQL",Hombre Cis,True
5000000.0,Senior,30,Universitario,Completo,Java,Hombre Cis,True
2245000.0,Senior,6,,,"CSS, HTML, Javascript, Python, SQL, TypeScript",Hombre Cis,True
3005000.0,Senior,6,Universitario,En curso,Ninguno de los anteriores,Hombre Cis,True
3000000.0,Semi-Senior,4,Universitario,Completo,Ninguno de los anteriores,Hombre Cis,True
6000000.0,Senior,16,,,"Bash/Shell, Go, Python",Hombre Cis,True
11000000.0,Semi-Senior,5,Doctorado,Completo,"Javascript, Python, TypeScript",Hombre Cis,True
970000.0,Junior,0,,,"C#, Python, SQL",Mujer Cis,True
3400000.0,Senior,6,,,"Bash/Shell, Python",Hombre Cis,True
2200000.0,Semi-Senior,4,,,"Python, SQL",Mujer Cis,True
5200000.0,Senior,10,,,Ninguno de los anteriores,Hombre Cis,True
2534000.0,Semi-Senior,5,,,".NET, C#, CSS, HTML, Java, Javascript, SQL",Mujer Cis,True
3000000.0,Senior,14,,,Ruby,Hombre Cis,True
6000000.0,Senior,8,,,"Python, SQL",Mujer Cis,True
900000.0,Senior,6,,,"Java, Javascript, PHP, Python",Hombre Cis,True
6000000.0,Senior,7,Universitario,Incompleto,"Python, SQL",Hombre Cis,True
250000.0,Junior,0,Universitario,Incompleto,HTML,No binarie,True
1500000.0,Senior,20,,,Ninguno de los anteriores,Hombre Cis,True
2275623.0,Semi-Senior,3,,,".NET, Javascript, PHP, Python, SQL",Hombre Cis,True
5300000.0,Senior,15,,,PHP,Prefiero no decir,True
8850000.0,Senior,20,Universitario,Completo,".NET, C#, Javascript, TypeScript",Hombre Cis,True
2000000.0,Senior,15,,,"CSS, HTML, Javascript, PHP",Hombre Cis,True
6800000.0,Senior,7,,,Ninguno de los anteriores,Hombre Cis,True
3338000.0,Senior,19,,,"Bash/Shell, CSS, HTML, Perl, PHP, Python, SQL, VBA",Hombre Cis,True
7252100.0,Senior,6,,,Bash/Shell,Mujer Cis,True
2714916.47,Junior,1,Maestría,En curso,Python,Mujer Cis,True
2127500.0,Junior,2,Universitario,Incompleto,"Java, SQL",Hombre Cis,True
3650000.0,Senior,30,,,Ninguno de los anteriores,Hombre Cis,True
700000.0,Semi-Senior,4,,,"Java, Javascript, TypeScript",Hombre Cis,True
900000.0,Junior,1,Universitario,En curso,".NET, C#, SQL",Hombre Cis,True
8400000.0,Senior,20,,,"Python, SQL",Hombre Cis,True
2898000.0,Semi-Senior,4,,,SQL,Mujer Cis,True
3200000.0,Senior,8,Universitario,En curso,"Bash/Shell, Java, SQL, TypeScript",Hombre Cis,True
9800000.0,Senior,10,Universitario,Completo,Python,Mujer Cis,True
5800000.0,Semi-Senior,5,Universitario,Completo,"Bash/Shell, Python",Hombre Cis,True
2400000.0,Junior,1,,,Python,Mujer Cis,True
600000.0,Junior,2,,,"Arduino, C, C++, C#, HTML, Javascript, Python, SQL",Hombre Cis,True
4560271.0,Senior,20,Posgrado/Especialización,Completo,Ninguno de los anteriores,Mujer Cis,True
1700000.0,Senior,15,Universitario,Completo,"Bash/Shell, HTML, Javascript, PHP, Python, SQL, TypeScript",Hombre Cis,True
3427000.0,Semi-Senior,4,,,"CSS, HTML, TypeScript",Hombre Cis,True
6000000.0,Senior,20,Universitario,Completo,"Java, Scala",Hombre Cis,True
2510000.0,Senior,12,,,"Groovy, Java, Kotlin",Hombre Cis,True
685830.0,Junior,2,Universitario,Incompleto,"Java, Javascript, TypeScript",Hombre Cis,True
3500000.0,Senior,15,,,"CSS, HTML, Java, Javascript, Python, SQL, TypeScript",Queer,True
7264398.0,Senior,11,Universitario,Completo,"CSS, HTML, Javascript, PHP, SQL",Hombre Cis,True
4500000.0,Senior,15,,,Ninguno de los anteriores,Mujer Cis,True
9500000.0,Semi-Senior,4,Universitario,Completo,"Python, SQL, TypeScript",Hombre Cis,True
7000000.0,Semi-Senior,5,Universitario,Completo,Python,Hombre Cis,True
6600000.0,Senior,8,,,SQL,Mujer Cis,True
3300000.0,Senior,15,Terciario,Completo,Ninguno de los anteriores,Hombre Cis,True
4700100.0,Senior,6,,,"CSS, HTML, Javascript, TypeScript",Mujer Cis,True
2600959.0,Semi-Senior,3,,,Python,Mujer Cis,True
1197157.94,Junior,1,Terciario,Completo,Java,Hombre Cis,True
2000000.0,Senior,6,,,"HTML, Javascript, PHP, SQL",Hombre Cis,True
3738000.0,Senior,10,,,"Bash/Shell, Go, Python",Hombre Cis,True
17940000.0,Senior,15,,,"Python, SQL",Hombre Cis,True
2800000.0,Senior,7,,,R,Hombre Cis,True
3500000.0,Semi-Senior,5,Maestría,Completo,"Java, Javascript",Hombre Cis,True
5800000.0,Senior,7,Universitario,Incompleto,"Python, SQL",Hombre Cis,True
580000.0,Semi-Senior,4,,,"CSS, HTML, Javascript, SQL, TypeScript",Mujer Cis,True
7950000.0,Senior,30,,,Ninguno de los anteriores,Hombre Cis,True
1930357.0,Senior,6,Universitario,Completo,Python,Hombre Cis,True
2750000.0,Junior,2,,,Python,Hombre Cis,True
2000000.0,Senior,6,,,"Bash/Shell, Python",Hombre Cis,True
2950000.0,Semi-Senior,3,Doctorado,Completo,"Python, SQL",Hombre Cis,True
4768000.0,Senior,28,,,"Bash/Shell, Go, Groovy, Java, Python, SQL",Hombre Cis,True
1200000.0,Semi-Senior,4,,,"SQL, Python ",Mujer Cis,True
9100000.0,Senior,15,Terciario,Completo,"Bash/Shell, Python, SQL",Mujer Cis,True
5000000.0,Senior,25,,,,Hombre Cis,True
2533000.0,Senior,16,,,Ninguno de los anteriores,Hombre Cis,True
1850000.0,Junior,0,,,"HTML, Javascript, SQL, TypeScript",Hombre Cis,True
2100000.0,Semi-Senior,4,Universitario,Incompleto,Ninguno de los anteriores,Hombre Cis,True
14000000.0,Senior,25,Universitario,Completo,"Go, Javascript, Python, Rust, SQL, TypeScript",Hombre Cis,True
4000000.0,Senior,7,Universitario,Completo,"Go, Java, Python, SQL",Hombre Cis,True
3000000.0,Senior,10,,,Javascript,Hombre Cis,True
9240000.0,Senior,9,,,"Java, SQL",Hombre Cis,True
4750000.0,Senior,10,,,"CSS, HTML, Javascript, TypeScript",Hombre Cis,True
2300000.0,Semi-Senior,5,,,Ninguno de los anteriores,Hombre Cis,True
5090992.23,Semi-Senior,4,,,"Python, SQL, TypeScript",Hombre Cis,True
1450713.0,Semi-Senior,5,,,Ninguno de los anteriores,Mujer Cis,True
1800000.0,Semi-Senior,3,,,"C++, C#, CSS, HTML, Javascript, Kotlin, PHP",Mujer Cis,True
6368028.86,Semi-Senior,4,,,"Bash/Shell, Go, Java",Hombre Cis,True
11820000.0,Senior,15,,,Ninguno de los anteriores,Hombre Cis,True
3600000.0,Semi-Senior,3,Universitario,Completo,"Javascript, Python",Hombre Cis,True
4800000.0,Semi-Senior,4,Secundario,Completo,".NET, C#, CSS, HTML, Javascript, SQL",Hombre Cis,True
7000000.0,Senior,18,,,"Java, Python",Hombre Cis,True
10000000.0,Senior,8,Universitario,Completo,"Javascript, SQL, TypeScript",Mujer Cis,True
3600000.0,Senior,14,,,Python,Hombre Cis,True
10020885.0,Senior,6,Universitario,Incompleto,"Python, SQL",Hombre Cis,True
1722000.0,Junior,0,Universitario,En curso,Java,Hombre Cis,True
5600000.0,Senior,14,,,"CSS, HTML, Javascript, PHP",Hombre Cis,True
11000000.0,Senior,10,Universitario,Completo,"Bash/Shell, Python",Hombre Cis,True
2300000.0,Senior,8,,,Ninguno de los anteriores,Mujer Cis,True
1300000.0,Semi-Senior,3,Secundario,En curso,Python,Mujer Cis,True
3500000.0,Semi-Senior,4,,,"Python, SQL, TypeScript",Hombre Cis,True
895315.0,Semi-Senior,3,Secundario,Completo,".NET, Bash/Shell, CSS, HTML, Java, Javascript, SQL, TypeScript",Hombre Cis,True
2395938.0,Senior,10,,,"Java, SQL",Hombre Cis,True
1700000.0,Junior,2,,,Ninguno de los anteriores,Mujer Cis,True
2300000.0,Senior,15,Universitario,Completo,".NET, C#, Groovy, HTML, Javascript, SQL",Hombre Cis,True
2578000.0,Senior,15,,,".NET, C#, HTML, Java, Javascript, SQL, TypeScript",Hombre Cis,True
2800000.0,Senior,15,,,".NET, Bash/Shell, C#, CSS, Dart, Groovy, HTML, Java, Javascript, PHP, Python, R, Rust, SQL, TypeScript",Hombre Cis,True
1800000.0,Senior,20,Terciario,Completo,"Bash/Shell, Go, Ruby",Hombre Cis,True
4000000.0,Senior,15,,,"Bash/Shell, Groovy, Python",Hombre Cis,True
5000000.0,Semi-Senior,4,Universitario,Incompleto,"CSS, HTML, Javascript, SQL, TypeScript",Hombre Cis,True
4250000.0,Senior,10,,,"Go, HTML, Javascript, PHP, Python, SQL",Hombre Cis,True
6000000.0,Senior,6,Secundario,Completo,"Javascript, Python, TypeScript",Hombre Cis,True
4964000.0,Senior,25,Universitario,Incompleto,"Bash/Shell, C, Java, Perl, PHP, Python, SQL",Hombre Cis,True
2100000.0,Junior,1,,,"CSS, HTML, Javascript, SQL, TypeScript",Hombre Cis,True
2600000.0,Semi-Senior,4,,,Ninguno de los anteriores,Mujer Cis,True
1200000.0,Junior,2,,,Ninguno de los anteriores,Mujer Cis,True
4000000.0,Senior,10,,,"Bash/Shell, HTML, Java, Javascript, Python",Hombre Cis,True
8703330.0,Senior,10,Universitario,Incompleto,"Bash/Shell, Javascript, PHP, Python, SQL",Hombre Cis,True
2130000.0,Semi-Senior,3,Terciario,Completo,"Bash/Shell, Javascript, PHP, TypeScript",Hombre Cis,True
5103765.0,Senior,8,Universitario,En curso,".NET, C#, SQL",Hombre Cis,True
7250000.0,Senior,18,Universitario,Completo,"CSS, Go, HTML, Javascript, Kotlin, PHP",Hombre Cis,True
5287000.0,Senior,7,Universitario,Completo,"CSS, HTML, Javascript, Salesforce Apex, SOQL",Hombre Cis,True
2500000.0,Semi-Senior,4,,,Javascript,Hombre Cis,True
7293000.0,Senior,10,,,"Java, Python",Hombre Cis,True
9000000.0,Senior,25,,,Ninguno de los anteriores,Hombre Cis,True
7000000.0,Senior,7,,,"Python, SQL",Hombre Cis,True
7375000.0,Semi-Senior,4,,,"Bash/Shell, Go, Javascript, Python, SQL",Hombre Cis,True
8000000.0,Senior,6,Universitario,En curso,"Bash/Shell, C++, Python, SQL",Hombre Cis,True
3100000.0,Semi-Senior,3,,,TypeScript,Hombre Cis,True
15000000.0,Senior,20,,,"Python, SQL",Hombre Cis,True
6217650.0,Semi-Senior,3,Maestría,En curso,Python,Hombre Cis,True
7200000.0,Senior,11,Universitario,Incompleto,Bash/Shell,Hombre Cis,True
6800000.0,Senior,24,,,Ninguno de los anteriores,Mujer Cis,True
1500000.0,Semi-Senior,3,Terciario,En curso,".NET, CSS, HTML, Python",Mujer Cis,True
2800000.0,Semi-Senior,3,,,"Python, SQL",Mujer Cis,True
900000.0,Junior,1,Terciario,Completo,"CSS, HTML, Javascript, PHP",Hombre Cis,True
9300000.0,Senior,21,Universitario,Completo,"Bash/Shell, Java, PHP, Python",Mujer Cis,True
2400000.0,Junior,2,,,"Javascript, SQL",Hombre Cis,True
3000000.0,Senior,10,Maestría,Completo,"Bash/Shell, Python, SQL",Hombre Cis,True
3750000.0,Semi-Senior,3,,,"CSS, HTML, Javascript, SQL, TypeScript",Hombre Cis,True
6400000.0,Senior,10,,,"Python, SQL",Hombre Cis,True
7375000.0,Senior,10,Universitario,Completo,Ruby,Hombre Cis,True
3600000.0,Senior,16,Universitario,Incompleto,GENEXUS,Hombre Cis,True
9717500.0,Senior,6,Universitario,Completo,TypeScript,Hombre Cis,True
3456000.0,Senior,7,,,"Python, SQL",Mujer Cis,True
1800000.0,Semi-Senior,5,,,"Bash/Shell, HTML, Javascript, SQL, TypeScript",Hombre Cis,True
2000000.0,Senior,7,Universitario,En curso,"CSS, HTML, Python, SQL",Mujer Cis,True
4800000.0,Senior,9,,,Ninguno de los anteriores,Hombre Cis,True
1350000.0,Junior,1,Terciario,Completo,"Javascript, Python, SQL, TypeScript",Hombre Cis,True
4500000.0,Senior,18,Universitario,Completo,".NET, Bash/Shell, CSS, HTML, Javascript, TypeScript",Hombre Cis,True
4500000.0,Senior,27,,,Ninguno de los anteriores,Hombre Cis,True
2500000.0,Semi-Senior,4,Universitario,Incompleto,Python,Hombre Cis,True
5076749.0,Senior,10,Universitario,Completo,"Bash/Shell, Java, Javascript, TypeScript",Hombre Cis,True
3456000.0,Semi-Senior,3,Universitario,Incompleto,"Bash/Shell, Javascript, Python, SQL, TypeScript",Hombre Cis,True
2096580.0,Senior,10,Universitario,Incompleto,"CSS, HTML, Javascript, PHP",Hombre Cis,True
1800691.0,Semi-Senior,4,,,Javascript,Hombre Cis,True
7600000.0,Senior,13,Maestría,Completo,"CSS, Dart, Groovy, HTML, Java, Javascript, Python, SQL, TypeScript",Hombre Cis,True
1000000.0,Semi-Senior,3,,,".NET, CSS, HTML, Javascript, SQL, TypeScript",Hombre Cis,True
2990000.0,Senior,6,,,Ninguno de los anteriores,Mujer Cis,True
1700000.0,Junior,1,Universitario,Completo,"SQL, ",Mujer Cis,True
2500000.0,Semi-Senior,5,Terciario,Completo,"Bash/Shell, C#, Java, Javascript, Python, SQL",Hombre Cis,True
2200000.0,Senior,12,,,"CSS, HTML, Javascript, PHP, SQL",Hombre Cis,True
8037200.0,Senior,22,Universitario,Incompleto,"Bash/Shell, Python, SQL",Hombre Cis,True
10731000.0,Senior,12,,,"Go, Java, TypeScript",Hombre Cis,True
750000.0,Junior,0,,,Javascript,Hombre Cis,True
2000000.0,Junior,1,Terciario,Incompleto,"Python, SQL, XML,JSON",Hombre Cis,True
4343000.0,Senior,25,,,Ninguno de los anteriores,Hombre Cis,True
1800000.0,Semi-Senior,4,,,"Bash/Shell, HTML, Javascript, Python, SQL, TypeScript",Hombre Cis,True
6500000.0,Senior,7,,,TypeScript,Hombre Cis,True
8250000.0,Senior,6,Universitario,Incompleto,"Bash/Shell, Go, Python, TypeScript",Hombre Cis,True
2795000.0,Semi-Senior,3,Universitario,Completo,"HTML, SQL",Hombre Cis,True
3188462.64,Senior,19,,,Ninguno de los anteriores,Hombre Cis,True
4700000.0,Senior,11,Universitario,Incompleto,Ninguno de los anteriores,Mujer Cis,True
9000000.0,Senior,18,Maestría,Completo,"Bash/Shell, Go, HTML, Javascript, Python, TypeScript",Hombre Cis,True
1600000.0,Semi-Senior,5,,,SQL,Mujer Cis,True
7000000.0,Senior,10,Universitario,Completo,"Python, SQL",Hombre Cis,True
8300000.0,Senior,10,,,"Bash/Shell, Go, Javascript, PHP, Python, SQL, TypeScript",Hombre Cis,True
8000000.0,Senior,20,,,"C, C++, Elixir, Java, Javascript, TypeScript, d lang",Hombre Cis,True
8000000.0,Senior,18,Universitario,Completo,"Java, Scala",Hombre Cis,True
1000000.0,Semi-Senior,3,,,SQL,Mujer Cis,True
3600000.0,Senior,20,,,Ninguno de los anteriores,Hombre Cis,True
5000000.0,Senior,20,Maestría,Completo,"C, C++, Python",Mujer Cis,True
1300000.0,Semi-Senior,3,Terciario,En curso,Javascript,Mujer Cis,True
1600000.0,Semi-Senior,3,,,Java,Hombre Cis,True
3404000.0,Senior,6,,,SQL,Mujer Cis,True
6250000.0,Senior,16,,,"PHP, SQL",Hombre Cis,True
15000000.0,Senior,12,Universitario,Incompleto,"Python, SQL",Hombre Cis,True
2100000.0,Senior,10,,,".NET, C#, Javascript, SQL, TypeScript",Hombre Cis,True
4800000.0,Semi-Senior,4,,,"CSS, Javascript, SQL, TypeScript",Hombre Cis,True
800000.0,Senior,6,,,"CSS, HTML, Javascript, PHP, Python",Hombre Cis,True
2980000.0,Semi-Senior,5,Universitario,Incompleto,"Bash/Shell, Python, SQL",Hombre Cis,True
5750000.0,Senior,7,Terciario,Completo,".NET, Bash/Shell, CSS, HTML, Javascript, Kotlin, PHP, Python, SQL, TypeScript",Hombre Cis,True
3546700.0,Senior,25,Universitario,Incompleto,"Javascript, PHP",Hombre Cis,True
6300000.0,Senior,15,Universitario,Completo,Java,Hombre Cis,True
2039870.0,Semi-Senior,4,Universitario,Completo,Python,Hombre Cis,True
2914024.0,Senior,10,,,"CSS, HTML, Javascript, Python",Mujer Cis,True
11200000.0,Senior,30,,,".NET, Python, SQL, TypeScript",Hombre Cis,True
8500000.0,Senior,30,,,".NET, C#, CSS, HTML, TypeScript",Hombre Cis,True
9000000.0,Senior,13,,,".NET, HTML, Javascript, PHP, Python, Ruby, SQL, TypeScript",Hombre Cis,True
5280000.0,Senior,6,,,"Java, Javascript, SQL",Hombre Cis,True
8000000.0,Senior,13,,,".NET, Assembler, Bash/Shell, C++, C#, COBOL, Delphi, Go, Javascript, PHP, Python, Rust, SQL, TypeScript",Hombre Cis,True
8000000.0,Semi-Senior,4,,,Python,Hombre Cis,True
600000.0,Semi-Senior,3,Terciario,En curso,"CSS, Javascript, SQL",Hombre Cis,True
2400000.0,Senior,16,,,"Bash/Shell, Go, Groovy",Hombre Cis,True
4400000.0,Senior,11,,,".NET, C#, CSS, HTML, Javascript, Kotlin, Objective-C, SQL, Swift",Hombre Cis,True
4900000.0,Senior,20,,,"Dart, Kotlin",Hombre Cis,True
4500000.0,Senior,7,Universitario,Incompleto,"Python, SQL",Hombre Cis,True
2282642.0,Senior,20,,,Ninguno de los anteriores,Hombre Cis,True
2500000.0,Semi-Senior,3,Universitario,En curso,"Bash/Shell, Python",Hombre Cis,True
4500000.0,Senior,6,,,Bash/Shell,Hombre Cis,True
4648560.0,Semi-Senior,4,Universitario,Completo,Python,Hombre Cis,True
4200000.0,Semi-Senior,4,,,"Go, TypeScript, ",Hombre Cis,True
8814880.0,Semi-Senior,4,Universitario,En curso,"Bash/Shell, Javascript",Mujer Cis,True
4035000.0,Senior,10,,,Ninguno de los anteriores,Mujer Cis,True
400000.0,Junior,1,Terciario,En curso,"CSS, HTML, PHP, Python, SQL",Hombre Cis,True
4000000.0,Semi-Senior,5,,,".NET, C#, SQL",Hombre Cis,True
2785000.0,Semi-Senior,5,Terciario,Incompleto,".NET, Bash/Shell, Javascript, Python, SQL, TypeScript",Hombre Cis,True
5685799.0,Senior,7,Universitario,Incompleto,"Go, Javascript, Python, Ruby, SQL, TypeScript",Hombre Cis,True
11250000.0,Senior,10,,,"CSS, HTML, Javascript, TypeScript",Hombre Cis,True
11250000.0,Senior,27,Universitario,Completo,"Python, TypeScript",Hombre Cis,True
3450000.0,Senior,7,,,"CSS, Dart, HTML, Java, Javascript, Kotlin, SQL, Swift",Hombre Cis,True
1500000.0,Semi-Senior,3,,,"Javascript, PHP, TypeScript",Hombre Cis,True
4738800.0,Senior,11,Universitario,Completo,".NET, C#, CSS, HTML, Javascript, SQL, TypeScript",Hombre Cis,True
1800000.0,Senior,13,,,"CSS, HTML",Mujer Cis,True
3219000.0,Senior,6,Universitario,Completo,Ninguno de los anteriores,Mujer Cis,True
3500000.0,Senior,20,,,"Mojo, PHP, Ruby",Hombre Cis,True
5500000.0,Senior,8,,,"Go, Java, Kotlin",Hombre Cis,True
3212160.0,Semi-Senior,4,,,Kotlin,Hombre Cis,True
4232451.0,Senior,8,Universitario,Completo,"HTML, Python, SQL",Hombre Cis,True
4200000.0,Semi-Senior,4,,,"Javascript, Python",Mujer Cis,True
2091000.0,Senior,9,Terciario,Incompleto,Ninguno de los anteriores,Hombre Cis,True
9000000.0,Senior,15,Terciario,Completo,"C, COBOL, CSS, Go, HTML, Java, Javascript, Matlab, Python, R, Rust, Scala, SQL, TypeScript, VBA",Hombre Cis,True
3635000.0,Semi-Senior,4,,,"Go, Javascript, Python, TypeScript",Hombre Cis,True
2400000.0,Semi-Senior,4,Universitario,En curso,"Bash/Shell, CSS, HTML, Javascript, Ruby, SQL, TypeScript",Hombre Cis,True
1836000.0,Semi-Senior,4,,,"HTML, Java, Javascript, PHP, Python, SQL",Hombre Cis,True
10500000.0,Senior,16,Universitario,Completo,Python,Prefiero no decir,True
5046000.0,Semi-Senior,4,,,".NET, C#, CSS, HTML, Javascript, SQL",Hombre Cis,True
5800000.0,Senior,20,,,"Bash/Shell, Python, SQL",Hombre Cis,True
10430000.0,Senior,30,Maestría,Incompleto,".NET, Assembler, Bash/Shell, C, C++, C#, Clojure, COBOL, CSS, Dart, Delphi, Go, Elixir, Erlang, HTML, Java, Javascript, Kotlin, Objective-C, Perl, PHP, Python, Ruby, Rust, Scala, Smalltalk, SQL, TypeScript, VBA",Hombre Cis,True
9900000.0,Senior,27,,,".NET, Ruby",Hombre Cis,True
2600000.0,Senior,9,,,"HTML, Python",Hombre Cis,True
2809000.0,Junior,1,,,Ninguno de los anteriores,Hombre Cis,True
2544000.0,Senior,20,Universitario,Completo,".NET, C#, SQL",Hombre Cis,True
5618112.2,Senior,20,,,Javascript,Hombre Cis,True
7750000.0,Senior,11,,,"Javascript, Python, SQL",Hombre Cis,True
2890000.0,Semi-Senior,3,Universitario,Completo,Python,Mujer Cis,True
4650000.0,Senior,8,Universitario,Incompleto,"Bash/Shell, HTML, Python",Hombre Cis,True
5800000.0,Senior,19,,,".NET, C++, C#, CSS, Javascript, Python, SQL, TypeScript",Hombre Cis,True
2000000.0,Senior,7,Terciario,Completo,"Javascript, SQL, TypeScript",Hombre Cis,True
6900000.0,Semi-Senior,3,,,Bash/Shell,Hombre Cis,True
10000000.0,Senior,8,,,"Bash/Shell, Python, Rust, Scala, SQL, TypeScript",Hombre Cis,True
6000000.0,Semi-Senior,5,,,"Go, Python, SQL",Hombre Cis,True
2700000.0,Senior,7,Universitario,En curso,".NET, Bash/Shell, C#, CSS, HTML, Java, Javascript, SQL, TypeScript",Hombre Cis,True
4350000.0,Senior,8,Universitario,Incompleto,Ninguno de los anteriores,Hombre Cis,True
9810000.0,Senior,8,Universitario,Incompleto,"Go, Javascript, TypeScript",Hombre Cis,True
3800000.0,Senior,10,,,"Bash/Shell, Python",Hombre Cis,True
1900000.0,Senior,15,,,"CSS, HTML, Java, Javascript, TypeScript",Hombre Cis,True
7500000.0,Semi-Senior,3,Universitario,En curso,"Bash/Shell, Javascript, Python, Rust, SQL, TypeScript",Hombre Cis,True
5754689.0,Senior,8,,,SQL,Mujer Cis,True
3500000.0,Semi-Senior,3,,,Go,Hombre Cis,True
7000000.0,Senior,20,,,"CSS, Go, HTML, Javascript, Python",Hombre Cis,True
9000000.0,Semi-Senior,5,Posgrado/Especialización,Completo,"Bash/Shell, Python",Hombre Cis,True
7983217.0,Senior,16,Universitario,Completo,"Go, Java",Hombre Cis,True
3900000.0,Senior,15,,,ABAP,Hombre Cis,True
3100000.0,Semi-Senior,5,,,SQL,Hombre Cis,True
6000000.0,Senior,39,,,"C, Java, Javascript, Python, SQL",Hombre Cis,True
2322351.51,Semi-Senior,3,,,"HTML, Java, Javascript",Hombre Cis,True
3500000.0,Senior,10,,,"Go, HTML, Javascript, SQL",Prefiero no decir,True
3240000.0,Senior,19,Universitario,Completo,"Javascript, TypeScript",Mujer Cis,True
3920000.0,Semi-Senior,5,,,"Java, Python, SQL",Hombre Cis,True
4785000.0,Senior,12,,,Ninguno de los anteriores,Mujer Cis,True
3648587.0,Senior,6,,,".NET, C#, CSS, HTML, Javascript, SQL, TypeScript",Hombre Cis,True
10500000.0,Senior,20,,,Ninguno de los anteriores,Hombre Cis,True
2123055.0,Senior,9,Terciario,Completo,".NET, C#",Hombre Cis,True
4000000.0,Senior,17,,,"Java, Python, Rust, TypeScript",Hombre Cis,True
1800000.0,Junior,1,Doctorado,En curso,"Python, SQL",Hombre Cis,True
3000000.0,Senior,13,Universitario,Incompleto,"Bash/Shell, Go, Java, Javascript, Kotlin, PHP, Python, SQL, TypeScript",Hombre Cis,True
1860000.0,Semi-Senior,4,Universitario,En curso,"Python, SQL, TypeScript",Hombre Cis,True
1700000.0,Senior,10,,,Ninguno de los anteriores,Hombre Cis,True
8250000.0,Senior,7,,,Ninguno de los anteriores,Hombre Cis,True
1800000.0,Senior,13,Posgrado/Especialización,Completo,Ninguno de los anteriores,Mujer Cis,True
5500000.0,Senior,20,,,"Bash/Shell, C, C++, HTML, Java, Javascript, Perl, PHP, Python, SQL",Hombre Cis,True
3748776.0,Semi-Senior,5,Universitario,Incompleto,"CSS, Dart, Javascript, PHP, SQL",No binarie,True
3300000.0,Semi-Senior,4,Terciario,Completo,Ninguno de los anteriores,Mujer Cis,True
5625000.0,Semi-Senior,5,,,Ninguno de los anteriores,Hombre Cis,True
6700000.0,Senior,7,,,Ninguno de los anteriores,Mujer Cis,True
6750000.0,Senior,10,Maestría,Completo,Ninguno de los anteriores,Mujer Cis,True
1050000.0,Junior,2,Terciario,Incompleto,"CSS, HTML, Javascript",Hombre Cis,True
5400000.0,Semi-Senior,4,Secundario,Completo,"Javascript, Kotlin, TypeScript",Hombre Cis,True
4000000.0,Senior,15,Posgrado/Especialización,Completo,Ninguno de los anteriores,Mujer Cis,True
13000000.0,Senior,18,,,"Bash/Shell, CSS, HTML, Javascript, Ruby, SQL",Hombre Cis,True
6651000.0,Senior,7,,,"CSS, HTML, Javascript, TypeScript",Hombre Cis,True
1400000.0,Junior,2,,,"Javascript, PHP, Python, SQL, TypeScript",Hombre Cis,True
1652400.0,Senior,20,,,"Python, SQL",Hombre Cis,True
2700000.0,Senior,8,,,"HTML, Javascript",Hombre Cis,True
4380000.0,Senior,15,,,"Java, SQL",Hombre Cis,True
1600000.0,Senior,7,,,"C, C++, C#, PHP, SQL, VBA",Hombre Cis,True
7500000.0,Senior,15,,,Ninguno de los anteriores,Hombre Cis,True
5550000.0,Senior,10,,,"CSS, HTML, Javascript, SQL, TypeScript",Hombre Cis,True
7061161.0,Senior,15,,,"Python, SQL",Mujer Cis,True
2600000.0,Semi-Senior,4,,,Javascript,Hombre Cis,True
15000000.0,Senior,14,Universitario,Completo,"Javascript, Kotlin, SQL, TypeScript",Hombre Cis,True
2100000.0,Semi-Senior,4,,,"Go, Java, Python",Hombre Cis,True
5400000.0,Semi-Senior,4,,,SQL,Mujer Cis,True
1300000.0,Senior,20,Secundario,Completo,Ninguno de los anteriores,Hombre Cis,True
5500000.0,Senior,25,,,Ninguno de los anteriores,Hombre Cis,True
950000.0,Junior,2,,,"CSS, HTML, Javascript, PHP, SQL",Hombre Cis,True
4550000.0,Senior,9,,,Ninguno de los anteriores,Hombre Cis,True
4200000.0,Senior,10,Universitario,En curso,"Bash/Shell, CSS, HTML, Java, Javascript, PHP, Python, SQL",Hombre Cis,True
3000000.0,Semi-Senior,4,,,"CSS, HTML, Javascript",Mujer Cis,True
2000000.0,Senior,15,,,Bash/Shell,Hombre Cis,True
3080000.0,Senior,7,Universitario,Completo,"Bash/Shell, PHP, SQL, TypeScript",Hombre Cis,True
6271032.0,Senior,15,,,"CSS, HTML, Java, Javascript, TypeScript",Hombre Cis,True
2256000.0,Senior,6,,,"CSS, HTML, Javascript, Python, SQL, TypeScript",Hombre Cis,True
4000000.0,Senior,7,Secundario,Completo,"CSS, HTML, Javascript, PHP, SQL, TypeScript",Hombre Cis,True
1585349.0,Semi-Senior,4,,,"CSS, HTML, Javascript, PHP, SQL",Hombre Cis,True
11000000.0,Senior,22,,,"Python, SQL",Hombre Cis,True
7522000.0,Senior,17,Universitario,Completo,"Bash/Shell, Javascript, PHP, Python",Hombre Cis,True
5000000.0,Senior,14,,,"Javascript, TypeScript",Hombre Cis,True
9000000.0,Senior,20,Universitario,Incompleto,".NET, C#, CSS, HTML, Javascript, SQL, TypeScript",Hombre Cis,True
1700000.0,Semi-Senior,4,,,"Javascript, SQL, TypeScript",Mujer Cis,True
6400000.0,Senior,20,Universitario,Completo,Ninguno de los anteriores,Hombre Cis,True
9300000.0,Senior,7,,,"Python, SQL, TypeScript",Hombre Cis,True
1800000.0,Senior,35,,,Python,Hombre Cis,True
4098461.0,Semi-Senior,5,Terciario,Completo,Javascript,Hombre Cis,True
5000000.0,Senior,10,,,Ninguno de los anteriores,Hombre Cis,True
6000000.0,Senior,22,,,"Javascript, Python",Hombre Cis,True
2400000.0,Semi-Senior,3,,,"Bash/Shell, C++, HTML, Javascript, PHP, Python, SQL",Hombre Cis,True
9000000.0,Senior,10,,,"Javascript, PHP, TypeScript",Hombre Cis,True
3000000.0,Semi-Senior,4,Universitario,En curso,"HTML, Javascript, Python, SQL, TypeScript",Hombre Cis,True
6500000.0,Senior,25,,,"HTML, Javascript, PHP, SQL, TypeScript",Hombre Cis,True
3900000.0,Semi-Senior,5,,,Ninguno de los anteriores,Hombre Cis,True
1675000.0,Junior,2,Posgrado/Especialización,Completo,Ninguno de los anteriores,Mujer Cis,True
4800000.0,Senior,18,Universitario,Completo,"Javascript, Kotlin, SQL",Hombre Cis,True
7600000.0,Senior,6,,,"Javascript, Python, SQL, TypeScript",Hombre Cis,True
3000000.0,Semi-Senior,4,Universitario,En curso,"Bash/Shell, Kotlin, SQL",Hombre Cis,True
5125000.0,Semi-Senior,4,Terciario,Incompleto,"CSS, Go, HTML, Javascript, Python, SQL, TypeScript",Hombre Cis,True
5386395.0,Senior,13,Universitario,Completo,"Bash/Shell, Python",Hombre Cis,True
7000000.0,Senior,8,,,"Bash/Shell, Python, SQL",Hombre Cis,True
3400000.0,Senior,20,,,".NET, Javascript",Mujer Cis,True
6020000.0,Senior,8,Universitario,Incompleto,"CSS, HTML, Javascript, SQL, TypeScript",Hombre Cis,True
5000000.0,Senior,18,,,"Java, SQL",Prefiero no decir,True
9952800.0,Senior,20,Universitario,Completo,"Kotlin, Python, R",Hombre Cis,True
6800000.0,Senior,7,Universitario,Completo,"Python, SQL",Mujer Cis,True
19000000.0,Senior,15,,,"Python, Ruby",Hombre Cis,True
2000000.0,Senior,6,,,"CSS, HTML, Javascript, TypeScript",Hombre Cis,True
6000000.0,Senior,13,Universitario,Completo,"Bash/Shell, C, Python",Hombre Cis,True
7541338.0,Senior,30,,,"CSS, HTML, Javascript, PHP",Hombre Cis,True
7152000.0,Senior,18,,,"CSS, HTML, Javascript, SQL, TypeScript",Hombre Cis,True
4800000.0,Senior,13,,,Ninguno de los anteriores,Mujer Cis,True
2100000.0,Semi-Senior,3,,,Ninguno de los anteriores,Mujer Cis,True
10000000.0,Semi-Senior,4,Posgrado/Especialización,Completo,"Bash/Shell, Javascript, Python, SQL, TypeScript",Hombre Cis,True
4700000.0,Semi-Senior,5,,,"Python, Rust",Hombre Cis,True
9000000.0,Senior,20,Maestría,En curso,".NET, C#, HTML, Javascript, Python, SQL, TypeScript",Hombre Cis,True
8000000.0,Senior,20,,,"C#, Javascript, Python, Rust, SQL",Hombre Cis,True
1300000.0,Junior,1,,,"Bash/Shell, HTML, Javascript, PHP, Python, SQL, TypeScript",Hombre Cis,True
2610000.0,Semi-Senior,4,,,"Go, Javascript, PHP, SQL, TypeScript",Hombre Cis,True
6586000.0,Senior,8,Universitario,En curso,"CSS, HTML, Javascript, Ruby, TypeScript",Hombre Cis,True
6000000.0,Semi-Senior,5,,,Bash/Shell,Hombre Cis,True
6000000.0,Senior,15,,,"Java, Python, Rust, SQL",Prefiero no decir,True
7800000.0,Senior,12,,,"CSS, Javascript, PHP",Hombre Cis,True
1000000.0,Senior,10,,,ABAP,Hombre Cis,True
10000000.0,Senior,12,Universitario,Incompleto,Swift,Mujer Cis,True
3168245.0,Senior,7,,,Ninguno de los anteriores,Mujer Cis,True
3600000.0,Semi-Senior,5,,,"Python, SQL",Hombre Cis,True
1200000.0,Junior,0,,,Javascript,Mujer Cis,True
7500000.0,Senior,15,,,"Bash/Shell, SQL",Hombre Cis,True
4300000.0,Senior,30,,,".NET, ABAP, Assembler, C#, COBOL, Delphi, HTML, Java, Javascript, Matlab, PHP, Python, R, Ruby, SQL, VBA",Hombre Cis,True
6500000.0,Senior,20,,,"Go, HTML, Javascript, TypeScript",Hombre Cis,True
2400000.0,Senior,15,,,HTML,Mujer Cis,True
1800000.0,Senior,18,,,"Python, SQL, VBA",Hombre Cis,True
13000000.0,Senior,15,Terciario,Incompleto,"CSS, HTML, Javascript",Hombre Cis,True
1900000.0,Senior,8,,,".NET, C#, CSS, HTML, Javascript",Hombre Cis,True
2300000.0,Junior,2,Terciario,Completo,Ninguno de los anteriores,Mujer Cis,True
6076000.0,Semi-Senior,5,,,"CSS, HTML, Javascript, Rust, Solidity, SQL, TypeScript",Hombre Cis,True
6525000.0,Semi-Senior,5,Universitario,En curso,"CSS, HTML, Javascript, TypeScript",Hombre Cis,True
2800000.0,Semi-Senior,5,,,Ninguno de los anteriores,Mujer Cis,True
7700000.0,Senior,8,,,Kotlin,Hombre Cis,True
4800000.0,Senior,7,,,"CSS, HTML, Javascript, TypeScript",Hombre Cis,True
1197157.94,Junior,2,Terciario,Completo,"Java, SQL",Hombre Cis,True
5800000.0,Semi-Senior,4,,,"Go, Rust",Hombre Cis,True
4921000.0,Semi-Senior,5,Universitario,Completo,Ninguno de los anteriores,Mujer Cis,True
7980000.0,Senior,30,,,Ninguno de los anteriores,Hombre Cis,True
1881140.0,Semi-Senior,4,,,Python,Hombre Cis,True
3610481.0,Semi-Senior,4,,,"HTML, Javascript, SQL, TypeScript",Hombre Cis,True
3387834.0,Semi-Senior,5,Universitario,Incompleto,"Go, Java, Javascript, Python, SQL",Hombre Cis,True
4200000.0,Senior,6,,,"Go, Java, Javascript, Python, SQL, TypeScript",Hombre Cis,True
8960000.0,Senior,15,,,"Python, TypeScript",Hombre Cis,True
4992826.0,Senior,6,Posgrado/Especialización,Completo,"CSS, HTML, Javascript",Mujer Cis,True
4434000.0,Semi-Senior,5,Terciario,Completo,"Arduino, Bash/Shell, C, Go, HTML, Python, SQL",Hombre Cis,True
2034777.0,Senior,6,Terciario,Completo,".NET, C#, HTML, Javascript, Swift",Mujer Cis,True
13000000.0,Senior,25,,,"Java, Javascript, SQL, TypeScript",Hombre Cis,True
8200000.0,Semi-Senior,5,Terciario,Incompleto,"Go, PHP, Python, SQL",Hombre Cis,True
1800000.0,Junior,1,Universitario,Completo,Ninguno de los anteriores,Hombre Cis,True
970000.0,Junior,2,Terciario,En curso,"CSS, HTML, Javascript, SQL, liquid",Hombre Cis,True
8000000.0,Semi-Senior,5,Maestría,En curso,"Python, SQL",Mujer Cis,True
4800000.0,Semi-Senior,4,Secundario,Completo,".NET, C#, CSS, HTML, Javascript, SQL",Hombre Cis,True
1500000.0,Semi-Senior,4,,,"Bash/Shell, HTML, Javascript, Python, SQL, TypeScript",Hombre Cis,True
3000000.0,Senior,24,,,"CSS, HTML, Javascript, PHP, Python, SQL",Hombre Cis,True
9000000.0,Senior,12,,,Javascript,Hombre Cis,True
8000000.0,Senior,10,,,"Go, Java, Rust",Mujer Cis,True
10000000.0,Senior,12,,,"CSS, HTML, Java, Javascript, SQL, TypeScript",Prefiero no decir,True
7250000.0,Senior,8,,,"CSS, HTML, Javascript, TypeScript",Mujer Cis,True
2600000.0,Semi-Senior,4,,,Ninguno de los anteriores,Hombre Cis,True
5100000.0,Junior,2,Universitario,En curso,Ninguno de los anteriores,Hombre Cis,True
2582000.0,Semi-Senior,3,,,"Python, SQL",Hombre Cis,True
5000000.0,Senior,20,Universitario,Incompleto,".NET, C#, Javascript, SQL, TypeScript",Hombre Cis,True
4800000.0,Semi-Senior,5,,,"Javascript, Python",Hombre Cis,True
7100000.0,Senior,21,,,"Python, TypeScript",Hombre Cis,True
3133200.0,Senior,19,,,"CSS, HTML, Javascript, PHP, SQL",Hombre Cis,True
5521468.0,Senior,15,,,"Javascript, TypeScript",Hombre Cis,True
3800000.0,Semi-Senior,5,,,"Bash/Shell, Java, Javascript, Python, SQL",Hombre Cis,True
1700000.0,Senior,18,,,"Java, SQL",Hombre Cis,True
3668000.0,Senior,7,,,Ninguno de los anteriores,Hombre Cis,True
2300000.0,Semi-Senior,4,Universitario,En curso,Java,Hombre Cis,True
3200000.0,Senior,12,,,"CSS, HTML, Javascript, Python",Mujer Cis,True
3300000.0,Semi-Senior,4,,,Python,Hombre Cis,True
6092000.0,Senior,6,Universitario,En curso,Java,Hombre Cis,True
2585000.0,Senior,6,,,"CSS, HTML, Javascript, PHP, TypeScript",Hombre Cis,True
1100000.0,Semi-Senior,5,,,"Python, SQL",Hombre Cis,True
4944960.0,Senior,23,,,"Bash/Shell, Python",Hombre Cis,True
4200000.0,Senior,16,,,Ninguno de los anteriores,Hombre Cis,True
6000000.0,Senior,15,,,".NET, C#, HTML",Hombre Cis,True
4000000.0,Senior,19,Terciario,Completo,"Bash/Shell, CSS, HTML, Javascript, PHP, Python, SQL, TypeScript",Mujer Cis,True
2500000.0,Senior,10,,,Ninguno de los anteriores,Mujer Cis,True
5800000.0,Senior,25,,,"C#, COBOL, Java, SQL",Hombre Cis,True
6400000.0,Senior,12,,,".NET, C++, Python",Hombre Cis,True
7000000.0,Senior,7,,,TypeScript,Hombre Cis,True
12600000.0,Senior,11,,,TypeScript,Mujer Cis,True
15000000.0,Senior,7,,,"Bash/Shell, Python, SQL",Hombre Cis,True
3200000.0,Senior,8,Universitario,Completo,Ninguno de los anteriores,Hombre Cis,True
3700000.0,Semi-Senior,5,,,"CSS, HTML, Javascript",Hombre Cis,True
620000.0,Junior,0,Universitario,Incompleto,HTML,No binarie,True
6500000.0,Senior,8,Universitario,Completo,"Javascript, TypeScript",Hombre Cis,True
6574000.0,Semi-Senior,5,Universitario,Completo,"Python, SQL",Hombre Cis,True
3000000.0,Senior,15,,,"Bash/Shell, CSS, HTML, Javascript, Python, TypeScript",Hombre Cis,True
2000000.0,Senior,10,Universitario,En curso,"PHP, SQL",Hombre Cis,True
7400000.0,Senior,8,Universitario,Completo,"Java, Kotlin, Python",Hombre Cis,True
7650000.0,Senior,6,Posgrado/Especialización,En curso,"Bash/Shell, Go, Python",Hombre Cis,True
5610000.0,Senior,8,,,"Javascript, TypeScript",Hombre Cis,True
2800000.0,Senior,6,Universitario,Completo,"HTML, Ruby",Mujer Cis,True
2568498.0,Junior,1,,,"Bash/Shell, Javascript, Python, SQL, TypeScript",Hombre Cis,True
2500000.0,Senior,10,,,VBA,Hombre Cis,True
1610000.0,Junior,0,Universitario,En curso,"Python, SQL",Hombre Cis,True
800000.0,Junior,2,,,Python,Hombre Cis,True
2300000.0,Semi-Senior,5,,,Ninguno de los anteriores,Hombre Cis,True
2830000.0,Senior,20,,,Bash/Shell,Hombre Cis,True
7175000.0,Senior,15,Posdoctorado,Completo,"Bash/Shell, C, C++, Python",Hombre Cis,True
5300000.0,Senior,20,,,"Groovy, Java, Kotlin, Python, Scala",Mujer Cis,True
14245000.0,Senior,9,Posgrado/Especialización,Incompleto,"Bash/Shell, Go, Rust, TypeScript",Hombre Cis,True
12800000.0,Senior,20,,,".NET, ABAP, Bash/Shell, C, C++, C#, CSS, Java, Javascript, Kotlin, Python, Ruby",Hombre Cis,True
4350000.0,Senior,32,,,"C#, Java, Javascript, Python, SQL, VBA",Hombre Cis,True
4375846.0,Semi-Senior,5,Universitario,En curso,"Go, Python, TypeScript",Hombre Cis,True
9300000.0,Senior,6,Universitario,Completo,"Javascript, Python",Hombre Cis,True
3952000.0,Semi-Senior,4,,,SQL,Hombre Cis,True
14500000.0,Senior,16,Universitario,Completo,"Javascript, SQL, TypeScript",Hombre Cis,True
6551000.0,Semi-Senior,5,,,"Go, Java",Hombre Cis,True
5183266.0,Senior,25,Universitario,Completo,Java,Hombre Cis,True
3000000.0,Senior,10,,,Ninguno de los anteriores,Mujer Cis,True
7000000.0,Senior,10,,,"HTML, Javascript, Python",Hombre Cis,True
3000000.0,Senior,25,,,"Bash/Shell, HTML, Javascript, Perl, PHP, Python, SQL",Hombre Cis,True
3600000.0,Senior,13,,,Ninguno de los anteriores,Mujer Cis,True
14000000.0,Senior,22,Universitario,Completo,"Bash/Shell, Groovy, Java",Hombre Cis,True
4900000.0,Semi-Senior,4,Universitario,Completo,"CSS, HTML, Javascript, TypeScript",Hombre Cis,True
4300000.0,Semi-Senior,5,Universitario,Completo,"Kotlin, SQL, TypeScript",Hombre Cis,True
6743000.0,Senior,7,Terciario,Completo,"Bash/Shell, Kotlin",Hombre Cis,True
2677750.0,Semi-Senior,5,Universitario,Incompleto,"Javascript, Ruby, TypeScript",Hombre Cis,True
3450000.0,Junior,2,,,SystemVerilog,Hombre Cis,True
10052126.0,Senior,30,Maestría,Completo,"CSS, Dart, Go, Elixir, Erlang, HTML, Java, Javascript, PHP, Python, SQL, TypeScript",Hombre Cis,True
1275375.0,Senior,7,,,"Ruby, TypeScript",Mujer Cis,True
1600000.0,Semi-Senior,3,Terciario,Completo,"CSS, HTML, Javascript, PHP, TypeScript",No binarie,True
3686400.0,Semi-Senior,4,,,"Bash/Shell, Go, Python, TypeScript",Hombre Cis,True
5000000.0,Junior,1,,,"Bash/Shell, Python",Mujer Cis,True
4500000.0,Senior,15,,,"Javascript, TypeScript",Mujer Cis,True
1750000.0,Senior,12,,,".NET, CSS, HTML, Javascript, SQL",Hombre Cis,True
4400000.0,Senior,12,,,"Bash/Shell, COBOL, Python, SQL",Hombre Cis,True
2280000.0,Senior,20,,,"CSS, HTML, Javascript, PHP",Mujer Cis,True
5367600.0,Senior,17,Terciario,Completo,".NET, C#, CSS, HTML, Javascript, SQL",Hombre Cis,True
10500000.0,Senior,6,,,"Solidity, TypeScript",Hombre Cis,True
8200000.0,Senior,6,,,"Javascript, Perl, PHP, Python, SQL",Hombre Cis,True
4500000.0,Junior,0,,,Bash/Shell,Hombre Cis,True
9000000.0,Senior,30,Posgrado/Especialización,Completo,"Bash/Shell, PHP, Python, SQL",Hombre Cis,True
3662500.0,Senior,7,,,"CSS, HTML, Javascript, Solidity, TypeScript",Hombre Cis,True
11000000.0,Senior,19,,,"Python, SQL",Hombre Cis,True
4516000.0,Senior,12,,,"Java, Javascript",Hombre Cis,True
2970000.0,Senior,10,,,"Bash/Shell, Python",Hombre Cis,True
3000000.0,Senior,15,Universitario,Incompleto,Ninguno de los anteriores,Hombre Cis,True
2100000.0,Senior,27,,,HTML,Mujer Cis,True
2590000.0,Senior,15,,,Ninguno de los anteriores,Mujer Cis,True
10580000.0,Senior,12,,,Python,Hombre Cis,True
6750000.0,Senior,8,,,"Java, Javascript, Python, SQL, TypeScript",Hombre Cis,True
4200000.0,Senior,15,,,"CSS, HTML, PHP, TypeScript",Hombre Cis,True
7000000.0,Senior,7,,,"Bash/Shell, Go, Python, SQL",Hombre Cis,True
5100000.0,Semi-Senior,5,,,"Python, Rust, SQL",Hombre Cis,True
2863428.0,Semi-Senior,4,,,".NET, C#, CSS, HTML, Javascript, SQL",Hombre Cis,True
2708822.0,Senior,8,Terciario,Completo,"Bash/Shell, Javascript, Python",Hombre Cis,True
4600000.0,Senior,6,,,"Python, SQL",Mujer Cis,True
5000000.0,Semi-Senior,5,,,"HTML, Javascript, SQL, TypeScript",Hombre Cis,True
7500000.0,Senior,10,Maestría,Incompleto,"Python, SQL",Hombre Cis,True
5500000.0,Senior,8,,,"Bash/Shell, Python",Hombre Cis,True
3400000.0,Senior,6,,,"Python, Rust",Hombre Cis,True
4200000.0,Semi-Senior,4,,,"Javascript, Python, SQL",Hombre Cis,True
5000000.0,Senior,15,,,"CSS, HTML, Javascript",Hombre Cis,True
4368524.0,Semi-Senior,5,,,"C++, HTML, Java, Javascript, Python, SQL, TypeScript",Hombre Cis,True
3000000.0,Semi-Senior,4,,,Python,Mujer Cis,True
3600000.0,Semi-Senior,4,Universitario,Incompleto,"Javascript, TypeScript",Hombre Cis,True
15000000.0,Senior,11,,,"Javascript, Python, SQL",Hombre Cis,True
12479833.0,Senior,13,,,"Python, SQL",Hombre Cis,True
3800000.0,Semi-Senior,3,,,"Bash/Shell, CSS, HTML, Javascript, Python, SQL, TypeScript",Hombre Cis,True
4600000.0,Senior,9,,,Go,Mujer Cis,True
6964610.0,Senior,8,,,SQL,Mujer Cis,True
2000000.0,Semi-Senior,3,,,".NET, Javascript",Hombre Cis,True
820000.0,Junior,0,Posgrado/Especialización,Completo,SQL,Hombre Cis,True
1120000.0,Senior,20,,,"CSS, HTML, Javascript, SQL, TypeScript",Hombre Cis,True
2370000.0,Semi-Senior,4,,,"HTML, Python, SQL, Qlik, Powerbi",Hombre Cis,True
7067000.0,Senior,12,Terciario,Completo,"Bash/Shell, Javascript, Python, SQL, TypeScript",Hombre Cis,True
3668491.0,Semi-Senior,5,,,"HTML, Java, Javascript, Python, SQL, TypeScript",Hombre Cis,True
14900000.0,Senior,10,Universitario,Incompleto,"CSS, HTML, Javascript, Ruby, SQL, TypeScript",Hombre Cis,True
3600000.0,Senior,22,,,"Bash/Shell, Python",Hombre Cis,True
5000000.0,Senior,20,,,"HTML, Javascript, TypeScript",Hombre Cis,True
5240000.0,Senior,8,,,"CSS, HTML, Javascript, SQL, TypeScript",Hombre Cis,True
3124906.0,Semi-Senior,4,,,"Python, SQL",Hombre Cis,True
3440000.0,Semi-Senior,4,,,"Java, Javascript, TypeScript",Hombre Cis,True
10500000.0,Senior,15,,,"Javascript, TypeScript",Hombre Cis,True
2950000.0,Semi-Senior,4,,,"Bash/Shell, Go, PHP, Python, TypeScript",Hombre Cis,True
4800000.0,Semi-Senior,4,,,"Bash/Shell, Python",Hombre Cis,True
4500000.0,Senior,25,,,"C++, Delphi",Hombre Cis,True
8000000.0,Senior,28,,,"Bash/Shell, Python",Hombre Cis,True
3812000.0,Senior,15,Universitario,Completo,Ninguno de los anteriores,Hombre Cis,True
7000000.0,Senior,19,,,".NET, Bash/Shell, C#, CSS, HTML, Javascript, Python, SQL, TypeScript",Hombre Cis,True
2000000.0,Senior,10,,,"CSS, HTML, Javascript, PHP",Hombre Cis,True
3463000.0,Senior,15,,,"CSS, HTML, Javascript, TypeScript",Prefiero no decir,True
4000000.0,Senior,8,,,Ninguno de los anteriores,Hombre Cis,True
1882164.0,Senior,7,,,Python,Hombre Cis,True
2300000.0,Semi-Senior,3,Universitario,Completo,Javascript,Hombre Cis,True
10500000.0,Senior,15,,,"HTML, Javascript, Python, SQL, TypeScript",Prefiero no decir,True
3056135.0,Senior,10,,,"HTML, Javascript, TypeScript",Hombre Cis,True
3300000.0,Semi-Senior,5,,,Python,Mujer Cis,True
12943000.0,Senior,20,,,"Bash/Shell, Java, Python, SQL, TypeScript",Hombre Cis,True
9781395.88,Semi-Senior,3,,,"Go, HTML, Java, Javascript, Python",No binarie,True
4000000.0,Semi-Senior,4,,,"PHP, Python, SQL, TypeScript",Hombre Cis,True
2250000.0,Junior,1,,,"HTML, Python",Mujer Cis,True
6735289.66,Senior,21,,,"CSS, HTML, Javascript",Hombre Cis,True
3825000.0,Semi-Senior,5,Universitario,Completo,"Go, Javascript, SQL, Swift, TypeScript",Hombre Cis,True
8200000.0,Semi-Senior,4,Universitario,En curso,"HTML, Javascript, Python, SQL, TypeScript",Hombre Cis,True
4500000.0,Senior,10,Universitario,Completo,"C++, Go, Java, Javascript",Hombre Cis,True
14000000.0,Senior,20,Universitario,Incompleto,"Bash/Shell, Javascript, SQL",Hombre Cis,True
11000000.0,Senior,15,,,"Bash/Shell, Javascript, Python, Rust",Hombre Cis,True
1600000.0,Senior,7,,,Bash/Shell,Hombre Cis,True
6750000.0,Semi-Senior,5,,,"Javascript, Kotlin, Swift, TypeScript",Hombre Cis,True
6934413.0,Senior,7,Universitario,Incompleto,"Java, Javascript, Kotlin, Python, SQL, TypeScript",Hombre Cis,True
2992500.0,Junior,2,Universitario,Completo,"Go, HTML, SQL",Mujer Cis,True
13275000.0,Senior,10,,,"CSS, HTML, Javascript, TypeScript",Hombre Cis,True
4317811.0,Senior,6,,,"Java, Javascript, SQL, TypeScript",Mujer Cis,True
2400000.0,Semi-Senior,5,,,Swift,Hombre Cis,True
15000000.0,Senior,30,,,Ninguno de los anteriores,Hombre Cis,True
3500000.0,Semi-Senior,3,,,"CSS, HTML, Javascript, TypeScript",Hombre Cis,True
1000000.0,Junior,0,,,Ninguno de los anteriores,Mujer Cis,True
8107993.0,Senior,29,Terciario,Completo,"Bash/Shell, Go, HTML, Java, Javascript, Python, Solidity, SQL",Hombre Cis,True
3646400.0,Senior,18,,,Ninguno de los anteriores,Hombre Cis,True
14600000.0,Senior,10,Universitario,En curso,"Go, Python, Scala",Hombre Cis,True
3255000.0,Senior,7,,,HTML,Hombre Cis,True
1950000.0,Senior,19,,,"Python, SQL",Hombre Cis,True
11840000.0,Senior,7,Universitario,Completo,"Kotlin, SQL, TypeScript",Hombre Cis,True
3500000.0,Semi-Senior,5,Universitario,En curso,"Bash/Shell, HTML, Java, PHP, Python",Hombre Cis,True
3500000.0,Senior,10,Universitario,Incompleto,"PHP, SQL",Hombre Cis,True
6196702.0,Senior,7,,,"Bash/Shell, Java, Kotlin",Hombre Cis,True
4043305.0,Senior,20,,,"CSS, HTML, Javascript",Hombre Cis,True
900000.0,Semi-Senior,3,Secundario,Completo,"CSS, HTML, Java, Javascript, SQL, TypeScript",Hombre Cis,True
2200000.0,Junior,0,Terciario,En curso,"Javascript, TypeScript",Trans,True
12298000.0,Senior,25,,,"Bash/Shell, Groovy, HTML, PHP, Python, SQL",Hombre Cis,True
4300000.0,Senior,9,,,"Bash/Shell, Java, Javascript, Kotlin, SQL, TypeScript",Hombre Cis,True
2100000.0,Junior,2,Universitario,Completo,"CSS, HTML, Javascript",Hombre Cis,True
5624750.0,Senior,7,Universitario,En curso,"CSS, Go, HTML, Javascript, Python, SQL, TypeScript",No binarie,True
9500000.0,Senior,20,,,"Bash/Shell, Javascript, Python",Hombre Cis,True
12000000.0,Senior,13,Terciario,Completo,"ABAP, Assembler, C, C++, COBOL, Go, Matlab, PHP, Python, R, Ruby, Rust, Scala, SQL, TypeScript, VBA",Hombre Cis,True
3500000.0,Semi-Senior,3,,,Ninguno de los anteriores,Mujer Cis,True
13690000.0,Senior,25,Posgrado/Especialización,Completo,"Bash/Shell, HTML, Javascript, Python, TypeScript, HLC (Terraform)",Hombre Cis,True
5200000.0,Senior,11,Universitario,Incompleto,"Bash/Shell, Go, Python",Hombre Cis,True
1421000.0,Junior,2,Terciario,Completo,"CSS, HTML, Javascript, PHP, Python, Swift, TypeScript",Hombre Cis,True
3900000.0,Senior,10,,,Ninguno de los anteriores,Hombre Cis,True
3400000.0,Senior,20,,,"Arduino, Bash/Shell, C, C#, COBOL, HTML, Python, SQL",Hombre Cis,True
1628000.0,Semi-Senior,3,,,Javascript,Hombre Cis,True
400000.0,Senior,12,,,Python,Prefiero no decir,True
760000.0,Junior,1,Universitario,Completo,Ninguno de los anteriores,Mujer Cis,True
3076700.0,Senior,10,Terciario,Completo,"CSS, HTML, Javascript, PHP, TypeScript",Hombre Cis,True
6200000.0,Senior,14,,,".NET, Bash/Shell, C, C++, C#, CSS, Dart, Go, Elixir, HTML, Java, Javascript, Python, SQL, TypeScript",Hombre Cis,True
4598456.0,Senior,12,,,"HTML, Javascript",Mujer Cis,True
3000000.0,Semi-Senior,4,,,"Go, Python, R, SQL",Hombre Cis,True
10000000.0,Senior,15,,,"Javascript, TypeScript",Hombre Cis,True
4840000.0,Senior,8,Universitario,Incompleto,"Bash/Shell, CSS, Java, Javascript, SQL, TypeScript",Queer,True
600000.0,Senior,15,,,"Bash/Shell, CSS, HTML, Python, R, SQL, TypeScript",Hombre Cis,True
12460000.0,Senior,16,,,"Bash/Shell, Go, Python",Hombre Cis,True
7200000.0,Senior,12,,,"CSS, HTML, Javascript, TypeScript",Hombre Cis,True
3500000.0,Semi-Senior,5,,,"HTML, Javascript, PHP, TypeScript",Hombre Cis,True
3750000.0,Semi-Senior,4,,,"Javascript, Python, SQL, TypeScript",Hombre Cis,True
5000000.0,Senior,9,,,Ninguno de los anteriores,Mujer Cis,True
5510000.0,Senior,10,Terciario,Completo,"C#, Python, TypeScript",Hombre Cis,True
1900000.0,Semi-Senior,3,,,"CSS, HTML, Javascript, TypeScript",Hombre Cis,True
14500000.0,Senior,20,,,"Javascript, Python",Hombre Cis,True
2200000.0,Senior,7,,,SQL,Hombre Cis,True
3100000.0,Semi-Senior,3,Universitario,En curso,"Bash/Shell, Javascript, Python",Hombre Cis,True
2200000.0,Semi-Senior,3,,,"Dart, SQL",Mujer Cis,True
7050000.0,Senior,6,Universitario,Incompleto,Java,Hombre Cis,True
1600000.0,Semi-Senior,4,,,"HTML, Java, Javascript, Python",Mujer Cis,True
2300000.0,Semi-Senior,5,,,"Java, Python, TypeScript",Hombre Cis,True
2800000.0,Semi-Senior,3,,,Ninguno de los anteriores,Hombre Cis,True
5000000.0,Senior,11,,,"CSS, HTML, Javascript, TypeScript",Hombre Cis,True
1200000.0,Semi-Senior,3,,,SQL,Mujer Cis,True
350000.0,Senior,10,Universitario,Incompleto,Ninguno de los anteriores,Hombre Cis,True
4278152.0,Semi-Senior,4,,,Python,Hombre Cis,True
3900000.0,Semi-Senior,3,,,"Java, Javascript, Apex",Hombre Cis,True
4490000.0,Senior,26,Universitario,Completo,"Bash/Shell, Delphi, PHP, Python, SQL",Hombre Cis,True
2550000.0,Semi-Senior,5,,,"Javascript, Python, SQL, TypeScript",Hombre Cis,True
6498100.0,Senior,15,,,"C, C++",Hombre Cis,True
4000000.0,Senior,6,,,"HTML, Java, Javascript, TypeScript",Hombre Cis,True
1150000.0,Junior,1,Terciario,En curso,Bash/Shell,Hombre Cis,True
9000000.0,Semi-Senior,4,Maestría,Incompleto,"Python, SQL",Hombre Cis,True
5197489.0,Senior,14,,,Swift,Hombre Cis,True
4355500.0,Senior,6,,,"Javascript, PHP, Python, SQL, TypeScript",Hombre Cis,True
2440000.0,Senior,8,,,Ninguno de los anteriores,Hombre Cis,True
7339428.0,Senior,15,,,Ninguno de los anteriores,Hombre Cis,True
3900000.0,Senior,8,Universitario,Incompleto,"Javascript, SQL, TypeScript",Hombre Cis,True
3900000.0,Senior,7,,,".NET, C#, HTML, Javascript, TypeScript",Hombre Cis,True
2800000.0,Senior,25,,,"Arduino, Assembler, COBOL, HTML, Java, SQL, VBA",Hombre Cis,True
5000000.0,Senior,7,,,"Javascript, TypeScript",Hombre Cis,True
8000000.0,Senior,20,,,Ninguno de los anteriores,Hombre Cis,True
4350000.0,Semi-Senior,5,Terciario,En curso,SQL,Mujer Cis,True
4516000.0,Senior,25,Terciario,Completo,"CSS, HTML, Javascript, Python, Visual Fox Pro",Hombre Cis,True
3200000.0,Semi-Senior,4,Universitario,Completo,"CSS, HTML, SQL",Mujer Cis,True
369000.0,Senior,9,Terciario,Completo,"Bash/Shell, Ruby",Hombre Cis,True
3450000.0,Senior,8,Posgrado/Especialización,Completo,Ninguno de los anteriores,Mujer Cis,True
1948000.0,Junior,2,,,SQL,Mujer Cis,True
2700000.0,Semi-Senior,3,Universitario,En curso,"Groovy, Java, Javascript, PHP, SQL",Hombre Cis,True
2339206.0,Semi-Senior,4,,,Javascript,Mujer Cis,True
4000000.0,Senior,6,Universitario,Completo,Java,Hombre Cis,True
2900000.0,Senior,6,,,"Javascript, SQL, TypeScript",Hombre Cis,True
1450000.0,Semi-Senior,3,,,Ninguno de los anteriores,Hombre Cis,True
6652477.1,Semi-Senior,5,,,"Bash/Shell, Python",Hombre Cis,True
7222465.0,Semi-Senior,4,Universitario,Completo,"CSS, Javascript, TypeScript",Mujer Cis,True
2500000.0,Semi-Senior,5,,,"CSS, HTML, Javascript, PHP, SQL, TypeScript",Hombre Cis,True
1000000.0,Junior,1,,,Ninguno de los anteriores,Mujer Cis,True
3600000.0,Semi-Senior,3,,,".NET, TypeScript",Hombre Cis,True
4100000.0,Senior,9,,,".NET, C#, SQL",Hombre Cis,True
6500000.0,Semi-Senior,4,Universitario,Completo,"Java, Javascript, SQL",Hombre Cis,True
4500000.0,Senior,15,,,Ninguno de los anteriores,Hombre Cis,True
2850000.0,Senior,6,,,Ninguno de los anteriores,Hombre Cis,True
5328000.0,Senior,7,,,"HTML, Javascript, SQL",Mujer Cis,True
6390000.0,Senior,9,,,"CSS, HTML, Javascript, TypeScript",Hombre Cis,True
4000000.0,Senior,10,,,"C++, SQL",Hombre Cis,True
1287861.0,Semi-Senior,4,,,"Bash/Shell, Javascript, Python, TypeScript",Hombre Cis,True
9000000.0,Senior,20,,,"HTML, PHP, Python, SQL",Hombre Cis,True
2450000.0,Junior,2,,,"CSS, HTML, Javascript, TypeScript",Hombre Cis,True
6550000.0,Senior,8,Universitario,En curso,"CSS, HTML, Javascript, Ruby, TypeScript",Hombre Cis,True
2017664.0,Semi-Senior,4,,,"HTML, Javascript",Hombre Cis,True
14500000.0,Senior,20,Posgrado/Especialización,En curso,"Go, Javascript, SQL, TypeScript",Hombre Cis,True
3370000.0,Senior,11,,,"Go, Javascript, Ruby, SQL, TypeScript",Hombre Cis,True
8000000.0,Senior,15,,,"HTML, Javascript, TypeScript",Hombre Cis,True
10000000.0,Senior,10,,,"Go, HTML, Javascript, Python, TypeScript",Mujer Cis,True
4848000.0,Senior,8,,,Python,Hombre Cis,True
510000.0,Semi-Senior,5,,,"Javascript, SQL, TypeScript",Mujer Cis,True
18000000.0,Senior,8,,,"Go, Python, TypeScript",Hombre Cis,True
6000000.0,Senior,8,,,Python,Hombre Cis,True
2800000.0,Senior,13,,,"HTML, Javascript, TypeScript",Hombre Cis,True
3800000.0,Semi-Senior,4,Terciario,Incompleto,"Bash/Shell, CSS, HTML, Javascript, TypeScript",Hombre Cis,True
9200000.0,Senior,12,Universitario,Completo,"CSS, HTML, Javascript, TypeScript",Hombre Cis,True
8000000.0,Senior,8,,,"Javascript, Python",Hombre Cis,True
3440585.0,Senior,15,,,"Java, Javascript, PHP, SQL",Hombre Cis,True
5000000.0,Senior,8,,,"Bash/Shell, Go, HTML, Python, SQL",Hombre Cis,True
3000000.0,Senior,22,Posgrado/Especialización,Completo,"Python, SQL",Hombre Cis,True
6200000.0,Senior,8,,,".NET, C#",Hombre Cis,True
2750000.0,Semi-Senior,5,,,SQL,Hombre Cis,True
6000000.0,Senior,8,Universitario,Completo,Ninguno de los anteriores,Mujer Cis,True
5956013.1,Senior,13,Universitario,Incompleto,"Bash/Shell, Python, SQL",Hombre Cis,True
12000000.0,Senior,10,,,"Javascript, Python",Hombre Cis,True
7500000.0,Senior,20,,,Ninguno de los anteriores,Hombre Cis,True
5600000.0,Senior,6,Universitario,Completo,"Bash/Shell, HTML, Python, SQL",Hombre Cis,True
1480000.0,Semi-Senior,5,,,"Bash/Shell, Erlang, Python",Hombre Cis,True
1300000.0,Junior,2,,,"CSS, HTML, TypeScript",Hombre Cis,True
3600000.0,Senior,6,Terciario,Incompleto,Ninguno de los anteriores,Mujer Cis,True
4200000.0,Semi-Senior,5,,,"HTML, Java, Javascript, SQL",Hombre Cis,True
1800000.0,Junior,2,,,Python,Hombre Cis,True
4300000.0,Senior,10,Posgrado/Especialización,En curso,Ninguno de los anteriores,Mujer Cis,True
5700000.0,Senior,8,Universitario,Incompleto,"C#, CSS, HTML, Javascript, SQL, TypeScript",Hombre Cis,True
8250000.0,Senior,6,,,"CSS, HTML, Java, Javascript, Apex",Hombre Cis,True
5000000.0,Senior,16,Universitario,Completo,"Bash/Shell, Dart, Go, HTML, Java, Javascript, SQL",Hombre Cis,True
8250000.0,Semi-Senior,4,,,Python,Hombre Cis,True
3973800.0,Semi-Senior,5,,,"Bash/Shell, Python, R, SQL",Hombre Cis,True
2400000.0,Semi-Senior,5,,,"Bash/Shell, Javascript, Python, SQL",Hombre Cis,True
1700000.0,Junior,2,Universitario,Completo,".NET, HTML, Javascript, SQL, TypeScript",Mujer Cis,True
6912000.0,Senior,8,,,"Go, Javascript",Hombre Cis,True
3000000.0,Senior,20,Universitario,Incompleto,Ninguno de los anteriores,Hombre Cis,True
2400000.0,Semi-Senior,3,,,"Python, SQL",Hombre Cis,True
5512500.0,Semi-Senior,5,Universitario,Completo,"Javascript, TypeScript",Hombre Cis,True
11000000.0,Senior,12,,,Javascript,Hombre Cis,True
2650000.0,Senior,8,,,"Javascript, Python",Hombre Cis,True
3850000.0,Semi-Senior,3,,,"Bash/Shell, Javascript, Python, SQL",Hombre Cis,True
16272000.0,Senior,20,,,"Bash/Shell, HTML, Python, SQL",Hombre Cis,True
5300000.0,Senior,10,,,"Python, SQL",Hombre Cis,True
11415734.15,Senior,16,,,"Bash/Shell, Groovy, Java, Javascript, SQL",Hombre Cis,True
6679522.0,Senior,9,,,"Java, Kotlin, PHP, SQL",Hombre Cis,True
7200000.0,Senior,12,,,Python,Queer,True
3700000.0,Senior,8,Universitario,Completo,"CSS, HTML, Java, Javascript, SQL, TypeScript",Hombre Cis,True
7000000.0,Semi-Senior,4,Terciario,Incompleto,".NET, C#, Go, Javascript, Python, SQL, TypeScript",Hombre Cis,True
3000000.0,Semi-Senior,5,,,"Javascript, Ruby, SQL, TypeScript",Hombre Cis,True
3898200.0,Senior,8,Terciario,Completo,"CSS, HTML, Javascript, SQL, TypeScript",Mujer Cis,True
3800000.0,Senior,20,,,Ninguno de los anteriores,Hombre Cis,True
3625000.0,Semi-Senior,5,,,Python,Hombre Cis,True
3000000.0,Senior,8,,,Ninguno de los anteriores,Mujer Cis,True
1600000.0,Junior,2,,,"Bash/Shell, CSS, HTML, Java, Javascript, SQL, TypeScript",Hombre Cis,True
9000000.0,Senior,20,Universitario,Incompleto,"Go, Javascript, Python, SQL, TypeScript",Hombre Cis,True
8000000.0,Senior,15,,,"C++, Python",Hombre Cis,True
5000000.0,Semi-Senior,4,Universitario,Incompleto,"ABAP, CSS, Groovy, HTML, Javascript, SQL",Hombre Cis,True
2800000.0,Senior,20,,,"CSS, HTML, Javascript, PHP, SQL, TypeScript",Hombre Cis,True
4685284.0,Senior,6,,,"Go, Java, Javascript",Hombre Cis,True
13000000.0,Senior,16,,,"Python, SQL",Hombre Cis,True
4322500.0,Semi-Senior,5,,,TypeScript,Hombre Cis,True
4350000.0,Junior,2,,,"Javascript, Python, SQL, TypeScript",Hombre Cis,True
3062315.39,Semi-Senior,3,,,"C++, C#, Python, SQL",Hombre Cis,True
5500000.0,Senior,20,,,Ninguno de los anteriores,Hombre Cis,True
2350000.0,Semi-Senior,4,Universitario,Completo,".NET, C#, CSS, Dart, HTML, Javascript, Kotlin, SQL, TypeScript, ",Hombre Cis,True
5032080.0,Senior,12,,,Ninguno de los anteriores,Mujer Cis,True
12750000.0,Senior,12,,,Python,Hombre Cis,True
2900000.0,Senior,10,,,Ninguno de los anteriores,Hombre Cis,True
3000000.0,Semi-Senior,3,,,"Python, SQL",Hombre Cis,True
2790000.0,Semi-Senior,4,,,".NET, C#, Go, TypeScript",Hombre Cis,True
1700000.0,Junior,2,Universitario,Completo,"Java, SQL, ",Mujer Cis,True
5000000.0,Senior,10,Doctorado,En curso,"Assembler, C, C++",Hombre Cis,True
5250000.0,Senior,14,,,Ninguno de los anteriores,Mujer Cis,True
10500000.0,Senior,15,,,"Javascript, Rust, SQL, TypeScript",Hombre Cis,True
5000000.0,Senior,20,,,"HTML, Javascript, Python",Hombre Cis,True
4200000.0,Semi-Senior,5,,,"Python, R",Hombre Cis,True
2850000.0,Semi-Senior,4,Universitario,Incompleto,Ninguno de los anteriores,Mujer Cis,True
2714915.0,Junior,1,Maestría,En curso,"Python, R, SQL",Mujer Cis,True
3600000.0,Senior,8,,,Ninguno de los anteriores,Hombre Cis,True
6000000.0,Senior,20,Doctorado,En curso,"Arduino, Bash/Shell, C, C++, CSS, HTML, Javascript, Python, SQL, TypeScript",Hombre Cis,True
3000000.0,Senior,20,,,Ninguno de los anteriores,Hombre Cis,True
5122000.0,Senior,9,Universitario,Incompleto,"Bash/Shell, HTML, Python",Hombre Cis,True
1800000.0,Junior,0,,,"Python, SQL",Mujer Cis,True
5500000.0,Senior,10,Universitario,Completo,Ninguno de los anteriores,Hombre Cis,True
3180000.0,Senior,23,,,Ninguno de los anteriores,Mujer Cis,True
7865000.0,Senior,14,,,"HTML, Java, Javascript, Ruby, SQL",Hombre Cis,True
5000000.0,Senior,20,Universitario,Completo,"CSS, HTML, Javascript, TypeScript",Hombre Cis,True
2800000.0,Semi-Senior,5,,,"CSS, HTML, Javascript, TypeScript",Hombre Cis,True
2500000.0,Semi-Senior,4,,,Ninguno de los anteriores,Mujer Cis,True
9300000.0,Senior,25,,,".NET, C#, HTML, Javascript, Python, SQL",Hombre Cis,True
4900000.0,Senior,13,,,Ninguno de los anteriores,Mujer Cis,True
5500000.0,Semi-Senior,5,,,"Go, Java, Javascript",Hombre Cis,True
4200000.0,Junior,2,Universitario,En curso,".NET, C#, Javascript, TypeScript",Hombre Cis,True
1933734.0,Junior,1,Secundario,Completo,Ninguno de los anteriores,Mujer Cis,True
6150000.0,Semi-Senior,5,,,Python,Mujer Cis,True
5800000.0,Senior,20,,,Ninguno de los anteriores,Prefiero no decir,True
6300000.0,Senior,10,,,"Python, R",Mujer Cis,True
13000000.0,Senior,14,Universitario,Completo,"CSS, HTML, Javascript, TypeScript",Hombre Cis,True
7500000.0,Senior,15,,,"Python, TypeScript",Mujer Cis,True
2450000.0,Junior,2,Universitario,Completo,"HTML, Javascript, PHP, Swift",Hombre Cis,True
3200000.0,Semi-Senior,4,,,"Go, Python, SQL, TypeScript",Hombre Cis,True
15000000.0,Senior,8,,,"C, Go, Javascript, Rust",Hombre Cis,True
5300000.0,Senior,7,,,"Python, SQL",Hombre Cis,True
8200000.0,Senior,13,Universitario,En curso,"CSS, HTML, Javascript, TypeScript",Hombre Cis,True
1500000.0,Junior,2,,,"HTML, Javascript, PHP, SQL, TypeScript",Hombre Cis,True
1740000.0,Senior,6,,,Ninguno de los anteriores,Mujer Cis,True
1650000.0,Senior,35,,,Ninguno de los anteriores,Hombre Cis,True
15540000.0,Senior,6,,,"Bash/Shell, hcl",Hombre Cis,True
3500000.0,Senior,6,,,"Java, Javascript, TypeScript",Hombre Cis,True
1600000.0,Semi-Senior,3,Universitario,Completo,Ninguno de los anteriores,Mujer Cis,True
1650000.0,Semi-Senior,3,,,"Java, Javascript",Mujer Cis,True
2250000.0,Semi-Senior,5,,,Ninguno de los anteriores,Mujer Cis,True
9135000.0,Senior,23,Universitario,Completo,Ninguno de los anteriores,Hombre Cis,True
4700000.0,Senior,19,,,Ninguno de los anteriores,Hombre Cis,True
4039932.84,Senior,11,Universitario,Incompleto,SQL,Mujer Cis,True
4493720.55,Semi-Senior,4,Doctorado,Completo,"Python, R, SQL",Mujer Cis,True
8200000.0,Senior,7,,,"CSS, Javascript, SQL, TypeScript",Hombre Cis,True
4822000.0,Senior,6,,,Ninguno de los anteriores,Mujer Cis,True
5133000.0,Semi-Senior,4,Universitario,Completo,Java,Mujer Cis,True
9100000.0,Senior,15,,,"Go, Javascript",Hombre Cis,True
3000000.0,Junior,2,Universitario,Completo,Ninguno de los anteriores,Trans,True
6487000.0,Senior,12,Universitario,Completo,"Go, HTML, Java, Javascript, PHP, Python, Ruby",Hombre Cis,True
5000000.0,Senior,12,,,"CSS, HTML, Javascript, TypeScript",Mujer Cis,True
3000000.0,Senior,12,Universitario,Completo,Ninguno de los anteriores,Mujer Cis,True
5100000.0,Senior,7,,,".NET, C#, CSS, HTML, Javascript, SQL",Hombre Cis,True
3900000.0,Senior,18,Universitario,Completo,SQL,Hombre Cis,True
3420000.0,Senior,10,Universitario,Completo,Ninguno de los anteriores,Mujer Cis,True
2100000.0,Junior,1,,,PL/Sql,Hombre Cis,True
1781000.0,Semi-Senior,3,,,Ninguno de los anteriores,Mujer Cis,True
6000000.0,Senior,20,,,"Bash/Shell, HTML, Python, SQL, TypeScript",Hombre Cis,True
9425000.0,Senior,15,,,SQL,Hombre Cis,True
3000000.0,Senior,8,Universitario,Incompleto,"HTML, Javascript, PHP, SQL",Hombre Cis,True
6000000.0,Semi-Senior,5,Universitario,Incompleto,"Python, Ansible",Hombre Cis,True
7472222.0,Senior,10,Terciario,Completo,"Java, Python, SQL",Hombre Cis,True
5500000.0,Semi-Senior,5,,,"Bash/Shell, HTML, Javascript, Ruby, SQL, TypeScript",Hombre Cis,True
3270000.0,Senior,40,,,Ninguno de los anteriores,Hombre Cis,True
1800000.0,Semi-Senior,5,,,"Bash/Shell, CSS, Dart, HTML, Ruby, TypeScript",Hombre Cis,True
2936785.0,Senior,18,,,".NET, Bash/Shell, C#, CSS, HTML, Javascript, TypeScript",Hombre Cis,True
2300000.0,Senior,10,,,Ninguno de los anteriores,Mujer Cis,True
2600000.0,Semi-Senior,3,,,"HTML, Javascript, Python, TypeScript",Mujer Cis,True
1885000.0,Junior,2,,,".NET, C#, CSS, Dart, HTML, SQL, TypeScript",Hombre Cis,True
840000.0,Semi-Senior,4,Universitario,En curso,Ninguno de los anteriores,Hombre Cis,True
7500000.0,Senior,10,,,"CSS, HTML, Javascript, Python, R, SQL",Hombre Cis,True
5000000.0,Senior,13,,,SQL,Hombre Cis,True
1500000.0,Junior,2,Universitario,En curso,"C, CSS, HTML, Java, Javascript, Python, Ruby, SQL, TypeScript",Hombre Cis,True
1900000.0,Semi-Senior,5,Universitario,En curso,".NET, Bash/Shell, C#, Go, Javascript, PHP, Python, R, SQL, TypeScript",Hombre Cis,True
2800000.0,Senior,16,,,Ninguno de los anteriores,Hombre Cis,True
3625000.0,Senior,7,Universitario,Completo,Ninguno de los anteriores,Hombre Cis,True
4910000.0,Senior,25,,,Ninguno de los anteriores,Hombre Cis,True
1500000.0,Semi-Senior,3,,,"HTML, Javascript, TypeScript",Hombre Cis,True
2700000.0,Semi-Senior,5,Universitario,Incompleto,"HTML, TypeScript",Hombre Cis,True
9000000.0,Senior,22,,,"HTML, Java, Kotlin, Ruby, SQL",Hombre Cis,True
4191151.0,Senior,6,,,".NET, C#, Java, SQL, TypeScript",Mujer Cis,True
1700000.0,Junior,0,Universitario,En curso,"Java, SQL",Hombre Cis,True
6153000.0,Senior,10,,,"CSS, Go, Javascript, TypeScript",Hombre Cis,True
1200000.0,Junior,2,,,"C++, COBOL, Python",Hombre Cis,True
8500000.0,Senior,35,Maestría,Completo,"Arduino, Bash/Shell, CSS, HTML, Java, Javascript, Python, SQL",Hombre Cis,True
5760000.0,Senior,15,Universitario,Completo,"Python, SQL",Hombre Cis,True
1500000.0,Semi-Senior,5,Universitario,Completo,"Bash/Shell, Go, HTML, Javascript, Python, Rust, SQL, TypeScript",Hombre Cis,True
3100000.0,Senior,6,,,Python,Hombre Cis,True
3300000.0,Junior,1,,,"Python, SQL",Hombre Cis,True
3750000.0,Semi-Senior,4,Secundario,Completo,Python,Hombre Cis,True
4750000.0,Semi-Senior,5,,,"Bash/Shell, Javascript, Python",Hombre Cis,True
2376178.0,Junior,1,Universitario,En curso,"Bash/Shell, Python",Hombre Cis,True
10700000.0,Senior,17,,,ABAP,Hombre Cis,True
5250000.0,Junior,2,,,"CSS, Javascript, Python, SQL, TypeScript",Hombre Cis,True
5700000.0,Senior,28,,,Ninguno de los anteriores,Hombre Cis,True
2500000.0,Senior,22,,,"Javascript, SQL, TypeScript",Hombre Cis,True
2750000.0,Senior,6,,,"Python, SQL",Hombre Cis,True
6780300.0,Senior,15,Universitario,Completo,".NET, C#, HTML, Javascript, SQL, TypeScript",Hombre Cis,True
4600000.0,Semi-Senior,5,,,"Bash/Shell, HTML, Javascript, SQL, TypeScript",Hombre Cis,True
7560106.95,Senior,9,Universitario,Completo,"Java, Javascript, PHP, SQL",Hombre Cis,True
2754135.0,Semi-Senior,5,Universitario,Completo,Python,Mujer Cis,True
1785000.0,Junior,0,,,"HTML, Javascript, PHP, Python, SQL, TypeScript",Mujer Cis,True
2900000.0,Junior,2,Universitario,Completo,"Groovy, TypeScript",Hombre Cis,True
4137107.0,Senior,18,Universitario,Completo,Javascript,Hombre Cis,True
2695000.0,Senior,15,,,"Bash/Shell, Python",Hombre Cis,True
4500000.0,Senior,8,Universitario,Completo,Ninguno de los anteriores,Hombre Cis,True
6000000.0,Senior,12,,,"Python, SQL",Hombre Cis,True
2940000.0,Junior,1,Universitario,En curso,"Java, Javascript, Python, SQL, TypeScript",Hombre Cis,True
7000000.0,Senior,7,,,"Javascript, Salesforce",Hombre Cis,True
2338260.0,Senior,13,,,".NET, C#, SQL, VBA",Hombre Cis,True
1000000.0,Senior,10,,,"Bash/Shell, TypeScript, Powershell, Ansible, Terraform, Packer",Hombre Cis,True
7932578.0,Senior,17,,,"Go, Java",Hombre Cis,True
934400.0,Semi-Senior,3,Universitario,En curso,"Javascript, SQL",Hombre Cis,True
3927064.0,Semi-Senior,5,Universitario,En curso,".NET, C#, CSS, HTML, Javascript, SQL",Hombre Cis,True
5000000.0,Senior,30,,,PHP,Hombre Cis,True
3276374.0,Senior,10,Universitario,En curso,"Go, Java",Hombre Cis,True
1750000.0,Semi-Senior,5,,,"CSS, HTML, Javascript, TypeScript",Hombre Cis,True
3500000.0,Senior,10,Doctorado,Completo,Python,Mujer Cis,True
11000000.0,Senior,9,,,"Bash/Shell, Java, Python, SQL",Hombre Cis,True
3668000.0,Senior,7,Universitario,Completo,".NET, C#, CSS, HTML, Javascript, SQL, TypeScript",Hombre Cis,True
15000000.0,Senior,19,,,"C, Java, SQL",Hombre Cis,True
7450000.0,Senior,27,,,"Bash/Shell, Python",Hombre Cis,True
3164954.0,Junior,2,Universitario,Completo,".NET, C#, CSS, HTML, SQL, TypeScript",Mujer Cis,True
1700000.0,Junior,2,,,".NET, C#, TypeScript",Mujer Cis,True
15000000.0,Senior,15,,,"Javascript, TypeScript",Hombre Cis,True
3012048.0,Semi-Senior,3,Terciario,Incompleto,"Bash/Shell, Python",Hombre Cis,True
5100000.0,Senior,18,,,Ninguno de los anteriores,Mujer Cis,True
3982500.0,Senior,10,,,"PHP, SQL",Hombre Cis,True
5900000.0,Semi-Senior,4,Universitario,Completo,SQL,Mujer Cis,True
7065800.0,Senior,12,,,"HTML, Javascript, TypeScript",Hombre Cis,True
7316941.0,Senior,6,Universitario,Completo,"HTML, Javascript, PHP, Python, TypeScript",Hombre Cis,True
5323932.0,Senior,10,,,"Bash/Shell, Python",Hombre Cis,True
10500000.0,Senior,15,Universitario,Completo,Java,Hombre Cis,True
5600000.0,Senior,15,,,Ninguno de los anteriores,Mujer Cis,True
2000000.0,Senior,7,,,Ninguno de los anteriores,Mujer Cis,True
4500000.0,Senior,15,Universitario,Completo,"Java, Kotlin",Hombre Cis,True
8049000.0,Senior,15,,,"CSS, HTML, Javascript, PHP",Mujer Cis,True
7000000.0,Senior,20,,,"Bash/Shell, Javascript, PHP",Hombre Cis,True
600000.0,Semi-Senior,5,Universitario,Completo,"Python, SQL",Hombre Cis,True
3326280.0,Senior,17,Maestría,En curso,".NET, CSS, Javascript",Hombre Cis,True
8250000.0,Semi-Senior,5,,,Python,Hombre Cis,True
5500000.0,Senior,6,,,"Go, HTML, Javascript, SQL, TypeScript",Hombre Cis,True
7000000.0,Senior,21,,,"CSS, Go, HTML, Javascript, Python, SQL, TypeScript",Hombre Cis,True
7500000.0,Senior,6,Universitario,En curso,TypeScript,Hombre Cis,True
5000000.0,Senior,20,Universitario,Completo,Ninguno de los anteriores,Hombre Cis,True
3120000.0,Semi-Senior,5,,,"C#, HTML",Hombre Cis,True
200000.0,Junior,0,,,Java,Hombre Cis,True
3977000.0,Semi-Senior,4,,,"CSS, HTML, Javascript, PHP, SQL, TypeScript",Hombre Cis,True
10000000.0,Senior,16,,,Java,Hombre Cis,True
9000000.0,Senior,10,,,"Bash/Shell, Javascript, Python, Solidity, TypeScript",Hombre Cis,True
5500000.0,Semi-Senior,5,Universitario,Incompleto,"Bash/Shell, Javascript, Python, SQL, TypeScript",Hombre Cis,True
8000000.0,Senior,25,,,".NET, C#, SQL",Hombre Cis,True
9000000.0,Senior,8,,,"Bash/Shell, Go, Javascript, TypeScript",Hombre Cis,True
3450000.0,Semi-Senior,4,,,".NET, C#, Delphi, SQL",Hombre Cis,True
15899000.0,Senior,20,,,"Go, Javascript, Python, TypeScript",Hombre Cis,True
7500000.0,Senior,18,,,"Bash/Shell, CSS, HTML, Javascript, TypeScript, GraphQL",Hombre Cis,True
2000000.0,Junior,2,,,"Python, SQL",Hombre Cis,True
2200000.0,Senior,6,,,Ninguno de los anteriores,Hombre Cis,True
2252000.0,Semi-Senior,4,Universitario,En curso,".NET, Python",Mujer Cis,True
1403600.0,Senior,11,,,"Bash/Shell, HTML, Javascript, PHP, Rust, SQL",Hombre Cis,True
5400000.0,Semi-Senior,5,,,"Bash/Shell, Javascript, TypeScript",Hombre Cis,True
10000000.0,Senior,18,,,"Go, Java, Python",Hombre Cis,True
500000.0,Semi-Senior,5,,,Ninguno de los anteriores,Mujer Cis,True
4350000.0,Senior,25,Universitario,Completo,"CSS, HTML, Java, Javascript, PHP, SQL, TypeScript",Hombre Cis,True
1900000.0,Semi-Senior,4,Maestría,En curso,".NET, Bash/Shell, C#, Python, SQL",Hombre Cis,True
7520000.0,Senior,10,,,".NET, C#, Javascript, TypeScript",Hombre Cis,True
2200000.0,Junior,0,,,"CSS, HTML, Javascript",Hombre Cis,True
13000000.0,Senior,17,Secundario,Completo,C++,Hombre Cis,True
3000000.0,Senior,10,,,".NET, C#, SQL",Hombre Cis,True
2465524.0,Semi-Senior,4,,,Bash/Shell,Mujer Cis,True
5145000.0,Senior,8,,,"CSS, HTML, Javascript, TypeScript",Hombre Cis,True
4900000.0,Semi-Senior,5,Universitario,En curso,"CSS, HTML, Javascript, TypeScript",Hombre Cis,True
10500000.0,Senior,15,,,".NET, C#, CSS, Go, TypeScript",Hombre Cis,True
9000000.0,Senior,7,,,"Python, SQL",Hombre Cis,True
15950000.0,Senior,13,Posgrado/Especialización,Completo,"SQL, TypeScript",Hombre Cis,True
5300000.0,Senior,13,,,"Bash/Shell, Go, Groovy, Java, Python, Scala",Hombre Cis,True
7370000.0,Senior,10,Universitario,Incompleto,"Go, Javascript",Hombre Cis,True
7280000.0,Senior,14,,,"HTML, Javascript, PHP, SQL, TypeScript",Hombre Cis,True
1600000.0,Junior,2,,,Ninguno de los anteriores,Mujer Cis,True
4200000.0,Senior,10,,,"Java, Javascript, Python",Hombre Cis,True
5046000.0,Semi-Senior,4,,,TypeScript,Mujer Cis,True
2800000.0,Senior,9,Terciario,Completo,"CSS, HTML",Mujer Cis,True
2200000.0,Junior,0,Universitario,Completo,"Python, SQL",Hombre Cis,True
6000000.0,Senior,20,,,"Bash/Shell, HTML, Javascript, PHP, SQL",Hombre Cis,True
3500000.0,Semi-Senior,5,Maestría,En curso,"Javascript, Ruby",Hombre Cis,True
9000000.0,Semi-Senior,5,,,"HTML, Python, SQL",Mujer Cis,True
1200000.0,Junior,2,,,Ninguno de los anteriores,Mujer Cis,True
5000000.0,Senior,15,,,Apex,Mujer Cis,True
4500000.0,Senior,18,,,"Elixir, Java, Perl, R, SQL",Mujer Cis,True
5000000.0,Senior,7,Universitario,Completo,"CSS, HTML, Javascript, PHP, SQL",Hombre Cis,True
900000.0,Semi-Senior,3,Universitario,En curso,".NET, C#, Dart, HTML, Javascript, PHP, Python, SQL, TypeScript",Hombre Cis,True
2300000.0,Junior,1,Universitario,En curso,".NET, Javascript, PHP",Hombre Cis,True
2900000.0,Junior,2,,,"Javascript, Python",Hombre Cis,True
7000000.0,Senior,15,,,Ninguno de los anteriores,Hombre Cis,True
1650000.0,Senior,7,,,".NET, C#, CSS, HTML, Javascript, SQL, TypeScript",Hombre Cis,True
4290000.0,Semi-Senior,4,Universitario,En curso,"CSS, Go, HTML, Java, Javascript, Kotlin, Python, SQL, TypeScript",Hombre Cis,True
1200000.0,Junior,1,,,"CSS, HTML, Javascript, SQL, TypeScript",Hombre Cis,True
1700000.0,Semi-Senior,5,,,"CSS, HTML",Mujer Cis,True
2550000.0,Semi-Senior,5,,,"SQL, TypeScript",Hombre Cis,True
2000000.0,Semi-Senior,5,,,"C, CSS, Go, HTML, Javascript",Queer,True
4100000.0,Semi-Senior,3,,,"Bash/Shell, Python, SQL",Hombre Cis,True
20000000.0,Senior,15,,,".NET, HTML, Java, Javascript, Kotlin, Python, TypeScript",Hombre Cis,True
6106880.0,Semi-Senior,5,Universitario,Incompleto,"Javascript, TypeScript",Hombre Cis,True
5700000.0,Senior,8,,,"Bash/Shell, C++, CSS, Go, HTML, Javascript, Perl, PHP, SQL, Lua",Hombre Cis,True
330000.0,Senior,22,,,"Go, Javascript, Kotlin, PHP, Python, SQL",Hombre Cis,True
8500000.0,Senior,25,,,"Bash/Shell, CSS, HTML, Java, Javascript, Python, Scala, SQL, TypeScript",Hombre Cis,True
1820000.0,Junior,2,,,"SQL, TypeScript",Hombre Cis,True
6000000.0,Senior,9,Universitario,Completo,"Python, SQL",Hombre Cis,True
3000000.0,Senior,10,,,".NET, C#, HTML, Java, Javascript",Mujer Cis,True
4500000.0,Senior,15,,,"Python, SQL",Hombre Cis,True
2700000.0,Semi-Senior,3,,,"Python, TypeScript",Hombre Cis,True
7470000.0,Senior,22,Universitario,Completo,"Bash/Shell, CSS, Groovy, HTML, Javascript, Smalltalk, SQL",Hombre Cis,True
3500000.0,Senior,6,,,"Java, Javascript",Hombre Cis,True
3132530.0,Senior,20,,,"HTML, Java, Javascript, Gosu Lang",Hombre Cis,True
4250000.0,Senior,6,,,"Kotlin, Objective-C, Ruby, Swift",Hombre Cis,True
4905000.0,Semi-Senior,5,,,"Python, Rust, SQL",Hombre Cis,True
850000.0,Junior,0,Universitario,Completo,"Java, SQL, TypeScript",Hombre Cis,True
2330000.0,Junior,2,,,Ninguno de los anteriores,Mujer Cis,True
4800000.0,Semi-Senior,5,,,"Javascript, Python, SQL, TypeScript",Mujer Cis,True
3000000.0,Senior,20,,,".NET, C#, CSS, HTML, Javascript, SQL, VBA",Hombre Cis,True
7426680.0,Senior,9,,,"Java, Kotlin",Hombre Cis,True
372730.0,Senior,10,,,"Javascript, Python, SQL",Mujer Cis,True
4000000.0,Senior,40,Maestría,Incompleto,"Bash/Shell, C, C++, HTML, Javascript, PHP, Python, SQL, VBA, awk",Hombre Cis,True
7125000.0,Senior,14,,,Swift,Hombre Cis,True
15000000.0,Senior,25,,,".NET, Arduino, C++, C#, CSS, HTML, Java, Javascript, Kotlin, PHP, Python, SQL, Swift, TypeScript",Hombre Cis,True
5500000.0,Senior,12,Maestría,Completo,Bash/Shell,Hombre Cis,True
4170000.0,Semi-Senior,4,,,"HTML, Javascript, Python, SQL",Mujer Cis,True
4621925.0,Senior,14,Terciario,Completo,Ninguno de los anteriores,Hombre Cis,True
1813495.0,Junior,2,Universitario,Completo,Ninguno de los anteriores,Mujer Cis,True
600000.0,Senior,18,Universitario,Completo,"Go, Python, SQL",Hombre Cis,True
11237500.0,Senior,7,Universitario,Incompleto,Python,Hombre Cis,True
8000000.0,Senior,15,,,".NET, Bash/Shell, C++, C#, Java, PHP, Python, SQL",Hombre Cis,True
3500000.0,Senior,6,,,"Java, Javascript",Hombre Cis,True
6400000.0,Senior,8,,,"CSS, HTML, Javascript, TypeScript",Hombre Cis,True
11000000.0,Senior,20,Universitario,Completo,"Go, Java, Python, SQL",Hombre Cis,True
2000000.0,Semi-Senior,3,,,Ninguno de los anteriores,Mujer Cis,True
6000000.0,Senior,11,,,"CSS, Javascript, Python, SQL, TypeScript",Hombre Cis,True
2830000.0,Semi-Senior,3,,,Python,Hombre Cis,True
6500000.0,Senior,25,,,Ninguno de los anteriores,Hombre Cis,True
3250000.0,Semi-Senior,4,,,"Python, R, SQL",Hombre Cis,True
6000000.0,Senior,24,Universitario,Completo,Ninguno de los anteriores,Hombre Cis,True
4950000.0,Semi-Senior,5,,,"CSS, HTML, Java, Javascript, SQL, TypeScript",Hombre Cis,True
2400000.0,Senior,10,,,Ninguno de los anteriores,Mujer Cis,True
7300000.0,Senior,18,,,Ninguno de los anteriores,Hombre Cis,True
1800000.0,Senior,10,Universitario,Completo,"CSS, HTML",Mujer Cis,True
5400000.0,Senior,15,,,".NET, C#, SQL",Hombre Cis,True
3600000.0,Senior,6,Universitario,Completo,"Javascript, TypeScript",Hombre Cis,True
3033000.0,Semi-Senior,3,Terciario,Completo,"Java, Kotlin",Mujer Cis,True
6300000.0,Senior,10,Universitario,Completo,no aplica,Mujer Cis,True
2800000.0,Semi-Senior,3,Universitario,En curso,"Bash/Shell, CSS, HTML, Javascript, Python, TypeScript",Hombre Cis,True
6000000.0,Senior,23,,,Ninguno de los anteriores,Hombre Cis,True
8850000.0,Senior,7,,,TypeScript,Hombre Cis,True
4541869.0,Senior,10,,,Ninguno de los anteriores,Hombre Cis,True
4500000.0,Semi-Senior,4,Universitario,Completo,"Bash/Shell, C++, PHP, SQL",Hombre Cis,True
5600000.0,Senior,26,Maestría,Incompleto,Ninguno de los anteriores,Hombre Cis,True
12500000.0,Senior,16,,,"Bash/Shell, Go, Python, Rust, SQL",Hombre Cis,True
7200000.0,Senior,8,,,"Python, SQL",Hombre Cis,True
4700000.0,Semi-Senior,5,Terciario,Completo,Python,Hombre Cis,True
4060000.0,Semi-Senior,4,,,"Javascript, TypeScript",Hombre Cis,True
1200000.0,Junior,2,,,"HTML, Javascript, TypeScript",Hombre Cis,True
600000.0,Senior,10,,,Ninguno de los anteriores,Hombre Cis,True
3000000.0,Senior,8,,,"Go, Java, SQL",Prefiero no decir,True
1850000.0,Semi-Senior,3,,,"HTML, SQL",Hombre Cis,True
5500000.0,Senior,20,,,"Bash/Shell, Javascript, TypeScript",Hombre Cis,True
7800000.0,Senior,8,,,"Kotlin, Python, SQL, Swift, TypeScript",Mujer Cis,True
15000000.0,Senior,13,,,"Bash/Shell, Javascript, Python, Ruby, TypeScript",Hombre Cis,True
5889280.0,Senior,16,,,".NET, C#, TypeScript",Hombre Cis,True
1200000.0,Junior,1,,,Bash/Shell,Hombre Cis,True
5000000.0,Senior,10,,,".NET, C#, TypeScript",Hombre Cis,True
15000000.0,Senior,21,,,"Bash/Shell, Python, Rust",Hombre Cis,True
3500000.0,Senior,6,,,".NET, C#, Go, Python, SQL, TypeScript",Hombre Cis,True
4130000.0,Senior,6,Terciario,Completo,"Python, SQL",Prefiero no decir,True
3600000.0,Senior,7,,,".NET, Java, SQL",Hombre Cis,True
3000000.0,Senior,21,,,Ninguno de los anteriores,Hombre Cis,True
400000.0,Senior,20,Universitario,Completo,"Bash/Shell, HTML, Javascript, Python",Hombre Cis,True
12500000.0,Senior,25,,,"CSS, HTML, Java, Javascript, Kotlin, TypeScript",Hombre Cis,True
4800000.0,Semi-Senior,4,,,"HTML, Javascript, TypeScript",Mujer Cis,True
7500000.0,Senior,10,,,SQL,Hombre Cis,True
5400000.0,Senior,9,,,Python,Hombre Cis,True
4500000.0,Semi-Senior,5,Universitario,Incompleto,Ninguno de los anteriores,Hombre Cis,True
6000000.0,Senior,8,,,"Bash/Shell, Python",Hombre Cis,True
8308201.0,Senior,20,Universitario,Incompleto,"HTML, Javascript, TypeScript",Hombre Cis,True
1500000.0,Semi-Senior,4,,,Python,Mujer Cis,True
2500000.0,Senior,15,,,"HTML, SQL",Mujer Cis,True
3962000.0,Senior,16,Universitario,Incompleto,TypeScript,Hombre Cis,True
3080000.0,Semi-Senior,5,Universitario,Completo,Ninguno de los anteriores,Mujer Cis,True
2700000.0,Semi-Senior,5,Universitario,Incompleto,SQL,Hombre Cis,True
900000.0,Senior,15,Universitario,Incompleto,Ninguno de los anteriores,Hombre Cis,True
8000000.0,Semi-Senior,4,,,Python,Hombre Cis,True
3000000.0,Semi-Senior,5,,,SQL,Mujer Cis,True
1900000.0,Senior,8,,,"CSS, HTML, Java, Javascript, Matlab, Python, R, Ruby, SQL, TypeScript",Hombre Cis,True
7200000.0,Senior,15,Universitario,Completo,"Bash/Shell, Python",Hombre Cis,True
800000.0,Semi-Senior,4,,,"CSS, Dart, HTML, Javascript",Hombre Cis,True
2000000.0,Senior,6,,,"Python, R, VBA, Dax y M",Hombre Cis,True
4400000.0,Senior,30,Posgrado/Especialización,En curso,"Ninguno de los anteriores, No utilizo dado que soy manager",Hombre Cis,True
6392815.0,Senior,15,,,"Java, Scala",Hombre Cis,True
8700000.0,Senior,6,,,"CSS, HTML, Javascript, Python, SQL, TypeScript",Hombre Cis,True
4200000.0,Senior,6,Maestría,En curso,"Python, SQL",Mujer Cis,True
5839876.43,Senior,6,,,"Javascript, Python",Hombre Cis,True
7865000.0,Senior,13,Terciario,Completo,"Javascript, TypeScript",Hombre Cis,True
1600000.0,Semi-Senior,3,,,"HTML, Javascript, PHP, SQL",Hombre Cis,True
3000000.0,Senior,15,Universitario,Incompleto,"Bash/Shell, CSS, HTML, Javascript, TypeScript",Prefiero no decir,True
4300000.0,Senior,10,,,"CSS, HTML, Javascript, Python, SQL, TypeScript",Hombre Cis,True
7709788.0,Senior,15,,,".NET, C#, Javascript, SQL, TypeScript",Hombre Cis,True
7650000.0,Senior,7,Universitario,Completo,"Bash/Shell, Go, Python, SQL",Hombre Cis,True
9400000.0,Senior,14,,,"Python, SQL, DAX",Hombre Cis,True
1700000.0,Senior,7,,,"Bash/Shell, CSS, HTML, Java, Javascript, PHP, Python, SQL, TypeScript",Hombre Cis,True
6400000.0,Senior,8,,,Ninguno de los anteriores,Hombre Cis,True
4500000.0,Senior,7,Universitario,Completo,"Go, Javascript, Python",Hombre Cis,True
3000000.0,Senior,6,Secundario,Incompleto,"Bash/Shell, CSS, HTML, Javascript, Python, SQL, TypeScript",Hombre Cis,True
3194286.48,Senior,7,,,Java,Hombre Cis,True
18000000.0,Senior,6,,,"Go, Python",Hombre Cis,True
3600000.0,Junior,2,,,"HTML, Javascript, SQL, TypeScript",Hombre Cis,True
6300000.0,Senior,14,Universitario,Completo,"Javascript, TypeScript",Hombre Cis,True
5800000.0,Senior,6,,,"Javascript, Python, TypeScript",Hombre Cis,True
2300000.0,Semi-Senior,4,,,Java,Mujer Cis,True
2923000.0,Senior,25,,,".NET, Bash/Shell, C#, CSS, HTML, PHP, Python, SQL",Hombre Cis,True
6380000.0,Semi-Senior,4,Universitario,En curso,"Go, PHP, Python, SQL",Hombre Cis,True
1380000.0,Junior,1,,,"Python, SQL",Mujer Cis,True
8000000.0,Senior,20,Posgrado/Especialización,Completo,"Go, Java",Hombre Cis,True
2909917.0,Semi-Senior,4,,,"Python, TypeScript",Hombre Cis,True
3000000.0,Senior,8,Universitario,Completo,"HTML, Javascript, SQL, TypeScript",Hombre Cis,True
1100000.0,Semi-Senior,4,Universitario,Completo,"CSS, HTML, Javascript, PHP",Mujer Cis,True
1090218.0,Senior,6,,,SQL,Mujer Cis,True
5720000.0,Senior,13,,,Ninguno de los anteriores,Mujer Cis,True
5900000.0,Senior,10,,,"PHP, SQL",Hombre Cis,True
1575000.0,Semi-Senior,4,Universitario,Completo,Ninguno de los anteriores,Mujer Cis,True
6000000.0,Senior,34,Posgrado/Especialización,Completo,HTML,Hombre Cis,True
4867500.0,Senior,6,,,"CSS, HTML, Javascript, TypeScript",Hombre Cis,True
2000000.0,Semi-Senior,5,,,"Javascript, TypeScript",Hombre Cis,True
4500000.0,Senior,30,,,".NET, HTML, Java",Hombre Cis,True
4000000.0,Senior,6,Universitario,Incompleto,"CSS, HTML, Javascript, PHP, Python, SQL, TypeScript",Hombre Cis,True
6840178.0,Senior,8,Maestría,En curso,Ninguno de los anteriores,Mujer Cis,True
4000000.0,Semi-Senior,4,,,"Javascript, Ruby",Hombre Cis,True
3000000.0,Senior,15,Universitario,Completo,"C++, C#, CSS, Python, R, Ruby, TypeScript",Hombre Cis,True
2909202.0,Semi-Senior,5,,,"CSS, HTML, Javascript, Python, TypeScript",Hombre Cis,True
1500000.0,Senior,16,,,Ninguno de los anteriores,Mujer Cis,True
9000000.0,Senior,10,,,"Bash/Shell, Python",Hombre Cis,True
4300000.0,Semi-Senior,5,Universitario,Completo,"SQL, TypeScript",Hombre Cis,True
2800000.0,Semi-Senior,3,,,"Go, HTML, TypeScript",Hombre Cis,True
2600000.0,Semi-Senior,4,,,C++,Mujer Cis,True
4711668.0,Semi-Senior,5,,,"Bash/Shell, CSS, Java, Javascript, Kotlin, Objective-C, Python, SQL, Swift, TypeScript",Hombre Cis,True
2772000.0,Semi-Senior,4,,,"Bash/Shell, Javascript, Python, SQL",Hombre Cis,True
2137541.0,Senior,25,,,"CSS, HTML, Java, Javascript, Python, SQL, TypeScript",Hombre Cis,True
3100000.0,Senior,15,,,"Python, SQL",Hombre Cis,True
1159183.0,Junior,1,Universitario,En curso,Ninguno de los anteriores,Hombre Cis,True
7000000.0,Senior,15,Universitario,Completo,"Python, SQL, TypeScript, Terraform",Hombre Cis,True
6450000.0,Senior,9,,,"Bash/Shell, CSS, HTML, Javascript, TypeScript",Hombre Cis,True
1450000.0,Semi-Senior,4,,,Ninguno de los anteriores,Mujer Cis,True
1946501.16,Semi-Senior,5,,,Python,Hombre Cis,True
3900000.0,Senior,18,,,"Bash/Shell, HTML, Java, Javascript",Hombre Cis,True
3740000.0,Senior,7,,,Salesforce,Mujer Cis,True
4620000.0,Senior,6,Posgrado/Especialización,Completo,"R, SQL",Mujer Cis,True
1650000.0,Senior,20,,,Ninguno de los anteriores,Hombre Cis,True
1676943.0,Senior,6,,,"Java, SQL",Hombre Cis,True
8376500.0,Senior,7,Posgrado/Especialización,En curso,"Python, R, SQL",Hombre Cis,True
4200000.0,Senior,8,,,SQL,Hombre Cis,True
5180000.0,Senior,30,,,"Bash/Shell, Python, SQL",Hombre Cis,True
3650000.0,Semi-Senior,5,,,"Bash/Shell, powershell",Hombre Cis,True
1200000.0,Semi-Senior,3,Universitario,En curso,"CSS, HTML, Java, Javascript, SQL, TypeScript",Hombre Cis,True
2200000.0,Semi-Senior,3,,,"Bash/Shell, C++, CSS, HTML, Java, Python, SQL",Hombre Cis,True
5000000.0,Senior,15,,,Ninguno de los anteriores,Mujer Cis,True
6500000.0,Senior,13,,,SQL,Mujer Cis,True
5500000.0,Senior,18,,,"CSS, HTML, Javascript, PHP, SQL",Hombre Cis,True
7000000.0,Semi-Senior,5,,,Python,Hombre Cis,True
3228000.0,Semi-Senior,3,Universitario,En curso,"C#, CSS, HTML, Java, Javascript, Python, SQL",Mujer Cis,True
2000000.0,Semi-Senior,5,,,"HTML, Java, SQL",Hombre Cis,True
4150000.0,Senior,10,Universitario,Completo,Ninguno de los anteriores,Mujer Cis,True
6300000.0,Senior,18,Universitario,Completo,"C, CSS, Go, HTML, Javascript, SQL",Hombre Cis,True
5600000.0,Senior,39,,,"Bash/Shell, CSS, HTML, Javascript, PHP, SQL, TypeScript",Hombre Cis,True
9300000.0,Senior,13,Universitario,Completo,".NET, Bash/Shell, C#, CSS, HTML, Javascript, SQL",Hombre Cis,True
1475000.0,Junior,2,,,"CSS, HTML, Javascript, Python, TypeScript",Hombre Cis,True
1184828.0,Semi-Senior,3,Terciario,Completo,"Javascript, Python, SQL",Hombre Cis,True
1659000.0,Semi-Senior,5,,,"C++, CSS, SQL, TypeScript",Mujer Cis,True
3000000.0,Senior,20,,,".NET, SQL",Hombre Cis,True
3200000.0,Senior,13,,,".NET, C#, Java, Javascript, Python, SQL, TypeScript",Hombre Cis,True
2700000.0,Semi-Senior,4,,,".NET, C, C++, Go, Java, Javascript, Python",Mujer Cis,True
10000000.0,Senior,19,,,Ninguno de los anteriores,Mujer Cis,True
7250000.0,Senior,23,,,"Bash/Shell, Python",Hombre Cis,True
6525000.0,Senior,10,Maestría,Incompleto,"Bash/Shell, Python, TypeScript",Hombre Cis,True
4806000.0,Senior,8,,,"Python, SQL",Mujer Cis,True
2415000.0,Senior,6,,,Ninguno de los anteriores,Hombre Cis,True
2800000.0,Semi-Senior,5,,,"CSS, HTML, Javascript, TypeScript",Hombre Cis,True
7200200.0,Semi-Senior,5,Universitario,Completo,"Javascript, SQL, TypeScript",Hombre Cis,True
11600000.0,Senior,20,,,".NET, C#, SQL",Hombre Cis,True
5500000.0,Senior,15,,,".NET, ABAP, C#, HTML, Javascript, PHP, SQL, TypeScript, VBA",Hombre Cis,True
5900000.0,Senior,35,,,"C++, C#, Java, Javascript, Kotlin, PHP, Python, SQL",Hombre Cis,True
4500000.0,Senior,20,,,Ninguno de los anteriores,Hombre Cis,True
1100000.0,Semi-Senior,3,,,Python,Hombre Cis,True
3625000.0,Senior,10,,,"Go, TypeScript",Hombre Cis,True
500000.0,Senior,15,Secundario,Completo,"Bash/Shell, Groovy, HTML, Java, Javascript, Python, SQL",Hombre Cis,True
2999000.0,Semi-Senior,5,Terciario,Incompleto,"Bash/Shell, Javascript, Python, TypeScript",Hombre Cis,True
1100000.0,Semi-Senior,5,,,Ninguno de los anteriores,Hombre Cis,True
6000000.0,Semi-Senior,5,,,"Go, Python",Hombre Cis,True
5300000.0,Senior,7,,,"Javascript, Python, SQL, TypeScript",Hombre Cis,True
4000000.0,Senior,6,,,Ninguno de los anteriores,Mujer Cis,True
9877018.0,Senior,9,Universitario,Completo,"Bash/Shell, Java, Kotlin",Hombre Cis,True
3700000.0,Senior,27,,,".NET, Bash/Shell, C#, HTML, Javascript, SQL",Mujer Cis,True
8960000.0,Senior,8,Universitario,Completo,"Bash/Shell, Javascript, Python, SQL",Hombre Cis,True
10000000.0,Senior,20,Maestría,Completo,"HTML, Javascript, Ruby",Hombre Cis,True
3205000.0,Semi-Senior,5,Terciario,Completo,"HTML, Javascript, Python, TypeScript",Mujer Cis,True
4000000.0,Senior,7,,,"Javascript, TypeScript",Hombre Cis,True
5300000.0,Semi-Senior,5,,,".NET, SQL, TypeScript",Hombre Cis,True
3000000.0,Semi-Senior,5,Secundario,Completo,"Groovy, Javascript, Kotlin, Python, SQL, TypeScript",Hombre Cis,True
4200000.0,Senior,31,,,".NET, C#, CSS, HTML, Javascript, Python, SQL",Hombre Cis,True
14000000.0,Senior,25,Maestría,Completo,Ninguno de los anteriores,Hombre Cis,True
4181268.8,Senior,30,Universitario,Completo,"CSS, HTML, Java, Javascript, TypeScript",Hombre Cis,True
7500000.0,Senior,10,,,"Javascript, Objective-C, SQL, Swift, TypeScript",Hombre Cis,True
5600000.0,Senior,15,Universitario,Incompleto,R,Hombre Cis,True
9000000.0,Senior,30,,,"C#, Go, TypeScript",Hombre Cis,True
3000000.0,Semi-Senior,4,Universitario,Incompleto,Java,Mujer Cis,True
1000000.0,Semi-Senior,3,Terciario,En curso,"CSS, HTML, Javascript, SQL",Mujer Cis,True
2175000.0,Semi-Senior,3,Terciario,Completo,Python,Mujer Cis,True
5760000.0,Senior,20,,,Ninguno de los anteriores,Hombre Cis,True
1700000.0,Senior,20,,,"CSS, Go, HTML, Javascript, Kotlin, PHP, TypeScript",Hombre Cis,True
3500000.0,Senior,25,,,"Javascript, Python, Ruby, TypeScript",Hombre Cis,True
10587920.0,Senior,12,,,Java,Hombre Cis,True
5500000.0,Senior,12,,,"Bash/Shell, Python, SQL",Hombre Cis,True
3300000.0,Senior,8,,,"Bash/Shell, SQL",Hombre Cis,True
3170000.0,Senior,8,,,"Java, SQL",Mujer Cis,True
2620000.0,Semi-Senior,5,Terciario,Completo,"Bash/Shell, SQL",Hombre Cis,True
4445000.0,Senior,7,Universitario,Incompleto,".NET, C#, TypeScript",Hombre Cis,True
1270000.0,Senior,33,Secundario,Completo,Ninguno de los anteriores,Hombre Cis,True
2520000.0,Semi-Senior,3,,,"Assembler, Bash/Shell, C, C++, Python, SQL",Hombre Cis,True
700000.0,Junior,2,,,"CSS, HTML, Javascript, SQL",Hombre Cis,True
3561718.32,Senior,12,,,Python,Prefiero no decir,True
1500000.0,Senior,16,,,".NET, C++, HTML, Swift",Mujer Cis,True
10122905.0,Senior,30,,,".NET, C#, Python, SQL",Hombre Cis,True
1800000.0,Semi-Senior,3,,,Ninguno de los anteriores,Hombre Cis,True
11000000.0,Senior,30,,,"HTML, Javascript, Python, TypeScript",Hombre Cis,True
13000000.0,Senior,20,,,Ninguno de los anteriores,Hombre Cis,True
5500000.0,Senior,12,,,"Javascript, TypeScript",Hombre Cis,True
4930000.0,Senior,6,Universitario,Incompleto,"Javascript, PHP, SQL, TypeScript",Hombre Cis,True
11000000.0,Senior,6,Maestría,En curso,"Python, SQL",Prefiero no decir,True
8000000.0,Senior,18,,,Ninguno de los anteriores,Hombre Cis,True
1600000.0,Senior,8,,,Python,Hombre Cis,True
4000000.0,Senior,21,,,"Bash/Shell, Javascript, Python, SQL",Hombre Cis,True
5750000.0,Semi-Senior,5,,,"HTML, Java, Javascript, Python, SQL, VBA",Hombre Cis,True
1700000.0,Semi-Senior,5,,,"Java, Python, SQL, TypeScript",Hombre Cis,True
1700000.0,Junior,0,,,Ninguno de los anteriores,Mujer Cis,True
8680000.0,Senior,17,,,"R, SQL, TypeScript",Hombre Cis,True
6300000.0,Semi-Senior,4,,,"Bash/Shell, Go, Java",Hombre Cis,True
1450000.0,Junior,0,,,"Python, SQL",Hombre Cis,True
11000000.0,Senior,25,,,"HTML, Javascript, Kotlin, TypeScript",Hombre Cis,True
6345000.0,Senior,20,,,"Javascript, PHP, TypeScript",Hombre Cis,True
1100000.0,Senior,6,Universitario,Incompleto,"CSS, HTML, Javascript, PHP, SQL",Mujer Cis,True
2200000.0,Semi-Senior,5,,,"CSS, HTML, Javascript, PHP, SQL, TypeScript",Hombre Cis,True
4900000.0,Senior,8,,,Ninguno de los anteriores,Hombre Cis,True
1900000.0,Junior,1,,,"C#, CSS, HTML, Javascript, Python, SQL, TypeScript",Hombre Cis,True
5108455.0,Senior,9,Universitario,En curso,"Bash/Shell, Javascript, Python",Hombre Cis,True
1450000.0,Semi-Senior,4,,,"HTML, Javascript, Python, SQL",Hombre Cis,True
3500000.0,Semi-Senior,4,,,"CSS, HTML, Javascript, TypeScript",Mujer Cis,True
3798072.0,Senior,24,,,Ninguno de los anteriores,Mujer Cis,True
1872000.0,Semi-Senior,4,Universitario,Completo,Ninguno de los anteriores,Mujer Cis,True
4800000.0,Senior,18,Universitario,Completo,"Javascript, Kotlin",Hombre Cis,True
3500000.0,Semi-Senior,5,Universitario,En curso,"CSS, HTML, Javascript, Python, TypeScript",Hombre Cis,True
3373000.0,Semi-Senior,5,,,"Javascript, Python",Hombre Cis,True
4357240.0,Senior,10,,,"HTML, Java, Javascript, SQL",Hombre Cis,True
2700000.0,Semi-Senior,5,,,"Python, SQL",Mujer Cis,True
2700000.0,Semi-Senior,4,,,"Java, Kotlin",Hombre Cis,True
2262866.0,Senior,8,,,"Python, R, SQL",Hombre Cis,True
8250000.0,Senior,20,Maestría,En curso,"Go, Javascript, TypeScript",Hombre Cis,True
1385663.21,Senior,12,,,".NET, C#, CSS, Dart, HTML, Javascript, Kotlin, Python, SQL",Hombre Cis,True
3600000.0,Semi-Senior,4,,,"CSS, HTML, Java, Javascript, Python, SQL",Hombre Cis,True
300000.0,Senior,25,Universitario,Incompleto,"CSS, HTML, Java, Javascript, PHP, Python, SQL",Mujer Cis,True
4500000.0,Semi-Senior,5,Secundario,Completo,"Bash/Shell, CSS, HTML, Javascript, PHP, Python, SQL, TypeScript",Hombre Cis,True
2504100.0,Senior,6,Universitario,En curso,"Java, Python, SQL",No binarie,True
2600000.0,Semi-Senior,4,Universitario,Incompleto,"Bash/Shell, CSS, Java, Javascript, Python, SQL",Hombre Cis,True
8000000.0,Senior,18,Universitario,Incompleto,"Bash/Shell, Javascript, Python, Powershell",Hombre Cis,True
1200000.0,Junior,0,,,"C++, COBOL, Python",Hombre Cis,True
3000000.0,Senior,6,,,Ninguno de los anteriores,Mujer Cis,True
6525000.0,Senior,10,,,Ninguno de los anteriores,Hombre Cis,True
11200000.0,Senior,25,,,"Javascript, Python",Hombre Cis,True
430000.0,Senior,9,,,Python,Hombre Cis,True
2500000.0,Junior,2,,,"Python, SQL",Hombre Cis,True
1750000.0,Junior,1,,,Python,Hombre Cis,True
6000000.0,Semi-Senior,5,,,"Python, SQL",Mujer Cis,True
7400000.0,Senior,7,Universitario,Incompleto,"Javascript, TypeScript",Hombre Cis,True
9000000.0,Senior,7,,,"Javascript, SQL, TypeScript",Prefiero no decir,True
9500000.0,Senior,11,,,"CSS, Go, HTML, Javascript, PHP, Python, SQL, TypeScript",Hombre Cis,True
6480000.0,Senior,10,,,"Java, Javascript, Python, SQL, TypeScript",Hombre Cis,True
5491000.0,Senior,20,Universitario,Incompleto,"Bash/Shell, Go, Python, SQL",Hombre Cis,True
2639000.0,Senior,7,,,Ninguno de los anteriores,Mujer Cis,True
4727810.0,Senior,15,Universitario,Completo,"Javascript, TypeScript, NodeJs",Hombre Cis,True
2520000.0,Junior,1,Universitario,En curso,"Python, SQL",Hombre Cis,True
4320000.0,Semi-Senior,5,,,"Groovy, Javascript, Python, SQL, TypeScript",Hombre Cis,True
1445783.13,Senior,29,,,"PHP, SQL",Hombre Cis,True
2500000.0,Semi-Senior,5,,,Ninguno de los anteriores,Hombre Cis,True
5000000.0,Semi-Senior,3,Universitario,En curso,"Java, Javascript, SQL",Hombre Cis,False
2700000.0,Senior,10,,,Python,Hombre Cis,False
1646548.0,Junior,0,,,Python,Mujer Cis,False
3600000.0,Senior,30,,,".NET, C#, Python",Hombre Cis,False
2095456.0,Semi-Senior,5,,,"Bash/Shell, Javascript, Python, Terraform, Ansible",Hombre Cis,False
2690000.0,Semi-Senior,4,,,".NET, C#",Hombre Cis,False
1400000.0,Senior,6,,,"Bash/Shell, Python",Hombre Cis,False
5600000.0,Senior,14,Universitario,Incompleto,"CSS, HTML, Javascript, PHP, SQL",Hombre Cis,False
620000.0,Senior,18,,,"C++, HTML, Javascript, PHP",Mujer Cis,False
5520000.0,Senior,13,Terciario,Completo,SQL,Mujer Cis,False
2700000.0,Senior,6,Terciario,Completo,"Javascript, PHP, SQL",Hombre Cis,False
2400000.0,Junior,2,Universitario,Completo,TypeScript,Mujer Cis,False
3757416.0,Senior,20,Terciario,Completo,Ninguno de los anteriores,Hombre Cis,False
2800000.0,Senior,25,Terciario,Completo,".NET, Bash/Shell, Groovy, SQL",Hombre Cis,False
3400000.0,Senior,25,Universitario,Completo,".NET, C#, Python",Hombre Cis,False
4000000.0,Senior,15,,,"Java, Kotlin, TypeScript",Hombre Cis,False
4019696.0,Senior,13,Universitario,Completo,"Javascript, Python",Hombre Cis,False
1300000.0,Senior,10,,,Ninguno de los anteriores,Hombre Cis,False
5434638.0,Semi-Senior,4,Maestría,En curso,"Bash/Shell, Javascript, Python, SQL, TypeScript",Hombre Cis,False
1400000.0,Junior,2,,,"CSS, Dart, HTML, Java, Javascript, PHP, Python, SQL, TypeScript",Hombre Cis,False
1966000.0,Senior,20,,,"Bash/Shell, PHP, Python, SQL",Hombre Cis,False
2000000.0,Semi-Senior,5,,,"C++, Dart, HTML, PHP, Python, SQL",Queer,False
4300000.0,Senior,20,Universitario,Completo,".NET, C#, Delphi, Java, SQL",Hombre Cis,False
2000000.0,Semi-Senior,4,,,"Javascript, TypeScript",Hombre Cis,False
2345000.0,Semi-Senior,3,,,"Javascript, SQL, TypeScript",Hombre Cis,False
2720803.26,Senior,25,,,"Bash/Shell, Python, SQL, pl/pgsql",Hombre Cis,False
2900000.0,Senior,15,,,"Bash/Shell, Java, Python",Hombre Cis,False
5058085.0,Senior,19,,,".NET, Bash/Shell, COBOL, Delphi, HTML, Javascript, PHP, Python, SQL, VBA",Hombre Cis,False
500000.0,Senior,38,,,"Arduino, C++, HTML, Java, PHP",Mujer Cis,False
8000000.0,Semi-Senior,5,Universitario,Completo,SQL,Hombre Cis,False
4200000.0,Semi-Senior,5,,,"HTML, Javascript, Python, SQL, TypeScript",Hombre Cis,False
5000000.0,Senior,15,,,Ninguno de los anteriores,Mujer Cis,False
3571537.86,Semi-Senior,5,,,".NET, C#, CSS, HTML, Javascript, SQL, TypeScript",Hombre Cis,False
3528730.0,Semi-Senior,4,Universitario,Completo,".NET, C#, Java, SQL, VBA",Mujer Cis,False
4276378.0,Senior,11,Universitario,Completo,"Go, Python",Hombre Cis,False
4850000.0,Semi-Senior,3,Universitario,Completo,"Python, SQL",Mujer Cis,False
3160000.0,Senior,20,Terciario,Completo,"Python, SQL",Hombre Cis,False
3300000.0,Junior,1,,,"Bash/Shell, CSS, HTML, Java, Javascript, SQL",Hombre Cis,False
7000000.0,Senior,21,,,Powershell,Hombre Cis,False
6700000.0,Senior,22,,,"Bash/Shell, CSS, HTML, Javascript, Smalltalk",Hombre Cis,False
2500000.0,Senior,10,,,"CSS, HTML, Javascript, PHP, SQL, TypeScript",Hombre Cis,False
6900000.0,Senior,8,Universitario,Completo,"Bash/Shell, Go, Javascript, Python, TypeScript",Hombre Cis,False
3069000.0,Senior,15,Universitario,Completo,"Fortinet, Zabbix",Hombre Cis,False
1800000.0,Semi-Senior,3,,,SQL,Hombre Cis,False
420000.0,Junior,2,,,"CSS, HTML, PHP, SQL",Mujer Cis,False
2600000.0,Senior,25,,,".NET, ABAP, C++, Java, Javascript, Python, SQL",Hombre Cis,False
5500000.0,Senior,21,,,"Bash/Shell, Perl, PHP, Python, SQL",Hombre Cis,False
4500000.0,Senior,10,,,"HTML, Javascript, Ruby, TypeScript",Hombre Cis,False
620000.0,Junior,0,Universitario,En curso,Ninguno de los anteriores,Mujer Cis,False
1650000.0,Senior,13,Universitario,Completo,"SQL, Progress",Mujer Cis,False
3200000.0,Senior,6,Posgrado/Especialización,Completo,"CSS, HTML",Mujer Cis,False
7000000.0,Semi-Senior,5,Universitario,Completo,"Java, Javascript, SQL, GOSU",Hombre Cis,False
3500000.0,Semi-Senior,5,,,"Bash/Shell, Python",Hombre Cis,False
2800000.0,Senior,6,,,Python,Mujer Cis,False
4500000.0,Semi-Senior,4,,,".NET, C#, CSS, HTML, Javascript, SQL, VBA",Mujer Cis,False
2100000.0,Senior,10,,,"Javascript, Python",Hombre Cis,False
6714190.0,Senior,18,,,Ninguno de los anteriores,Hombre Cis,False
1500000.0,Semi-Senior,3,,,".NET, Bash/Shell, C#, Javascript, SQL, TypeScript",Hombre Cis,False
3500000.0,Semi-Senior,3,,,Python,Hombre Cis,False
2800000.0,Semi-Senior,5,,,Ninguno de los anteriores,Mujer Cis,False
850000.0,Senior,30,Terciario,Completo,SQL,Hombre Cis,False
2039535.68,Senior,17,Universitario,Completo,"Java, Javascript, PHP, SQL",Hombre Cis,False
3500000.0,Senior,38,Universitario,Completo,"Arduino, C#, COBOL, Javascript, Python, SQL, TypeScript, VBA",Hombre Cis,False
1898717.0,Semi-Senior,3,,,".NET, C#, HTML, Javascript, SQL",Hombre Cis,False
2828517.99,Senior,20,,,"Python, SQL",Hombre Cis,False
4200000.0,Senior,12,,,".NET, HTML, SQL, VBA",Hombre Cis,False
2336457.0,Senior,20,Terciario,Completo,Ninguno de los anteriores,Hombre Cis,False
2000000.0,Senior,32,,,"Bash/Shell, CSS, HTML, Javascript, Python",No binarie,False
3850000.0,Senior,9,,,"Bash/Shell, PHP, Python, SQL",Hombre Cis,False
4045376.74,Senior,20,,,"CSS, HTML, Javascript, PHP",Hombre Cis,False
3500000.0,Senior,12,,,"Javascript, Python, R, SQL",Hombre Cis,False
3411000.0,Senior,9,,,"Java, SQL",Hombre Cis,False
3000000.0,Semi-Senior,5,,,"Bash/Shell, Javascript, Python, SQL, TypeScript",Hombre Cis,False
3900000.0,Senior,20,,,"Bash/Shell, CSS, HTML, SQL",Hombre Cis,False
1522238.44,Semi-Senior,4,Universitario,En curso,"Javascript, Python, TypeScript",Hombre Cis,False
3500000.0,Senior,20,,,"Java, SQL, Genexus",Hombre Cis,False
2496130.11,Senior,15,Posgrado/Especialización,Incompleto,"Bash/Shell, Perl, Python, SQL",Hombre Cis,False
3400000.0,Semi-Senior,3,,,Ninguno de los anteriores,Mujer Cis,False
6500000.0,Senior,20,,,".NET, Bash/Shell, CSS, Go, HTML, Java, Javascript, Python, SQL, Swift",Hombre Cis,False
1800000.0,Senior,6,,,SQL,Hombre Cis,False
4500000.0,Semi-Senior,5,,,Ninguno de los anteriores,Hombre Cis,False
3000000.0,Senior,21,Universitario,Completo,SQL,Hombre Cis,False
1600000.0,Junior,1,Terciario,Completo,"CSS, Dart, HTML, Javascript, SQL, TypeScript",Hombre Cis,False
8000000.0,Senior,20,Maestría,Completo,"HTML, PHP, Python, SQL",Hombre Cis,False
3360050.0,Senior,13,,,"Bash/Shell, HTML, PHP, Python, SQL",Hombre Cis,False
1749905.15,Semi-Senior,3,Universitario,En curso,Ninguno de los anteriores,Mujer Cis,False
1800000.0,Junior,2,,,"CSS, HTML, Javascript",Mujer Cis,False
3700000.0,Semi-Senior,5,,,"Javascript, SQL, TypeScript",No binarie,False
1700000.0,Semi-Senior,3,,,"CSS, HTML, SQL",Hombre Cis,False
2000000.0,Semi-Senior,3,,,"Javascript, Python, SQL",Hombre Cis,False
3393000.0,Senior,6,,,"Perl, SQL",Mujer Cis,False
4700000.0,Senior,8,Universitario,Incompleto,Ninguno de los anteriores,Mujer Cis,False
2878000.0,Senior,10,Universitario,Incompleto,".NET, C#, HTML, Javascript, SQL",Hombre Cis,False
1070000.0,Semi-Senior,4,,,"C#, Dart, HTML, Java, Javascript, SQL, TypeScript",Hombre Cis,False
5500000.0,Senior,15,,,Ninguno de los anteriores,Hombre Cis,False
2030000.0,Senior,6,Terciario,En curso,Ninguno de los anteriores,Mujer Cis,False
3700000.0,Senior,12,,,Ninguno de los anteriores,Hombre Cis,False
2372698.0,Senior,7,,,Ninguno de los anteriores,Mujer Cis,False
1803460.0,Junior,2,,,".NET, C#, HTML, Javascript",Hombre Cis,False
2948900.0,Senior,6,,,".NET, C#, HTML, Javascript",Mujer Cis,False
1080723.0,Semi-Senior,4,,,Ninguno de los anteriores,Mujer Cis,False
8700000.0,Senior,15,,,"Go, Groovy, Java, Javascript, Python, SQL",Mujer Cis,False
2105550.0,Semi-Senior,5,,,SQL,Hombre Cis,False
2100000.0,Senior,40,,,".NET, C#, CSS, HTML, Java, Javascript, Perl, PHP, Python, SQL, VBA",Hombre Cis,False
4900000.0,Senior,17,,,".NET, C#, SQL",Hombre Cis,False
7100000.0,Senior,24,Terciario,Incompleto,RPG,Hombre Cis,False
3920745.0,Semi-Senior,4,Universitario,Completo,"Python, SQL",Hombre Cis,False
2300000.0,Semi-Senior,4,,,"Python, SQL, Apex",Hombre Cis,False
2500000.0,Semi-Senior,5,,,Ninguno de los anteriores,Hombre Cis,False
1801097.0,Junior,2,,,".NET, C#, HTML",Hombre Cis,False
2800000.0,Senior,10,,,Ninguno de los anteriores,Prefiero no decir,False
4267238.0,Senior,6,Maestría,Completo,"SQL, RPG, ILE",Mujer Cis,False
1740000.0,Senior,10,Terciario,En curso,"Javascript, PHP, SQL",Hombre Cis,False
6400000.0,Senior,8,,,"Soy diseñadora, no programo.",Mujer Cis,False
4000000.0,Senior,15,,,Ninguno de los anteriores,Hombre Cis,False
3500000.0,Semi-Senior,5,,,"CSS, HTML, Javascript, PHP, SQL, VBA",Hombre Cis,False
2000000.0,Semi-Senior,4,,,"Javascript, SQL, VB Script",Hombre Cis,False
2500522.0,Semi-Senior,5,,,Ninguno de los anteriores,Hombre Cis,False
2000000.0,Senior,16,Universitario,Completo,Ninguno de los anteriores,Mujer Cis,False
3000000.0,Semi-Senior,3,,,"Java, Python, SQL",Hombre Cis,False
2389000.0,Semi-Senior,5,,,"Python, SQL",Mujer Cis,False
5748504.0,Senior,25,,,Ninguno de los anteriores,Hombre Cis,False
1900000.0,Junior,2,,,"Python, SQL",Hombre Cis,False
4500000.0,Senior,15,Universitario,Completo,Bash/Shell,Hombre Cis,False
3133846.0,Senior,6,,,"CSS, HTML, Javascript, PHP, Python, SQL, VBA",Hombre Cis,False
2500000.0,Senior,16,,,"Bash/Shell, CSS, HTML, Javascript, PHP, SQL",Hombre Cis,False
2796000.0,Semi-Senior,4,,,"Dart, SQL",Hombre Cis,False
1037000.0,Semi-Senior,3,,,"CSS, HTML, Javascript",Hombre Cis,False
2400000.0,Semi-Senior,4,Universitario,Completo,"Java, Kotlin",Hombre Cis,False
2800000.0,Junior,1,,,"Javascript, SQL, TypeScript",Hombre Cis,False
2600000.0,Semi-Senior,5,,,"Bash/Shell, Python",Hombre Cis,False
1900000.0,Semi-Senior,5,Universitario,En curso,"Bash/Shell, PHP, Python, SQL",Hombre Cis,False
3700000.0,Senior,16,,,"HTML, Java, Javascript",Hombre Cis,False
3200000.0,Senior,20,,,Ninguno de los anteriores,Hombre Cis,False
2600000.0,Senior,21,,,Ninguno de los anteriores,Hombre Cis,False
2883990.0,Semi-Senior,3,Universitario,Completo,".NET, C#, SQL",Hombre Cis,False
4025000.0,Senior,6,,,SQL,Hombre Cis,False
7000000.0,Senior,20,,,".NET, C#",Hombre Cis,False
1800000.0,Semi-Senior,3,Universitario,Completo,"Python, SQL",Hombre Cis,False
1009000.0,Junior,1,Universitario,En curso,"Bash/Shell, Javascript, SQL, TypeScript",Hombre Cis,False
5254300.0,Senior,35,,,".NET, ABAP, Bash/Shell, C#, Java, Javascript, Python, SQL",Hombre Cis,False
1900000.0,Semi-Senior,4,,,"Java, SQL",Mujer Cis,False
5500000.0,Senior,15,,,".NET, COBOL, CSS, HTML, Java, Javascript, SQL, VBA",Hombre Cis,False
4600000.0,Semi-Senior,5,,,"CSS, HTML, Javascript",Mujer Cis,False
3500000.0,Senior,30,,,Ninguno de los anteriores,Hombre Cis,False
4216601.0,Semi-Senior,3,,,"CSS, HTML, PHP, SQL",Hombre Cis,False
3000000.0,Semi-Senior,5,,,"Python, SQL",Hombre Cis,False
1445783.0,Semi-Senior,3,,,"Java, Javascript, TypeScript",Hombre Cis,False
2200000.0,Semi-Senior,5,,,Ninguno de los anteriores,Hombre Cis,False
2514000.0,Semi-Senior,3,,,"Python, SQL",Hombre Cis,False
2400000.0,Senior,15,,,SQL,Hombre Cis,False
4200000.0,Senior,25,,,".NET, Arduino, C++, C#, CSS, HTML, Java, Javascript, SQL, TypeScript",Hombre Cis,False
1800000.0,Semi-Senior,4,Universitario,En curso,"C++, Java, Kotlin, Python",Mujer Cis,False
4200000.0,Semi-Senior,4,,,"Bash/Shell, C, Groovy, Python",Hombre Cis,False
2680000.0,Senior,15,,,Ninguno de los anteriores,Hombre Cis,False
4000000.0,Senior,40,,,Javascript,Mujer Cis,False
2478000.0,Junior,2,Universitario,En curso,"Smalltalk, SQL",Mujer Cis,False
3200000.0,Senior,6,Universitario,Completo,"CSS, HTML, Java, TypeScript",Hombre Cis,False
2500000.0,Semi-Senior,4,Universitario,Completo,".NET, HTML, Javascript, TypeScript",Hombre Cis,False
2000000.0,Semi-Senior,3,,,Javascript,No binarie,False
3600000.0,Semi-Senior,3,,,Ninguno de los anteriores,Mujer Cis,False
2300000.0,Junior,2,,,"Python, SQL",Hombre Cis,False
2140560.0,Senior,16,,,"CSS, Javascript, PHP, TypeScript",Hombre Cis,False
1108556.0,Semi-Senior,3,,,Ninguno de los anteriores,Mujer Cis,False
2000000.0,Semi-Senior,5,,,Ninguno de los anteriores,Mujer Cis,False
3440833.0,Senior,22,,,".NET, C#, CSS, HTML, Java, Javascript, SQL, TypeScript",Hombre Cis,False
1179363.0,Junior,0,Terciario,En curso,"Apex, SOQL",Hombre Cis,False
1704000.0,Junior,1,,,"R, VBA",Hombre Cis,False
609986.0,Senior,9,,,"Bash/Shell, Python",Hombre Cis,False
4600000.0,Semi-Senior,5,,,".NET, C#, SQL",Hombre Cis,False
1750000.0,Junior,2,Universitario,En curso,Ninguno de los anteriores,Hombre Cis,False
2300000.0,Semi-Senior,3,Posgrado/Especialización,Completo,Ninguno de los anteriores,Mujer Cis,False
3097000.0,Senior,18,Terciario,Completo,"Ruby, Powershell",Hombre Cis,False
3666666.0,Semi-Senior,5,Universitario,Incompleto,"CSS, HTML, Javascript, TypeScript",Hombre Cis,False
2850000.0,Senior,22,,,"Python, SQL",Hombre Cis,False
2600000.0,Semi-Senior,5,,,Ninguno de los anteriores,Mujer Cis,False
2500000.0,Senior,8,,,".NET, C#, Javascript, SQL",Hombre Cis,False
3600000.0,Semi-Senior,3,,,Ninguno de los anteriores,Hombre Cis,False
3500000.0,Semi-Senior,4,Terciario,Completo,".NET, C#, CSS, HTML, Javascript",Hombre Cis,False
4300000.0,Senior,20,,,ABAP,Hombre Cis,False
4198944.0,Senior,15,,,"C++, Python",Hombre Cis,False
3010000.0,Semi-Senior,3,,,"Go, Java, Kotlin",Mujer Cis,False
1500000.0,Senior,15,,,"PHP, Python",Mujer Cis,False
3100000.0,Semi-Senior,4,,,"Python, SQL",Hombre Cis,False
3000000.0,Senior,8,Posgrado/Especialización,Completo,"Bash/Shell, Go, HTML, PHP, Python",Hombre Cis,False
2900000.0,Semi-Senior,5,Universitario,En curso,"Javascript, Python, SQL",Hombre Cis,False
3600000.0,Senior,18,,,"Groovy, Python",Hombre Cis,False
8500000.0,Senior,7,Universitario,Completo,"CSS, HTML, Java, Javascript, TypeScript",Hombre Cis,False
534688.0,Semi-Senior,3,Terciario,En curso,Python,Hombre Cis,False
2100000.0,Senior,28,,,Python,Hombre Cis,False
8100000.0,Senior,28,,,Ninguno de los anteriores,Hombre Cis,False
2100000.0,Senior,8,,,Ninguno de los anteriores,Mujer Cis,False
1000000.0,Semi-Senior,3,Terciario,Incompleto,"CSS, HTML, Javascript, SQL",Hombre Cis,False
4700000.0,Senior,7,Universitario,Completo,".NET, C#, CSS, Dart, HTML, Javascript, PHP, SQL, TypeScript",Hombre Cis,False
2000000.0,Senior,15,,,"CSS, HTML, Javascript, SQL, TypeScript",Hombre Cis,False
5800000.0,Senior,7,,,"Bash/Shell, Python",Hombre Cis,False
5200000.0,Senior,6,,,Swift,Hombre Cis,False
3200000.0,Senior,20,,,Ninguno de los anteriores,Mujer Cis,False
203000.0,Semi-Senior,4,,,"Python, SQL",Hombre Cis,False
1250000.0,Junior,0,Universitario,En curso,Ninguno de los anteriores,Hombre Cis,False
4600000.0,Senior,10,,,Ninguno de los anteriores,Hombre Cis,False
1870953.0,Semi-Senior,5,,,".NET, CSS, HTML, Javascript, PHP, SQL, TypeScript",Hombre Cis,False
1700000.0,Junior,1,,,"CSS, HTML, Java, Javascript",Hombre Cis,False
4124367.0,Senior,10,Terciario,Completo,"Bash/Shell, Python",Hombre Cis,False
3640000.0,Senior,6,,,"Kotlin, TypeScript",Mujer Cis,False
2000000.0,Semi-Senior,5,Universitario,Incompleto,"C#, CSS, HTML, Javascript, SQL, TypeScript",Hombre Cis,False
3000000.0,Semi-Senior,5,,,"CSS, HTML, Javascript",Hombre Cis,False
10000000.0,Senior,18,,,"HTML, Java, SQL",Hombre Cis,False
1800000.0,Semi-Senior,4,,,"Javascript, PHP",Hombre Cis,False
2167000.0,Semi-Senior,3,,,"HTML, Javascript, SQL",Mujer Cis,False
5800000.0,Senior,12,,,"PHP, Python",Hombre Cis,False
2384388.93,Semi-Senior,4,Universitario,Completo,"Bash/Shell, Javascript, Python, SQL, TypeScript",Hombre Cis,False
2600000.0,Semi-Senior,4,Universitario,Completo,"C, C++, Python, SQL",Hombre Cis,False
1776312.0,Junior,2,Universitario,Completo,"CSS, HTML, Javascript, PHP",Hombre Cis,False
5000000.0,Semi-Senior,5,,,HTML,Hombre Cis,False
2250000.0,Senior,6,,,".NET, C#, CSS, HTML, Javascript, SQL",Hombre Cis,False
4500000.0,Senior,10,Universitario,Completo,"Bash/Shell, Java",Hombre Cis,False
3700000.0,Semi-Senior,4,,,"Bash/Shell, Javascript, PHP, Python",Hombre Cis,False
3000000.0,Junior,2,Universitario,Completo,"Bash/Shell, Rust, Solidity",Hombre Cis,False
3400000.0,Senior,15,Terciario,En curso,Bash/Shell,Hombre Cis,False
1643100.0,Junior,2,,,"Bash/Shell, CSS, HTML, Javascript, PHP, SQL",Mujer Cis,False
1825959.0,Semi-Senior,3,Terciario,En curso,Ninguno de los anteriores,Mujer Cis,False
3600000.0,Senior,8,,,Ninguno de los anteriores,Hombre Cis,False
5700000.0,Senior,20,Maestría,En curso,Ninguno de los anteriores,Hombre Cis,False
3656183.0,Senior,20,Universitario,Incompleto,"CSS, HTML, Java, Javascript, SQL, TypeScript",Mujer Cis,False
2400000.0,Senior,35,,,"Bash/Shell, SQL",Hombre Cis,False
2800000.0,Semi-Senior,4,,,"CSS, HTML, Javascript, TypeScript",Mujer Cis,False
2600000.0,Semi-Senior,4,Universitario,Completo,Ninguno de los anteriores,Mujer Cis,False
3200000.0,Senior,17,,,".NET, C#, HTML, Javascript, SQL, TypeScript",Hombre Cis,False
2924312.16,Semi-Senior,3,Maestría,Completo,"Python, SQL",Hombre Cis,False
3150000.0,Senior,10,Universitario,Completo,Powerbuilder 19,Hombre Cis,False
3450000.0,Semi-Senior,5,,,"Arduino, C#, CSS, HTML, Javascript, PHP, Python",Hombre Cis,False
6180000.0,Senior,25,,,Ninguno de los anteriores,Hombre Cis,False
2840000.0,Senior,39,,,SQL,Hombre Cis,False
2300000.0,Semi-Senior,5,,,"ABAP, HTML, Javascript",Mujer Cis,False
2800000.0,Semi-Senior,5,Universitario,Incompleto,"CSS, HTML, Java, Javascript",Hombre Cis,False
2500000.0,Senior,6,,,".NET, C#, SQL",Hombre Cis,False
1357116.0,Junior,2,,,SQL,Mujer Cis,False
1823000.0,Senior,8,,,Ninguno de los anteriores,Hombre Cis,False
5110000.0,Senior,17,Maestría,Completo,"Python, R, SQL",Mujer Cis,False
4300000.0,Senior,17,,,Ninguno de los anteriores,Hombre Cis,False
6000000.0,Senior,8,,,"Bash/Shell, CSS, HTML, Java, Javascript, Python, Scala, SQL, TypeScript",Hombre Cis,False
1700000.0,Senior,11,Universitario,Completo,"Python, SQL",Mujer Cis,False
3057227.0,Semi-Senior,5,,,".NET, C#, CSS, SQL, TypeScript",Hombre Cis,False
1784197.0,Senior,7,Terciario,Completo,".NET, C#, CSS, HTML, Javascript, SQL, TypeScript",Mujer Cis,False
1112805.0,Semi-Senior,4,Universitario,Completo,"CSS, HTML, Javascript, SQL",Hombre Cis,False
1800000.0,Semi-Senior,3,,,".NET, Javascript, Kotlin",Mujer Cis,False
2252166.15,Semi-Senior,5,,,"HTML, Javascript, PHP, SQL",Hombre Cis,False
2950640.0,Senior,7,,,"HTML, Javascript, Python, SQL, TypeScript",Hombre Cis,False
2650600.0,Senior,13,Universitario,Completo,C#,Hombre Cis,False
2400000.0,Senior,25,,,"HTML, Javascript, PHP, Python, TypeScript",Hombre Cis,False
5678823.89,Semi-Senior,4,,,"CSS, HTML, Java, Javascript, Python, SQL, TypeScript",Mujer Cis,False
10310527.52,Senior,9,Universitario,Completo,Python,Hombre Cis,False
2300000.0,Semi-Senior,3,Universitario,Incompleto,"Bash/Shell, SQL, TypeScript",Hombre Cis,False
1500000.0,Junior,2,,,"Python, SQL",Hombre Cis,False
1645758.0,Semi-Senior,4,Terciario,Completo,Arduino,Hombre Cis,False
3500000.0,Senior,15,,,"Javascript, PHP",Hombre Cis,False
6122324.0,Senior,12,,,Ninguno de los anteriores,Mujer Cis,False
2955907.0,Senior,17,Terciario,Completo,"CSS, HTML, Javascript",Hombre Cis,False
3300000.0,Semi-Senior,3,Terciario,Incompleto,"CSS, HTML, Javascript, TypeScript",Hombre Cis,False
8000000.0,Senior,9,,,"Javascript, Python, TypeScript",Hombre Cis,False
2400000.0,Semi-Senior,4,Universitario,Incompleto,"Bash/Shell, C++",Hombre Cis,False
4000000.0,Senior,7,,,Java,Hombre Cis,False
1400000.0,Junior,2,,,Ninguno de los anteriores,Mujer Cis,False
1700000.0,Senior,6,,,Ninguno de los anteriores,Hombre Cis,False
4000000.0,Senior,10,,,"Javascript, TypeScript",Mujer Cis,False
2700000.0,Senior,30,,,".NET, Bash/Shell",Prefiero no decir,False
1300000.0,Senior,10,,,Bash/Shell,Hombre Cis,False
3500000.0,Senior,9,,,ABAP,Mujer Cis,False
7700000.0,Senior,15,,,"C#, Go, Groovy, HTML, Java, Javascript, Kotlin, Matlab, PHP, SQL, TypeScript",Hombre Cis,False
990000.0,Junior,1,,,"Javascript, SQL, TypeScript",Hombre Cis,False
6300000.0,Senior,9,Universitario,Incompleto,"Javascript, SQL, TypeScript",Mujer Cis,False
4852907.0,Senior,10,Universitario,Completo,"Go, Java",Hombre Cis,False
4900000.0,Senior,20,,,Ninguno de los anteriores,Hombre Cis,False
1800000.0,Semi-Senior,3,,,"C#, HTML, Javascript, Python, SQL, TypeScript",Hombre Cis,False
4200000.0,Senior,6,,,"Python, SQL",Mujer Cis,False
1129000.0,Junior,2,,,Ninguno de los anteriores,Hombre Cis,False
1500000.0,Senior,26,,,Ninguno de los anteriores,Hombre Cis,False
1400000.0,Semi-Senior,3,,,"CSS, HTML, Javascript, PHP, SQL",Hombre Cis,False
4580000.0,Semi-Senior,4,Universitario,En curso,Ninguno de los anteriores,Hombre Cis,False
2100000.0,Senior,7,Universitario,Completo,"Javascript, PHP, TypeScript",Hombre Cis,False
3200000.0,Semi-Senior,5,,,Java,Mujer Cis,False
3100000.0,Semi-Senior,3,,,"C#, CSS, HTML, Javascript, SQL",Mujer Cis,False
1334000.0,Semi-Senior,4,,,"Javascript, SQL",Mujer Cis,False
4131000.0,Senior,18,,,Ninguno de los anteriores,Hombre Cis,False
3399083.0,Senior,7,Universitario,Completo,"Arduino, Bash/Shell, C, C++, Python",Hombre Cis,False
2900000.0,Senior,14,,,Dart,Hombre Cis,False
2810000.0,Senior,9,Universitario,En curso,"C, Groovy, Java, SQL",Hombre Cis,False
3200000.0,Senior,8,Universitario,Completo,"Bash/Shell, PHP, Python",Hombre Cis,False
2511185.3,Semi-Senior,4,,,"Javascript, SQL",Hombre Cis,False
4555004.0,Senior,9,,,"Bash/Shell, HTML, Java, PHP, SQL",Hombre Cis,False
2000000.0,Senior,15,,,"Python, SQL",Hombre Cis,False
2074000.0,Semi-Senior,3,,,"CSS, SQL, TypeScript",Mujer Cis,False
5400000.0,Senior,9,,,"Bash/Shell, Go",Hombre Cis,False
1560000.0,Senior,15,Universitario,Completo,"HTML, Javascript, PHP, Python, SQL",Hombre Cis,False
600000.0,Senior,15,,,Python,Hombre Cis,False
5200000.0,Senior,10,,,"Bash/Shell, CSS, HTML, Java, Javascript, PHP, SQL, TypeScript",Hombre Cis,False
3380000.0,Senior,12,Universitario,Completo,Python,Hombre Cis,False
2419925.0,Senior,20,Universitario,Completo,"Arduino, Bash/Shell, C, Java",Hombre Cis,False
1121056.0,Junior,2,Universitario,En curso,"Python, SQL",Hombre Cis,False
1700000.0,Senior,10,,,"Javascript, PHP, SQL",Hombre Cis,False
3000000.0,Semi-Senior,4,,,"Python, SQL",Hombre Cis,False
3300000.0,Semi-Senior,4,,,"Bash/Shell, CSS, Perl, Python, SQL",Hombre Cis,False
1982975.31,Junior,1,Universitario,En curso,"SQL, Advpl",Hombre Cis,False
4000000.0,Senior,20,,,Ninguno de los anteriores,Hombre Cis,False
5376378.27,Junior,1,Universitario,Completo,"Python, SQL",Hombre Cis,False
3800000.0,Senior,10,,,".NET, C#, SQL",Hombre Cis,False
4763000.0,Senior,10,Universitario,Incompleto,"Java, SQL",Mujer Cis,False
2200000.0,Semi-Senior,5,,,"Bash/Shell, Java, Javascript, SQL",Hombre Cis,False
2527294.65,Semi-Senior,3,Universitario,En curso,".NET, C#, Python, SQL, TypeScript",Hombre Cis,False
5087751.0,Senior,9,,,"CSS, HTML, Javascript, Python, TypeScript",Hombre Cis,False
1300000.0,Senior,6,Terciario,Completo,Ninguno de los anteriores,Hombre Cis,False
3000000.0,Senior,25,,,"Java, Javascript, SQL, TypeScript",Hombre Cis,False
450000.0,Senior,40,,,"COBOL, Python",Hombre Cis,False
2450000.0,Senior,15,Secundario,Completo,Bash/Shell,Hombre Cis,False
3449205.0,Semi-Senior,5,Maestría,En curso,"Javascript, TypeScript",Mujer Cis,False
2500000.0,Senior,30,,,Ninguno de los anteriores,Hombre Cis,False
1750000.0,Semi-Senior,3,,,"HTML, Javascript, TypeScript",Hombre Cis,False
2050000.0,Junior,2,,,"HTML, Javascript, TypeScript",Hombre Cis,False
3470000.0,Senior,17,,,C#,Hombre Cis,False
5000000.0,Senior,37,,,"Bash/Shell, Javascript, Python",Hombre Cis,False
3500000.0,Semi-Senior,4,Universitario,En curso,"HTML, Javascript, Python, SQL, TypeScript",Hombre Cis,False
5500000.0,Senior,18,,,Javascript,Hombre Cis,False
2940000.0,Semi-Senior,4,,,SQL,Hombre Cis,False
1200000.0,Semi-Senior,4,,,Ninguno de los anteriores,Hombre Cis,False
2864000.0,Semi-Senior,4,Maestría,Incompleto,"Python, SQL",Hombre Cis,False
4138145.0,Semi-Senior,3,Doctorado,Completo,"Python, SQL",Mujer Cis,False
4900000.0,Semi-Senior,5,Maestría,En curso,"Python, R, SQL",Mujer Cis,False
2200000.0,Senior,10,,,Ninguno de los anteriores,Mujer Cis,False
4400000.0,Semi-Senior,4,Doctorado,Incompleto,"Python, Cypher",Mujer Cis,False
2738000.0,Semi-Senior,5,,,0,Mujer Cis,False
2923187.0,Junior,2,Universitario,En curso,"Bash/Shell, PHP, SQL, TypeScript",Mujer Cis,False
3000000.0,Semi-Senior,3,,,"Bash/Shell, Python",Hombre Cis,False
4200000.0,Senior,8,Universitario,Incompleto,"Go, Java",Mujer Cis,False
1468000.0,Senior,10,,,".NET, CSS, HTML, Javascript, Python, SQL",Mujer Cis,False
4754000.0,Senior,25,,,"Python, HCL",Hombre Cis,False
2200000.0,Senior,10,,,"C++, C#, HTML, Java, Javascript, Perl",Hombre Cis,False
1854000.0,Senior,10,,,"HTML, Javascript, SQL, VBA",Hombre Cis,False
6655210.0,Senior,20,,,Bash/Shell,Hombre Cis,False
4000000.0,Senior,15,,,"Javascript, Python, SQL, TypeScript",Hombre Cis,False
1585867.0,Senior,15,,,"CSS, HTML, Javascript, PHP, Python",Hombre Cis,False
3000000.0,Semi-Senior,5,,,"Java, Javascript, Python",Hombre Cis,False
3000000.0,Semi-Senior,5,,,"Bash/Shell, CSS, HTML, Java, Javascript, Ruby",Hombre Cis,False
4700000.0,Senior,8,,,"CSS, Go, HTML, Javascript, TypeScript",Hombre Cis,False
2137882.0,Senior,27,,,SQL,Hombre Cis,False
1207000.0,Semi-Senior,4,,,"CSS, Go, HTML, Javascript, TypeScript",Hombre Cis,False
7893000.0,Senior,18,Universitario,Completo,"Bash/Shell, Java, Perl, Python, SQL",Mujer Cis,False
2055000.0,Senior,6,Universitario,Incompleto,Ninguno de los anteriores,Hombre Cis,False
4024814.0,Senior,8,,,"Java, Python, R, SQL",Hombre Cis,False
2741800.0,Semi-Senior,4,Universitario,Completo,".NET, Javascript",Mujer Cis,False
3000000.0,Senior,15,,,"Bash/Shell, Python",Hombre Cis,False
2568500.0,Senior,6,Universitario,En curso,".NET, SQL, VBA",Hombre Cis,False
2295000.0,Senior,6,Terciario,Completo,"Java, SQL",Hombre Cis,False
3200000.0,Semi-Senior,5,,,"Go, HTML, Javascript, TypeScript",Hombre Cis,False
3110993.0,Senior,8,Universitario,Incompleto,"CSS, HTML",Mujer Cis,False
3000000.0,Senior,40,,,"HTML, Javascript",Hombre Cis,False
2400000.0,Semi-Senior,3,,,Ninguno de los anteriores,Hombre Cis,False
1980000.0,Junior,2,Terciario,En curso,"Python, SQL",Hombre Cis,False
2850000.0,Semi-Senior,3,Universitario,Incompleto,Java,Hombre Cis,False
5200000.0,Senior,15,Universitario,Completo,Ninguno de los anteriores,Hombre Cis,False
3900000.0,Senior,6,Universitario,Completo,"Go, Java, Javascript, Kotlin, TypeScript",Hombre Cis,False
2204136.0,Semi-Senior,4,Universitario,En curso,"C#, Java",Mujer Cis,False
3146000.0,Senior,20,Universitario,Completo,Ninguno de los anteriores,Hombre Cis,False
1212315.0,Junior,1,Maestría,En curso,"Python, SQL",Mujer Cis,False
4000000.0,Semi-Senior,3,Universitario,En curso,Java,Mujer Cis,False
1080000.0,Semi-Senior,5,Posgrado/Especialización,Completo,Ninguno de los anteriores,Mujer Cis,False
5230075.0,Senior,30,Posgrado/Especialización,Completo,"C++, Java, Javascript, Python, TypeScript",Hombre Cis,False
4330000.0,Senior,12,Universitario,En curso,"Bash/Shell, SQL",Mujer Cis,False
1450000.0,Semi-Senior,5,Terciario,En curso,"Python, SQL",Hombre Cis,False
2468000.0,Senior,8,,,SQL,Mujer Cis,False
2300000.0,Semi-Senior,4,,,"Bash/Shell, Javascript, PHP, Python, SQL, TypeScript",Hombre Cis,False
1475840.0,Semi-Senior,3,,,"CSS, HTML",Mujer Cis,False
1775000.0,Junior,2,Universitario,En curso,"HTML, Python",Hombre Cis,False
1500000.0,Junior,0,,,"Bash/Shell, CSS, HTML, Javascript, PHP, Python, SQL, TypeScript",Hombre Cis,False
3190000.0,Semi-Senior,4,,,"CSS, HTML, Javascript",Hombre Cis,False
2250868.0,Semi-Senior,5,,,".NET, TypeScript",Hombre Cis,False
1162000.0,Junior,1,Universitario,En curso,"C#, SQL",Hombre Cis,False
1872000.0,Senior,11,Terciario,Completo,Ninguno de los anteriores,Hombre Cis,False
4500000.0,Senior,35,Posgrado/Especialización,Completo,Ninguno de los anteriores,Hombre Cis,False
5600000.0,Senior,6,Universitario,Incompleto,"Java, Javascript, Kotlin, SQL, TypeScript",Hombre Cis,False
11000000.0,Senior,25,,,"CSS, HTML, Python, SQL",Hombre Cis,False
300000.0,Senior,7,,,"CSS, HTML, Javascript",No binarie,False
3300000.0,Senior,6,,,"Python, Rust, SQL",Hombre Cis,False
2160000.0,Junior,2,,,"CSS, HTML, Javascript, SQL, TypeScript",Hombre Cis,False
4317900.0,Semi-Senior,5,Doctorado,Completo,"Bash/Shell, Python, SQL",Mujer Cis,False
1850000.0,Senior,15,,,"HTML, Javascript, PHP, SQL",Hombre Cis,False
1754859.0,Semi-Senior,5,,,Ninguno de los anteriores,Hombre Cis,False
700000.0,Senior,10,Universitario,Completo,"CSS, HTML, Javascript, Python, SQL",Hombre Cis,False
2750000.0,Semi-Senior,3,,,"Go, Groovy, Python, Ruby",Hombre Cis,False
2000000.0,Senior,15,,,"Python, R, SQL",Mujer Cis,False
2760000.0,Senior,6,,,"Javascript, Python",Hombre Cis,False
2413840.0,Semi-Senior,5,,,"Python, Smalltalk, SQL",Hombre Cis,False
3100000.0,Senior,10,,,"Go, HTML, Java, Javascript, Python, SQL",Hombre Cis,False
2900000.0,Semi-Senior,5,,,"Java, SQL",Hombre Cis,False
4100000.0,Semi-Senior,3,Posgrado/Especialización,Completo,SQL,Hombre Cis,False
200000.0,Senior,15,Universitario,Completo,Python,Hombre Cis,False
4200000.0,Senior,6,Universitario,Completo,"Javascript, Python, SQL",Hombre Cis,False
4500000.0,Senior,18,,,"CSS, HTML, Java, Javascript, SQL",Hombre Cis,False
2800000.0,Senior,25,,,Ninguno de los anteriores,Hombre Cis,False
3209586.0,Semi-Senior,4,Terciario,En curso,Python,Hombre Cis,False
1281000.0,Semi-Senior,3,,,"Python, SQL, TypeScript",Hombre Cis,False
4200000.0,Semi-Senior,5,,,"Bash/Shell, C#, Java, Javascript, Python, TypeScript",Hombre Cis,False
1500000.0,Semi-Senior,4,,,"Javascript, SQL",Mujer Cis,False
1840000.0,Junior,2,,,"HTML, Javascript, PHP, Python, SQL, TypeScript",Hombre Cis,False
4000000.0,Senior,15,,,".NET, C#, CSS, HTML, Javascript, SQL, VBA",Hombre Cis,False
3000000.0,Semi-Senior,5,Universitario,Completo,".NET, C#",Hombre Cis,False
4800000.0,Senior,20,,,Ninguno de los anteriores,Hombre Cis,False
3339000.0,Senior,20,,,"CSS, HTML, Javascript, PHP, SQL",Hombre Cis,False
3750000.0,Senior,12,Posgrado/Especialización,Completo,"CSS, HTML, Javascript, PHP, SQL, TypeScript",Hombre Cis,False
3300000.0,Senior,23,,,Ninguno de los anteriores,Hombre Cis,False
4065000.0,Senior,20,Posgrado/Especialización,Incompleto,Ninguno de los anteriores,Hombre Cis,False
4680000.0,Senior,7,,,".NET, C#",Hombre Cis,False
6700000.0,Semi-Senior,5,,,"Java, Python, SQL",Hombre Cis,False
2560000.0,Semi-Senior,3,,,Ninguno de los anteriores,Hombre Cis,False
7500000.0,Senior,23,Posgrado/Especialización,Completo,".NET, C#, CSS, HTML, Java, Javascript, Objective-C, PHP, Python, SQL",Hombre Cis,False
4200000.0,Semi-Senior,3,,,"Go, Java",Mujer Cis,False
1800000.0,Senior,7,,,"Bash/Shell, CSS, HTML, Javascript, PHP, SQL, TypeScript",Hombre Cis,False
3500000.0,Junior,2,,,"Python, SQL",Hombre Cis,False
1870000.0,Junior,2,Terciario,Completo,Ninguno de los anteriores,Hombre Cis,False
430000.0,Senior,15,,,"Python, SQL",Mujer Cis,False
11680000.0,Semi-Senior,5,Doctorado,Completo,"Go, Python, SQL",Hombre Cis,False
480000.0,Junior,2,,,"CSS, HTML",Mujer Cis,False
3300000.0,Senior,12,,,"HTML, Java, Javascript, SQL, TypeScript",Hombre Cis,False
2470000.0,Semi-Senior,5,,,Javascript,Mujer Cis,False
4000000.0,Senior,20,,,Ninguno de los anteriores,Hombre Cis,False
7692000.0,Senior,18,Universitario,Incompleto,"Bash/Shell, Groovy, Java, Python",Hombre Cis,False
5000000.0,Senior,19,Universitario,Incompleto,SQL,Hombre Cis,False
4304000.0,Senior,6,,,"Bash/Shell, Javascript, Python, Rust, SQL, TypeScript",Hombre Cis,False
3500000.0,Senior,15,,,"Bash/Shell, Go, HTML, PHP, Python, SQL",Hombre Cis,False
1566724.5,Semi-Senior,3,Universitario,Completo,TypeScript,Mujer Cis,False
4200000.0,Senior,20,,,"HTML, Javascript, SQL",Mujer Cis,False
1900000.0,Junior,1,,,"Java, SQL",Mujer Cis,False
2198917.0,Senior,16,,,"Bash/Shell, HTML, Python, yaml",Hombre Cis,False
4500000.0,Senior,15,,,"CSS, Go, HTML, Javascript, SQL, TypeScript",Hombre Cis,False
1809000.0,Senior,23,,,".NET, C, C++, C#, HTML, Javascript",Hombre Cis,False
1917747.0,Semi-Senior,5,Posgrado/Especialización,En curso,"Python, SQL",Mujer Cis,False
2300000.0,Senior,15,Terciario,Completo,"HTML, Javascript, TypeScript",Hombre Cis,False
4840000.0,Senior,17,Terciario,En curso,"Smalltalk, SQL",Hombre Cis,False
5900000.0,Senior,15,Universitario,En curso,SQL,Hombre Cis,False
2600000.0,Senior,15,,,Ninguno de los anteriores,Hombre Cis,False
11350000.0,Senior,18,,,Ninguno de los anteriores,Hombre Cis,False
6000000.0,Senior,25,,,".NET, PHP, Python",Hombre Cis,False
2997062.0,Semi-Senior,3,,,"Python, SQL",Hombre Cis,False
4800000.0,Senior,6,Universitario,Completo,"Javascript, SQL, TypeScript",Hombre Cis,False
3450000.0,Senior,7,,,"CSS, HTML, Javascript, Python, SQL, TypeScript",Hombre Cis,False
2300000.0,Semi-Senior,4,Universitario,Completo,"HTML, Java, Javascript, Python, SQL, TypeScript",Hombre Cis,False
6000000.0,Senior,6,Universitario,Completo,"Bash/Shell, Python, SQL",Mujer Cis,False
2200000.0,Semi-Senior,4,Posgrado/Especialización,En curso,"Python, R, SQL",Hombre Cis,False
1900000.0,Semi-Senior,4,,,Bash/Shell,Hombre Cis,False
2000000.0,Junior,0,,,"Groovy, Java, Javascript",Hombre Cis,False
5950000.0,Senior,15,Universitario,Completo,"Bash/Shell, Python",Hombre Cis,False
2551738.0,Junior,2,Posgrado/Especialización,Completo,"Python, SQL",Hombre Cis,False
1700000.0,Senior,20,,,Ninguno de los anteriores,Hombre Cis,False
3200000.0,Senior,25,,,"Bash/Shell, CSS, HTML, Python, SQL",Hombre Cis,False
3333666.0,Semi-Senior,5,Universitario,Completo,Ninguno de los anteriores,Hombre Cis,False
5000000.0,Senior,15,Universitario,Completo,Ninguno de los anteriores,Mujer Cis,False
3347000.0,Senior,15,Universitario,Completo,Ninguno de los anteriores,Mujer Cis,False
3100000.0,Senior,20,,,"Javascript, PHP, SQL",Hombre Cis,False
2400000.0,Semi-Senior,4,Universitario,Completo,".NET, C#, CSS, HTML, Javascript, SQL, TypeScript",Hombre Cis,False
2766265.0,Semi-Senior,4,,,"Javascript, Kotlin, Swift, TypeScript",Hombre Cis,False
1280498.0,Senior,6,Universitario,En curso,SQL,Hombre Cis,False
952116.3,Junior,2,Universitario,En curso,Ninguno de los anteriores,Mujer Cis,False
1700000.0,Semi-Senior,3,Universitario,Completo,"Bash/Shell, SQL, JSON",Hombre Cis,False
2000000.0,Semi-Senior,3,,,SQL,Hombre Cis,False
3500000.0,Senior,20,,,"CSS, HTML, Javascript, Python, SQL, TypeScript",Hombre Cis,False
5900000.0,Semi-Senior,5,,,"CSS, Javascript",Mujer Cis,False
2376138.0,Junior,2,,,"SQL, JQL",Mujer Cis,False
5000000.0,Senior,30,,,SQL,Hombre Cis,False
6000000.0,Senior,31,Universitario,Completo,"CSS, Dart, HTML, Java, Javascript, PHP, SQL, TypeScript",Hombre Cis,False
2800000.0,Senior,6,,,"Bash/Shell, SQL",Hombre Cis,False
3859789.0,Senior,10,Terciario,En curso,"Javascript, Python, SQL",Hombre Cis,False
3300000.0,Semi-Senior,3,Terciario,Completo,"Javascript, TypeScript",Hombre Cis,False
4350000.0,Senior,24,Universitario,En curso,"Java, SQL",Mujer Cis,False
3637349.0,Senior,18,Universitario,Completo,"HTML, Java, Javascript, SQL, TypeScript",Hombre Cis,False
3638950.0,Senior,8,,,".NET, C#, Javascript, SQL",Hombre Cis,False
2461998.6,Senior,21,Terciario,Completo,"Javascript, Python, SQL, TypeScript",Hombre Cis,False
1600000.0,Junior,1,,,".NET, Java, Javascript, SQL, TypeScript",Hombre Cis,False
4400000.0,Senior,23,Universitario,Completo,"Python, SQL",Mujer Cis,False
3610879.0,Senior,17,,,"CSS, HTML, Javascript",Mujer Cis,False
1000000.0,Junior,1,,,Ninguno de los anteriores,Mujer Cis,False
4500000.0,Senior,19,Universitario,Completo,"Python, SQL",Mujer Cis,False
1375000.0,Senior,16,Terciario,Completo,"VBA, GAS",Hombre Cis,False
2800000.0,Senior,9,,,SQL,Hombre Cis,False
1578473.0,Junior,0,,,Ninguno de los anteriores,Hombre Cis,False
5640000.0,Senior,20,,,".NET, C#, Java, Javascript, SQL",Hombre Cis,False
1909147.0,Semi-Senior,4,Universitario,En curso,"Bash/Shell, HTML, Javascript, SQL, TypeScript",Mujer Cis,False
2756000.0,Senior,25,Terciario,Completo,"HTML, Java, Javascript, Kotlin, PHP, SQL",Mujer Cis,False
2464000.0,Senior,8,,,SQL,Hombre Cis,False
3000000.0,Senior,15,,,Ninguno de los anteriores,Hombre Cis,False
1874440.0,Semi-Senior,5,,,Ninguno de los anteriores,Hombre Cis,False
1400000.0,Semi-Senior,5,,,Ninguno de los anteriores,Hombre Cis,False
3500000.0,Senior,21,,,Ninguno de los anteriores,Hombre Cis,False
2200000.0,Semi-Senior,3,,,Python,Mujer Cis,False
1700000.0,Senior,6,,,Ninguno de los anteriores,Hombre Cis,False
5892000.0,Senior,13,,,Ninguno de los anteriores,Hombre Cis,False
1300000.0,Semi-Senior,3,,,".NET, Bash/Shell, C, C++, C#, Go, Java, Javascript, SQL, TypeScript",Hombre Cis,False
1750000.0,Senior,6,Universitario,Completo,"CSS, HTML",Hombre Cis,False
2000000.0,Semi-Senior,3,Terciario,Completo,"PHP, SQL",Hombre Cis,False
7500000.0,Senior,27,,,Ninguno de los anteriores,Hombre Cis,False
3930000.0,Semi-Senior,5,,,Ninguno de los anteriores,Mujer Cis,False
8000000.0,Senior,42,Universitario,Completo,"Bash/Shell, Java, Python, SQL",Hombre Cis,False
3731000.0,Senior,20,Universitario,Completo,SQL,Hombre Cis,False
3900000.0,Senior,22,Universitario,Incompleto,"Bash/Shell, Python",Hombre Cis,False
2524000.0,Semi-Senior,5,,,"Javascript, Python, SQL",Hombre Cis,False
1571573.0,Semi-Senior,4,,,"CSS, Go, HTML, Java, Javascript, TypeScript",Hombre Cis,False
1874575.0,Semi-Senior,3,,,Ninguno de los anteriores,Hombre Cis,False
3080000.0,Semi-Senior,3,,,"CSS, Javascript, TypeScript",Hombre Cis,False
4750000.0,Senior,20,,,Ninguno de los anteriores,Hombre Cis,False
1700000.0,Semi-Senior,5,,,"Bash/Shell, CSS, HTML, Javascript, PHP, Python, SQL",Hombre Cis,False
2400000.0,Senior,15,,,Ninguno de los anteriores,Mujer Cis,False
1051000.0,Semi-Senior,5,,,Ninguno de los anteriores,Mujer Cis,False
1800000.0,Senior,33,Posgrado/Especialización,En curso,"Assembler, C, C++, HTML, Javascript, Matlab, Python",Hombre Cis,False
910718.0,Semi-Senior,3,,,Ninguno de los anteriores,Hombre Cis,False
2900000.0,Junior,2,Terciario,Completo,"Java, Python",Mujer Cis,False
1000000.0,Junior,0,Universitario,En curso,Javascript,Hombre Cis,False
3000000.0,Semi-Senior,4,,,Python,Hombre Cis,False
1660000.0,Senior,15,,,"PHP, Python, SQL",Hombre Cis,False
4500000.0,Senior,24,Universitario,Completo,".NET, Bash/Shell, C++, Java, SQL, VBA, Visual Basic , SQR",Hombre Cis,False
2500000.0,Semi-Senior,5,,,"Bash/Shell, PHP, Python",Hombre Cis,False
1627939.0,Semi-Senior,3,Maestría,En curso,Ninguno de los anteriores,Mujer Cis,False
3336000.0,Semi-Senior,5,Universitario,Completo,"CSS, HTML, Java, SQL",Hombre Cis,False
2500000.0,Senior,14,,,".NET, Python, SQL",Hombre Cis,False
1264000.0,Semi-Senior,4,,,"Python, SQL",Hombre Cis,False
1450000.0,Junior,2,,,".NET, Python, SQL, VBA",Hombre Cis,False
5353000.0,Senior,12,Terciario,Completo,"Bash/Shell, Javascript, PHP, SQL, TypeScript",Mujer Cis,False
2783333.0,Senior,15,Universitario,En curso,Ninguno de los anteriores,Hombre Cis,False
2328322.53,Senior,25,Universitario,Completo,".NET, HTML, PHP, SQL, VBA",Hombre Cis,False
3600000.0,Senior,19,Universitario,Incompleto,Javascript,Hombre Cis,False
1700000.0,Junior,2,Universitario,Completo,Ninguno de los anteriores,Hombre Cis,False
1330000.0,Semi-Senior,3,,,"Bash/Shell, SQL",Mujer Cis,False
3200000.0,Senior,15,,,"Bash/Shell, SQL",Hombre Cis,False
2800000.0,Semi-Senior,3,,,Python,Hombre Cis,False
6000000.0,Senior,15,Maestría,Completo,Ninguno de los anteriores,Mujer Cis,False
1800000.0,Semi-Senior,4,,,"CSS, HTML, Javascript, TypeScript",Hombre Cis,False
4200000.0,Senior,17,,,Ninguno de los anteriores,Hombre Cis,False
3555212.06,Senior,6,,,"CSS, HTML, Java, Javascript, TypeScript",Hombre Cis,False
5041420.0,Senior,15,Universitario,Completo,"Python, SQL",Hombre Cis,False
1150000.0,Senior,30,,,Ninguno de los anteriores,Hombre Cis,False
2681327.0,Senior,7,,,"Ninguno de los anteriores, ",Mujer Cis,False
5574416.08,Semi-Senior,5,,,Ninguno de los anteriores,Hombre Cis,False
3492968.0,Semi-Senior,5,Universitario,En curso,".NET, C, SQL",Mujer Cis,False
1500000.0,Senior,7,Universitario,Incompleto,Ninguno de los anteriores,Mujer Cis,False
5200000.0,Semi-Senior,5,,,"Bash/Shell, CSS, HTML, PHP, SQL",Hombre Cis,False
943000.0,Junior,2,,,"HTML, Javascript, SQL",Mujer Cis,False
5175500.0,Senior,20,,,".NET, C#, CSS, HTML, Python, SQL",Hombre Cis,False
6500000.0,Senior,6,Universitario,Incompleto,PHP,Hombre Cis,False
5800000.0,Senior,20,,,SQL,Hombre Cis,False
2845450.0,Semi-Senior,3,,,"Bash/Shell, HTML, Python, SQL, VBA",Hombre Cis,False
4100000.0,Senior,10,,,"Javascript, Python, SQL, TypeScript",Hombre Cis,False
3360000.0,Semi-Senior,5,Universitario,Incompleto,"CSS, HTML, Javascript, SQL, Swift, TypeScript",Hombre Cis,False
1767951.0,Semi-Senior,3,Terciario,Completo,Ninguno de los anteriores,Mujer Cis,False
2422110.0,Semi-Senior,5,,,"Python, SQL",Mujer Cis,False
5600000.0,Senior,17,,,"CSS, HTML, Java, Javascript, TypeScript",Hombre Cis,False
1988937.0,Senior,20,,,"Bash/Shell, CSS, HTML, Javascript, PHP, SQL, TypeScript",Hombre Cis,False
3700000.0,Senior,28,Universitario,Completo,"CSS, Javascript, PHP, Python, SQL",Hombre Cis,False
3300000.0,Senior,7,,,"Bash/Shell, SQL",Mujer Cis,False
5000000.0,Semi-Senior,4,Posgrado/Especialización,En curso,"Bash/Shell, HTML, Javascript, PHP, Python, SQL",Hombre Cis,False
2200000.0,Semi-Senior,4,,,"CSS, HTML, TypeScript",Hombre Cis,False
1087000.0,Senior,8,,,"CSS, HTML",Hombre Cis,False
3600000.0,Semi-Senior,3,Universitario,En curso,"Java, Kotlin",Hombre Cis,False
1980000.0,Junior,1,Universitario,En curso,".NET, Bash/Shell, C++, C#, HTML",Hombre Cis,False
3500000.0,Senior,10,Maestría,En curso,Python,Hombre Cis,False
2600000.0,Semi-Senior,4,,,"HTML, Javascript, TypeScript",Mujer Cis,False
2300000.0,Senior,22,Universitario,En curso,Ninguno de los anteriores,Hombre Cis,False
5647742.0,Semi-Senior,5,Universitario,Incompleto,"PHP, SQL",Hombre Cis,False
3200000.0,Senior,10,Terciario,Completo,"Javascript, Python, TypeScript",Hombre Cis,False
3480000.0,Senior,15,,,"Bash/Shell, Python",Hombre Cis,False
2500000.0,Semi-Senior,3,,,"CSS, HTML, Javascript, TypeScript",Hombre Cis,False
1195200.0,Senior,7,,,Ninguno de los anteriores,Mujer Cis,False
2227890.0,Semi-Senior,4,Universitario,Completo,"HTML, Javascript, Python, SQL",Hombre Cis,False
1339132.0,Junior,2,,,"HTML, Javascript, PHP, SQL, VBA",Mujer Cis,False
2000000.0,Senior,20,,,HTML,Hombre Cis,False
4488000.0,Senior,8,,,Ninguno de los anteriores,Hombre Cis,False
4500000.0,Senior,7,,,"Java, Javascript",Hombre Cis,False
12000000.0,Senior,20,Universitario,Completo,"Go, Java",Hombre Cis,False
3800000.0,Senior,15,Universitario,En curso,".NET, C#, CSS, HTML, Javascript, SQL",Hombre Cis,False
2775861.0,Semi-Senior,5,Terciario,Completo,"Bash/Shell, Python",Hombre Cis,False
1800000.0,Semi-Senior,4,,,"Javascript, SQL",Hombre Cis,False
1700000.0,Senior,7,Terciario,Completo,"Bash/Shell, PHP, Python",Hombre Cis,False
4500000.0,Semi-Senior,3,Terciario,Completo,COBOL,Hombre Cis,False
3750000.0,Senior,6,,,Ninguno de los anteriores,Hombre Cis,False
4900000.0,Senior,15,,,Ninguno de los anteriores,Hombre Cis,False
3400000.0,Senior,6,,,"Bash/Shell, CSS, HTML, Python, SQL",Hombre Cis,False
3800000.0,Senior,25,,,".NET, C#, CSS, HTML, Java, Javascript, Python, R, SQL, VBA",Hombre Cis,False
2900000.0,Senior,29,Universitario,Completo,SQL,Mujer Cis,False
4900000.0,Senior,9,Universitario,Incompleto,".NET, Python",Hombre Cis,False
3800000.0,Senior,16,,,"Bash/Shell, Go, Python, SQL",Hombre Cis,False
1500000.0,Semi-Senior,3,Secundario,Completo,Ninguno de los anteriores,Hombre Cis,False
961400.0,Junior,2,,,SQL,Mujer Cis,False
1200000.0,Junior,2,Universitario,En curso,"CSS, HTML, PHP, SQL, TypeScript",Hombre Cis,False
3990000.0,Senior,15,,,"Bash/Shell, Python, SQL",Hombre Cis,False
3568000.0,Senior,9,Universitario,Completo,"CSS, HTML, Javascript, PHP, Python, SQL, TypeScript",Hombre Cis,False
4220000.0,Senior,10,,,Java,Hombre Cis,False
4250000.0,Senior,6,,,"HTML, Javascript, Matlab, PHP, Python, SQL",Hombre Cis,False
1476143.0,Semi-Senior,5,Universitario,Completo,Ninguno de los anteriores,Hombre Cis,False
850000.0,Senior,30,,,".NET, Arduino, Assembler, Bash/Shell, Delphi, Java, SQL, VBA",Hombre Cis,False
3780000.0,Senior,18,,,SQL,Hombre Cis,False
2338260.0,Senior,15,Terciario,En curso,".NET, C#, SQL, VBA",Hombre Cis,False
4300000.0,Senior,7,Universitario,Incompleto,"Go, Javascript, TypeScript",Hombre Cis,False
4490000.0,Senior,9,Universitario,Completo,"Bash/Shell, Groovy, Javascript, SQL",Hombre Cis,False
5600000.0,Senior,6,,,"Bash/Shell, Python, LabVIEW",Hombre Cis,False
5600000.0,Senior,22,,,"Perl, Python",Hombre Cis,False
5800000.0,Senior,14,Universitario,Completo,"Javascript, Python",Hombre Cis,False
2200000.0,Semi-Senior,3,Universitario,Incompleto,".NET, C#, Javascript, SQL, TypeScript",Hombre Cis,False
4600000.0,Semi-Senior,3,,,"Javascript, Python, TypeScript",Mujer Cis,False
1863000.0,Semi-Senior,4,Universitario,Completo,Ninguno de los anteriores,Hombre Cis,False
3671506.0,Senior,10,Universitario,Incompleto,Bash/Shell,Hombre Cis,False
2500000.0,Semi-Senior,3,,,".NET, C#, Java, SQL",Hombre Cis,False
2330000.0,Junior,2,,,"SQL, VBA",Hombre Cis,False
1270087.0,Senior,20,Universitario,Completo,"Delphi, HTML, Javascript, Kotlin, PHP, Python, SQL, TypeScript, VBA",Hombre Cis,False
3700000.0,Semi-Senior,4,,,"Bash/Shell, HTML, Java, Javascript, TypeScript",Hombre Cis,False
2969872.0,Senior,20,,,"HTML, Python",Hombre Cis,False
3358093.0,Senior,8,Universitario,Completo,Ninguno de los anteriores,Hombre Cis,False
3570000.0,Semi-Senior,3,,,"Python, SQL",Mujer Cis,False
1659458.69,Semi-Senior,3,,,".NET, C#, Javascript",Mujer Cis,False
2500000.0,Semi-Senior,3,,,Ninguno de los anteriores,Hombre Cis,False
2449000.0,Semi-Senior,3,Posgrado/Especialización,En curso,"Bash/Shell, Javascript, Python, SQL",Hombre Cis,False
5885000.0,Senior,20,,,".NET, C#, Javascript, TypeScript",Mujer Cis,False
3150000.0,Senior,6,Posgrado/Especialización,En curso,"CSS, HTML, Javascript, PHP, Python, SQL, TypeScript",Hombre Cis,False
2318000.0,Senior,17,Terciario,Incompleto,"HTML, Javascript, TypeScript",Hombre Cis,False
1988216.0,Senior,11,Universitario,Completo,"CSS, HTML, PHP, SQL",Mujer Cis,False
4560000.0,Senior,10,,,Python,Hombre Cis,False
3160290.0,Semi-Senior,5,Universitario,Incompleto,"CSS, HTML, Javascript, SQL, TypeScript",Hombre Cis,False
1500000.0,Semi-Senior,3,,,"HTML, Java, Javascript, SQL",Mujer Cis,False
3987000.0,Senior,10,Posgrado/Especialización,Completo,Ninguno de los anteriores,Mujer Cis,False
2700000.0,Senior,10,,,Ninguno de los anteriores,Mujer Cis,False
5000000.0,Senior,11,Universitario,Completo,"Java, Python",Hombre Cis,False
2059479.6,Semi-Senior,5,Universitario,Incompleto,"C++, Javascript, SQL, TypeScript",Mujer Cis,False
1300000.0,Junior,2,,,"CSS, HTML, Javascript",Hombre Cis,False
3000000.0,Senior,18,Secundario,Completo,"Bash/Shell, Python",Hombre Cis,False
3400000.0,Senior,13,,,"Bash/Shell, CSS, Go, HTML, Javascript, PHP, Python, SQL, TypeScript",Hombre Cis,False
4700000.0,Senior,20,,,"Arduino, HTML, Java, Javascript, SQL",Hombre Cis,False
3248203.0,Senior,13,Universitario,Incompleto,"Bash/Shell, SQL",Hombre Cis,False
7900000.0,Senior,41,,,"HTML, Python, R, SQL",Hombre Cis,False
6017827.0,Senior,23,Universitario,Completo,".NET, C#, CSS, HTML, Java, Javascript, Python, SQL, TypeScript",Hombre Cis,False
1566000.0,Junior,1,Universitario,En curso,"HTML, Javascript, SQL, TypeScript",Mujer Cis,False
2500000.0,Senior,7,,,SQL,Hombre Cis,False
6800000.0,Senior,20,,,"Bash/Shell, Python, SQL",Hombre Cis,False
5714949.0,Senior,7,Universitario,Completo,"Go, Java, Javascript, SQL, TypeScript",Mujer Cis,False
5737102.0,Senior,7,Universitario,Completo,"Bash/Shell, Java",Hombre Cis,False
1518000.0,Senior,20,,,".NET, C, C++, C#, CSS, Delphi, HTML, PHP, Python, SQL",Hombre Cis,False
5714979.0,Senior,20,,,Ninguno de los anteriores,Hombre Cis,False
5600000.0,Semi-Senior,5,Universitario,Completo,"Python, SQL",Mujer Cis,False
12000000.0,Senior,35,Universitario,Incompleto,".NET, C#, COBOL, Go, HTML, Java, Javascript, Kotlin, Objective-C, Python, SQL, Swift, TypeScript",Hombre Cis,False
3700400.0,Semi-Senior,5,,,Python,Hombre Cis,False
4500000.0,Senior,25,Universitario,Incompleto,"Bash/Shell, Python, SQL",Mujer Cis,False
3900000.0,Semi-Senior,5,,,"CSS, HTML, Javascript, PHP, Python, TypeScript",Hombre Cis,False
400000.0,Senior,7,,,"HTML, Javascript, PHP",Hombre Cis,False
5800000.0,Senior,10,Universitario,En curso,"Bash/Shell, Javascript, Python, SQL, TypeScript",Mujer Cis,False
2600000.0,Senior,6,,,"Java, Javascript, SQL, TypeScript",Hombre Cis,False
3241955.0,Senior,12,Posgrado/Especialización,Completo,".NET, HTML, SQL",Hombre Cis,False
4400000.0,Semi-Senior,5,Universitario,En curso,"CSS, HTML, Javascript, TypeScript",Hombre Cis,False
1200000.0,Junior,2,Universitario,En curso,"HTML, Python, SQL",Hombre Cis,False
2900000.0,Semi-Senior,3,,,"Bash/Shell, Javascript, SQL",Hombre Cis,False
2900000.0,Semi-Senior,3,Terciario,Completo,"HTML, Javascript, TypeScript",Hombre Cis,False
2743000.0,Junior,2,,,"CSS, HTML, Javascript, PHP, Python, SQL",Hombre Cis,False
4400000.0,Senior,7,,,"Bash/Shell, PHP, Python, SQL",Hombre Cis,False
3000000.0,Senior,24,Universitario,Completo,"Bash/Shell, CSS, Groovy, HTML, Java, Javascript, Python, SQL",Hombre Cis,False
3400000.0,Semi-Senior,5,Terciario,En curso,"PHP, SQL",Hombre Cis,False
1600000.0,Semi-Senior,3,Universitario,Completo,"CSS, HTML",Hombre Cis,False
2600000.0,Junior,1,Terciario,Completo,"Java, SQL, TypeScript",Hombre Cis,False
2000000.0,Senior,10,Terciario,Completo,Ninguno de los anteriores,Hombre Cis,False
1712000.0,Semi-Senior,4,,,Ninguno de los anteriores,Hombre Cis,False
2273326.0,Junior,2,Universitario,En curso,"C++, Python",Mujer Cis,False
1700000.0,Semi-Senior,5,,,SQL,Hombre Cis,False
4500000.0,Senior,20,,,"CSS, HTML, Javascript, PHP",Hombre Cis,False
1700000.0,Semi-Senior,4,Posgrado/Especialización,Incompleto,"Bash/Shell, Java, Python",Hombre Cis,False
1764000.0,Junior,2,Universitario,Incompleto,"Assembler, COBOL, racf",Mujer Cis,False
2600000.0,Senior,15,Universitario,Completo,"HTML, SQL, VBA",No binarie,False
5981000.0,Senior,11,Terciario,Completo,"Java, SQL",Mujer Cis,False
3100000.0,Junior,2,Universitario,Completo,Ninguno de los anteriores,Mujer Cis,False
880000.0,Semi-Senior,5,,,"Java, Javascript, SQL",Hombre Cis,False
2000000.0,Semi-Senior,3,,,Bash/Shell,Hombre Cis,False
1800000.0,Junior,2,,,Bash/Shell,Hombre Cis,False
2800000.0,Senior,7,,,Ninguno de los anteriores,Mujer Cis,False
6900000.0,Senior,30,Universitario,Completo,"Ninguno de los anteriores, ",Mujer Cis,False
4300000.0,Senior,6,Posgrado/Especialización,Completo,Python,Hombre Cis,False
1350000.0,Semi-Senior,3,,,"Javascript, Python, SQL",Hombre Cis,False
4950000.0,Senior,10,Universitario,Completo,"CSS, HTML, Java, Javascript, SQL",Mujer Cis,False
1864830.0,Senior,12,,,Ninguno de los anteriores,Hombre Cis,False
4200000.0,Senior,23,Universitario,Incompleto,"Bash/Shell, SQL",Hombre Cis,False
2000000.0,Junior,2,,,".NET, C#, CSS, HTML, Javascript, Python, SQL, TypeScript",Hombre Cis,False
5961000.0,Senior,7,Maestría,En curso,"CSS, Javascript, TypeScript",Hombre Cis,False
1600000.0,Semi-Senior,4,Terciario,Completo,".NET, C#, Javascript, SQL",Mujer Cis,False
2500000.0,Senior,25,,,".NET, C#, CSS, HTML, Javascript, SQL",Hombre Cis,False
1200000.0,Junior,0,,,"Python, SQL",Hombre Cis,False
680000.0,Junior,2,Universitario,En curso,"CSS, HTML, Java, Javascript, PHP, SQL, TypeScript",Hombre Cis,False
2400000.0,Senior,7,Terciario,Completo,SQL,Hombre Cis,False
4026000.0,Senior,10,,,"Go, Javascript, Python, Ruby, TypeScript",Hombre Cis,False
4800000.0,Semi-Senior,3,,,"C#, Groovy, Java, Javascript, Python, SQL, TypeScript",Hombre Cis,False
3400000.0,Senior,11,,,".NET, C#, HTML, Javascript, Python, SQL",Hombre Cis,False
2864715.0,Semi-Senior,3,Universitario,En curso,".NET, Javascript, TypeScript",Mujer Cis,False
9408000.0,Senior,17,,,"Go, Kotlin",Hombre Cis,False
2750000.0,Junior,2,Universitario,En curso,"Javascript, Python",Hombre Cis,False
550000.0,Senior,14,,,Python,Hombre Cis,False
4000000.0,Senior,30,,,Ninguno de los anteriores,Mujer Cis,False
4167761.0,Semi-Senior,3,,,Ninguno de los anteriores,Hombre Cis,False
5700000.0,Senior,15,Universitario,Incompleto,"CSS, Go, HTML, Java, Javascript, Scala, SQL, TypeScript",Hombre Cis,False
4538023.57,Senior,10,,,SQL,Mujer Cis,False
2054763.0,Semi-Senior,3,,,Ninguno de los anteriores,Mujer Cis,False
900000.0,Junior,2,Terciario,Completo,Java,Mujer Cis,False
2260500.0,Senior,22,Universitario,Completo,Python,Hombre Cis,False
5600000.0,Senior,19,Universitario,Incompleto,Ninguno de los anteriores,Hombre Cis,False
3549481.0,Semi-Senior,3,Universitario,En curso,"Java, Kotlin, Python",Hombre Cis,False
3280188.0,Semi-Senior,3,,,"Bash/Shell, Go, Python",Hombre Cis,False
1550200.0,Semi-Senior,5,,,"Javascript, TypeScript",Hombre Cis,False
3650000.0,Senior,8,Universitario,Completo,".NET, C#, CSS, HTML, Javascript, SQL",Hombre Cis,False
5400000.0,Semi-Senior,5,,,Python,Hombre Cis,False
2904178.0,Semi-Senior,5,Universitario,Completo,"Bash/Shell, Java, SQL",Mujer Cis,False
1800000.0,Senior,23,Universitario,Incompleto,"CSS, HTML, PHP, SQL",Hombre Cis,False
2200000.0,Junior,2,Universitario,Completo,"HTML, Javascript, Python",Mujer Cis,False
5925000.0,Senior,13,,,Python,Hombre Cis,False
980000.0,Junior,1,,,"Bash/Shell, Python",Hombre Cis,False
4300000.0,Senior,18,Universitario,Completo,"CSS, HTML, Javascript, PHP, SQL",Hombre Cis,False
3351000.0,Senior,15,Terciario,Completo,"Javascript, PHP",Hombre Cis,False
2800000.0,Semi-Senior,3,Universitario,Completo,".NET, TypeScript",Hombre Cis,False
4000000.0,Semi-Senior,4,Universitario,En curso,"Java, Python",Hombre Cis,False
1200000.0,Junior,1,Universitario,En curso,"HTML, TypeScript",Hombre Cis,False
6900000.0,Senior,19,,,Ninguno de los anteriores,Hombre Cis,False
5400000.0,Senior,15,Maestría,Incompleto,"Bash/Shell, CSS, HTML, Javascript, Python, R, SQL",Hombre Cis,False
4697149.0,Senior,10,Terciario,Completo,"Python, SQL",Hombre Cis,False
4000000.0,Senior,9,,,"Python, SQL",Hombre Cis,False
8800000.0,Senior,12,,,"HTML, Java, Javascript, Kotlin, Scala, SQL",Hombre Cis,False
5500000.0,Senior,10,,,Ninguno de los anteriores,Hombre Cis,False
3900000.0,Senior,12,Universitario,Completo,".NET, Arduino, C, C++, C#, HTML, Javascript, Python, SQL",Hombre Cis,False
1300000.0,Junior,0,,,Ninguno de los anteriores,Hombre Cis,False
4700000.0,Senior,22,,,".NET, C#, Javascript, SQL, TypeScript",Hombre Cis,False
3150000.0,Senior,7,,,"HTML, Javascript, PHP, SQL",Hombre Cis,False
2600000.0,Junior,2,Universitario,En curso,"Java, Python, SQL",Hombre Cis,False
5400000.0,Senior,18,,,"Javascript, SQL",Mujer Cis,False
1605000.0,Senior,6,Universitario,Completo,HTML,Mujer Cis,False
1400000.0,Semi-Senior,5,Universitario,Completo,Bash/Shell,Hombre Cis,False
3053988.0,Senior,6,,,"Python, SQL",Hombre Cis,False
3120000.0,Senior,13,,,".NET, C#, Javascript, SQL",Hombre Cis,False
5000000.0,Senior,28,,,Ninguno de los anteriores,Hombre Cis,False
2600000.0,Senior,30,,,".NET, C#, CSS, HTML, Java, Javascript, PHP, Python, SQL, TypeScript",Hombre Cis,False
3000000.0,Semi-Senior,5,,,"C#, Python",Hombre Cis,False
7500000.0,Senior,35,Maestría,Completo,".NET, Bash/Shell, C#, CSS, Java, Javascript, Python, SQL",Hombre Cis,False
2300000.0,Senior,7,,,Ninguno de los anteriores,Hombre Cis,False
1900000.0,Semi-Senior,5,Universitario,Completo,".NET, C#, SQL",Hombre Cis,False
2440000.0,Semi-Senior,5,,,Ninguno de los anteriores,Hombre Cis,False
6000000.0,Senior,25,Maestría,En curso,".NET, C#, HTML, Javascript, SQL",Mujer Cis,False
3232693.0,Semi-Senior,3,,,SQL,Hombre Cis,False
2886000.0,Senior,15,,,"Javascript, SQL",Hombre Cis,False
5400000.0,Senior,14,,,"Java, SQL",Hombre Cis,False
4200000.0,Senior,9,Terciario,Completo,"Bash/Shell, Python",Hombre Cis,False
5000000.0,Senior,22,,,".NET, C#, HTML, Javascript, SQL, TypeScript",Hombre Cis,False
2640000.0,Semi-Senior,3,Secundario,Completo,Ninguno de los anteriores,Prefiero no decir,False
2781000.0,Semi-Senior,4,Universitario,Completo,"Bash/Shell, CSS, HTML, Java, Javascript, PHP, Python, SQL, TypeScript",Hombre Cis,False
2076101.0,Semi-Senior,3,Universitario,Incompleto,"Java, Python",Hombre Cis,False
2605302.0,Semi-Senior,3,Posgrado/Especialización,Completo,".NET, HTML, Javascript, Python, Swift",Hombre Cis,False
2700000.0,Semi-Senior,5,,,Ninguno de los anteriores,Hombre Cis,False
4250000.0,Semi-Senior,5,,,SQL,Hombre Cis,False
5452597.52,Junior,2,,,Ninguno de los anteriores,Hombre Cis,False
4300000.0,Senior,8,Universitario,Completo,"Python, SQL, TypeScript",Hombre Cis,False
4250000.0,Senior,6,,,Ninguno de los anteriores,Hombre Cis,False
9812439.58,Senior,16,Secundario,Completo,"Java, Kotlin, Scala, TypeScript",Hombre Cis,False
3500000.0,Semi-Senior,5,Posgrado/Especialización,Completo,"Java, SQL",Hombre Cis,False
3150000.0,Semi-Senior,4,,,".NET, C#, CSS, HTML, Javascript, SQL",Hombre Cis,False
1000000.0,Semi-Senior,3,,,"CSS, HTML, Javascript, SQL, TypeScript",Hombre Cis,False
4754000.0,Senior,25,,,"Python, Ruby",Hombre Cis,False
2413000.0,Semi-Senior,3,Terciario,Completo,"HTML, Javascript, PHP, TypeScript",Hombre Cis,False
3400000.0,Senior,23,,,".NET, C#, Python",Hombre Cis,False
3600000.0,Senior,20,,,"Javascript, TypeScript",Hombre Cis,False
500000.0,Junior,0,,,Ninguno de los anteriores,Mujer Cis,False
1600000.0,Senior,12,Terciario,Completo,"Dart, HTML",Mujer Cis,False
3639207.0,Senior,16,Universitario,Completo,"HTML, Java, Javascript, SQL",Hombre Cis,False
3800000.0,Junior,2,,,"Javascript, Python, SQL, TypeScript",Hombre Cis,False
2800000.0,Senior,6,,,".NET, C#, CSS, Java, Javascript, SQL, TypeScript",Hombre Cis,False
1300000.0,Junior,1,Terciario,Completo,COBOL,Mujer Cis,False
1700000.0,Semi-Senior,4,,,Javascript,Hombre Cis,False
2100000.0,Senior,6,,,"C#, HTML, Java, Javascript, Python, SQL",Hombre Cis,False
1500000.0,Semi-Senior,3,,,"Javascript, PHP, Python",Hombre Cis,False
6080104.0,Senior,6,Universitario,En curso,Java,Hombre Cis,False
800000.0,Senior,10,,,Ninguno de los anteriores,Mujer Cis,False
3500000.0,Senior,15,,,Bash/Shell,Hombre Cis,False
800000.0,Junior,2,,,".NET, C#, CSS, HTML, Javascript, SQL",Mujer Cis,False
4911368.0,Semi-Senior,5,,,Ninguno de los anteriores,Mujer Cis,False
2000000.0,Junior,2,Universitario,Incompleto,"Go, HTML, Javascript, PHP, SQL",Mujer Cis,False
1685000.0,Junior,1,,,".NET, C#, SQL",Hombre Cis,False
2800000.0,Senior,12,,,TypeScript,Hombre Cis,False
2100000.0,Senior,10,Posgrado/Especialización,Completo,Ninguno de los anteriores,Mujer Cis,False
1927417.0,Senior,7,,,"Python, SQL",Hombre Cis,False
4000000.0,Semi-Senior,5,,,Swift,Hombre Cis,False
3066000.0,Senior,13,,,Python,Mujer Cis,False
2708000.0,Senior,15,Terciario,Completo,"CSS, HTML, Java, Javascript, SQL, TypeScript",Hombre Cis,False
4332796.0,Senior,10,,,"C, HTML, Java, Javascript",Hombre Cis,False
5381000.0,Senior,17,,,Python,Hombre Cis,False
1000000.0,Senior,15,,,"Arduino, Python, VBA",Prefiero no decir,False
2000000.0,Semi-Senior,3,Universitario,Completo,SQL,Hombre Cis,False
2300000.0,Junior,1,,,"Javascript, Python, TypeScript",Hombre Cis,False
1000000.0,Senior,10,,,Ninguno de los anteriores,Hombre Cis,False
2000000.0,Senior,10,,,"Bash/Shell, SQL",Hombre Cis,False
7000000.0,Senior,15,,,Ninguno de los anteriores,Hombre Cis,False
3000000.0,Senior,9,,,Ninguno de los anteriores,Hombre Cis,False
1300000.0,Semi-Senior,5,,,"CSS, Dart, HTML, Javascript, PHP, Python, SQL, TypeScript",Hombre Cis,False
4900000.0,Senior,42,,,Ninguno de los anteriores,Hombre Cis,False
1800000.0,Senior,20,,,"Javascript, SQL, Oracle",Mujer Cis,False
1698515.0,Senior,15,Secundario,Completo,Ninguno de los anteriores,Hombre Cis,False
5633053.0,Senior,9,Universitario,Incompleto,".NET, C#, Javascript",Hombre Cis,False
4300000.0,Semi-Senior,3,Universitario,Completo,Ninguno de los anteriores,Hombre Cis,False
1400000.0,Senior,15,Universitario,Completo,".NET, C#, COBOL, Java, PHP, SQL",Hombre Cis,False
1900000.0,Semi-Senior,3,,,"HTML, Javascript, PHP, Python, SQL, TypeScript",Hombre Cis,False
2530000.0,Semi-Senior,4,,,ABAP,Hombre Cis,False
2500000.0,Senior,40,Universitario,Completo,".NET, Assembler, COBOL, Javascript, Perl, Python, SQL, VBA",Mujer Cis,False
3200000.0,Semi-Senior,3,Universitario,En curso,"CSS, Go, HTML, Java, Javascript, Python, SQL, TypeScript, VBA",Hombre Cis,False
2860000.0,Junior,2,,,"Bash/Shell, Perl, Python, R",Mujer Cis,False
4200000.0,Senior,10,,,"Python, SQL",Hombre Cis,False
4000000.0,Senior,35,,,"HTML, SQL",Hombre Cis,False
1000000.0,Semi-Senior,3,Universitario,Completo,"CSS, HTML, Javascript, TypeScript",Hombre Cis,False
3904000.0,Semi-Senior,5,,,Python,Hombre Cis,False
1700000.0,Semi-Senior,3,,,".NET, Kotlin",Hombre Cis,False
2172490.0,Senior,16,Universitario,En curso,".NET, Bash/Shell, PHP, Python, SQL",Hombre Cis,False
6613560.0,Semi-Senior,4,,,"Java, Javascript, SQL",Hombre Cis,False
2800000.0,Senior,24,Maestría,Completo,"HTML, Javascript, Python, SQL, TypeScript",Hombre Cis,False
1800000.0,Senior,20,,,"Bash/Shell, Python",Hombre Cis,False
3100000.0,Semi-Senior,4,Universitario,Completo,".NET, C#, CSS, HTML, Javascript, SQL",Hombre Cis,False
3500000.0,Senior,20,,,".NET, Python, R",Mujer Cis,False
2000000.0,Senior,6,,,"C, C++, SQL",Hombre Cis,False
9800000.0,Senior,18,,,"Java, Javascript, Python",Hombre Cis,False
4936563.0,Senior,10,Universitario,Incompleto,".NET, C#, HTML, Javascript, SQL, TypeScript",Hombre Cis,False
2721281.18,Senior,18,,,".NET, CSS, HTML, Javascript, SQL",Hombre Cis,False
5758727.0,Senior,20,Universitario,Completo,"Bash/Shell, Java, Javascript, SQL",Hombre Cis,False
7400000.0,Senior,10,,,Python,Hombre Cis,False
1708000.0,Junior,2,,,"CSS, HTML, Javascript, PHP",Hombre Cis,False
2000000.0,Semi-Senior,4,,,".NET, C#, PHP, Python, SQL",Hombre Cis,False
1415000.0,Junior,1,,,Java,Hombre Cis,False
1350000.0,Junior,2,Universitario,Completo,"CSS, HTML, Javascript, PHP, Python, SQL",Hombre Cis,False
5262201.0,Senior,12,,,"CSS, HTML, Javascript, TypeScript",Hombre Cis,False
2076000.0,Junior,0,Universitario,Incompleto,Ninguno de los anteriores,Mujer Cis,False
1400000.0,Senior,8,,,"CSS, HTML, Javascript",Hombre Cis,False
3100000.0,Semi-Senior,5,,,"C#, HTML, Java, Javascript, SQL",Mujer Cis,False
3880000.0,Semi-Senior,4,,,".NET, Bash/Shell, COBOL, HTML, Java, SQL",Hombre Cis,False
1276000.0,Senior,15,,,"Bash/Shell, Python",Hombre Cis,False
1400000.0,Junior,1,Universitario,En curso,".NET, C#, CSS, HTML, Javascript, SQL, TypeScript",Prefiero no decir,False
6200000.0,Senior,12,,,Ninguno de los anteriores,Hombre Cis,False
3600000.0,Semi-Senior,5,,,"Bash/Shell, Go, Python",Hombre Cis,False
3500000.0,Semi-Senior,4,,,"Python, SQL",Hombre Cis,False
1800000.0,Semi-Senior,4,,,"CSS, HTML, Javascript, Python, SQL, TypeScript",Hombre Cis,False
4300000.0,Semi-Senior,5,,,"HTML, Javascript",Mujer Cis,False
1600000.0,Junior,2,,,"Javascript, SQL, TypeScript",Hombre Cis,False
1281000.0,Semi-Senior,3,,,"Python, SQL, TypeScript",Hombre Cis,False
3941120.0,Semi-Senior,3,,,"C++, Java",Hombre Cis,False
3420000.0,Senior,10,Universitario,En curso,"HTML, Javascript",Mujer Cis,False
2088947.0,Semi-Senior,3,,,Swift,Hombre Cis,False
1800000.0,Semi-Senior,3,Universitario,Completo,SQL,Hombre Cis,False
4000000.0,Senior,18,,,"Python, SQL",Hombre Cis,False
5000000.0,Senior,30,,,"Java, Python",Hombre Cis,False
2500000.0,Semi-Senior,4,,,".NET, SQL",Mujer Cis,False
3635546.0,Senior,6,Terciario,Completo,"Javascript, Python, Ruby, Swift, TypeScript",Hombre Cis,False
1000000.0,Semi-Senior,4,,,SQL,Mujer Cis,False
4000000.0,Semi-Senior,3,,,"Bash/Shell, Python, SQL",Hombre Cis,False
1705000.0,Senior,15,,,"Bash/Shell, Python",Hombre Cis,False
3666666.0,Semi-Senior,5,Universitario,Incompleto,"Javascript, TypeScript",Hombre Cis,False
1200000.0,Junior,1,,,HTML,Mujer Cis,False
1800000.0,Senior,10,,,SQL,Hombre Cis,False
1445000.0,Semi-Senior,3,,,".NET, C#, CSS, HTML, Javascript, SQL, TypeScript",Hombre Cis,False
2350000.0,Senior,20,,,".NET, COBOL, Java",Hombre Cis,False
2340152.27,Senior,6,Universitario,Completo,"Python, SQL",Hombre Cis,False
4000000.0,Senior,7,Terciario,Completo,SQL,Hombre Cis,False
3000000.0,Senior,35,,,Ninguno de los anteriores,Hombre Cis,False
2200000.0,Junior,2,,,"Bash/Shell, CSS, HTML, Javascript, Python, SQL, Powershell",Mujer Cis,False
6250000.0,Senior,15,Universitario,En curso,"Bash/Shell, HTML, Java, Javascript, Python, SQL",Hombre Cis,False
1900000.0,Junior,2,,,"HTML, Java, Javascript, SQL",Hombre Cis,False
3790088.0,Semi-Senior,3,Universitario,Incompleto,"Java, SQL",Hombre Cis,False
9000000.0,Senior,25,,,"CSS, Groovy, HTML, Java, Javascript, Python, SQL, TypeScript",Hombre Cis,False
1700000.0,Junior,2,,,"CSS, HTML, Java, Javascript, SQL, TypeScript",Hombre Cis,False
1050000.0,Junior,1,Terciario,En curso,"Javascript, TypeScript",Hombre Cis,False
5400000.0,Senior,15,,,"Java, Javascript, Kotlin",Hombre Cis,False
2244777.0,Senior,22,Terciario,En curso,".NET, C#, COBOL, PHP, SQL",Hombre Cis,False
2000000.0,Senior,30,Universitario,En curso,Ninguno de los anteriores,Mujer Cis,False
3900000.0,Semi-Senior,5,,,Ninguno de los anteriores,Hombre Cis,False
3150000.0,Semi-Senior,3,Universitario,En curso,"Go, Java, Javascript, SQL",Hombre Cis,False
3293161.0,Semi-Senior,4,,,".NET, C#, CSS, HTML, Javascript, SQL, TypeScript",Hombre Cis,False
1600000.0,Junior,0,Universitario,En curso,Ninguno de los anteriores,Hombre Cis,False
1700000.0,Senior,15,,,"Bash/Shell, Python",Hombre Cis,False
3652600.0,Senior,11,Posgrado/Especialización,Completo,Ninguno de los anteriores,Hombre Cis,False
1300000.0,Semi-Senior,3,,,"Javascript, Python, SQL, TypeScript",Hombre Cis,False
2000000.0,Junior,0,,,"Bash/Shell, Python",Hombre Cis,False
3218011.0,Junior,2,Universitario,Completo,"Ruby, SQL",Hombre Cis,False
3900000.0,Senior,25,Posgrado/Especialización,Completo,Ninguno de los anteriores,Mujer Cis,False
2900000.0,Semi-Senior,3,Universitario,En curso,"Javascript, Python, R, SQL",Hombre Cis,False
2600000.0,Senior,10,,,Ninguno de los anteriores,Hombre Cis,False
4300000.0,Semi-Senior,5,Maestría,En curso,".NET, C#, HTML, Javascript, Python, SQL",Hombre Cis,False
4000000.0,Senior,10,,,Bash/Shell,Hombre Cis,False
4250000.0,Senior,20,Maestría,Completo,"Javascript, SQL, TypeScript, VBA",Hombre Cis,False
2200000.0,Senior,7,,,"Python, SQL",Hombre Cis,False
3450941.0,Semi-Senior,5,,,"Bash/Shell, Powershell, XQL",Hombre Cis,False
2500000.0,Senior,10,,,"Bash/Shell, Java, SQL",Mujer Cis,False
2150000.0,Semi-Senior,4,,,"Python, R, SQL",Hombre Cis,False
1300000.0,Junior,2,,,"CSS, HTML, Javascript, PHP, SQL",Mujer Cis,False
2550774.0,Semi-Senior,5,,,"Bash/Shell, CSS, HTML, Javascript, Python, SQL, TypeScript",Hombre Cis,False
3000000.0,Junior,2,Universitario,En curso,"Groovy, Python, SQL",Hombre Cis,False
1800000.0,Semi-Senior,5,,,Ninguno de los anteriores,Mujer Cis,False
2419486.0,Senior,8,,,"Bash/Shell, CSS, HTML, Javascript, Python, SQL",Hombre Cis,False
5000000.0,Senior,10,Universitario,Incompleto,Go,Hombre Cis,False
7000000.0,Senior,13,Universitario,Incompleto,Java,Mujer Cis,False
3700000.0,Senior,17,Universitario,Completo,"Delphi, HTML, Java, Javascript, SQL",Mujer Cis,False
2311000.0,Semi-Senior,4,Universitario,Incompleto,"HTML, Javascript",Hombre Cis,False
5100000.0,Senior,17,Universitario,En curso,"Bash/Shell, Python",Hombre Cis,False
1600000.0,Semi-Senior,3,Secundario,Completo,".NET, Bash/Shell, C#, CSS, HTML, Javascript, SQL, TypeScript",Hombre Cis,False
3684484.0,Semi-Senior,4,,,Ninguno de los anteriores,No binarie,False
8000000.0,Senior,40,,,Ninguno de los anteriores,Hombre Cis,False
2780000.0,Semi-Senior,3,,,"CSS, HTML, Javascript, PHP, SQL",Hombre Cis,False
3012048.0,Junior,2,,,"Bash/Shell, Python, SQL",Hombre Cis,False
5792686.0,Senior,8,Universitario,Incompleto,"CSS, HTML, Javascript, TypeScript",Hombre Cis,False
5500000.0,Senior,8,,,"Javascript, TypeScript",Hombre Cis,False
3395976.0,Senior,7,,,"Python, SQL",Hombre Cis,False
2000000.0,Junior,1,,,"Go, Javascript, SQL",Prefiero no decir,False
2100000.0,Semi-Senior,3,Universitario,En curso,HTML,Hombre Cis,False
1605809.0,Senior,8,,,Ninguno de los anteriores,Hombre Cis,False
3900000.0,Semi-Senior,5,Universitario,Completo,"Python, SQL",Mujer Cis,False
1237020.0,Semi-Senior,3,Terciario,Completo,Ninguno de los anteriores,Hombre Cis,False
1375112.0,Junior,2,,,Javascript,Mujer Cis,False
2890617.0,Senior,8,Universitario,En curso,Python,Hombre Cis,False
1500000.0,Semi-Senior,4,,,Ninguno de los anteriores,Mujer Cis,False
1964000.0,Junior,2,Universitario,En curso,"Java, SQL, TypeScript",Hombre Cis,False
1964000.0,Junior,2,Universitario,En curso,"Java, SQL, TypeScript",Hombre Cis,False
1353550.0,Junior,1,,,Ninguno de los anteriores,Hombre Cis,False
3400000.0,Senior,6,Secundario,Incompleto,"Java, Javascript, PHP, TypeScript",Hombre Cis,False
1300000.0,Senior,6,,,Ninguno de los anteriores,Hombre Cis,False
1700000.0,Junior,0,Universitario,En curso,"Python, SQL",Hombre Cis,False
2400000.0,Senior,16,Secundario,Completo,Bash/Shell,Hombre Cis,False
1650000.0,Junior,2,Universitario,Completo,"Python, SQL, VBA",Hombre Cis,False
3800000.0,Semi-Senior,4,Universitario,En curso,"Java, SQL",Hombre Cis,False
3800000.0,Senior,17,,,"HTML, Javascript, SQL, TypeScript",Hombre Cis,False
2876410.0,Semi-Senior,4,Maestría,Completo,Ninguno de los anteriores,Hombre Cis,False
2300000.0,Senior,25,,,".NET, HTML, Javascript, PHP, SQL, TypeScript",Hombre Cis,False
1998314.0,Semi-Senior,5,,,SQL,Mujer Cis,False
4100000.0,Senior,12,Universitario,En curso,"Bash/Shell, C#, Java, Python, SQL",Hombre Cis,False
1980000.0,Senior,20,,,Ninguno de los anteriores,Hombre Cis,False
2100000.0,Semi-Senior,5,,,Ninguno de los anteriores,Hombre Cis,False
3700000.0,Semi-Senior,3,,,"Javascript, PHP, Python",Hombre Cis,False
1392866.0,Senior,13,Universitario,Incompleto,"Python, SQL",Hombre Cis,False
5500000.0,Senior,30,Maestría,En curso,"Bash/Shell, CSS, HTML, Javascript, PHP, Python, Rust, SQL",Hombre Cis,False
3300000.0,Senior,10,,,Bash/Shell,Hombre Cis,False
3000000.0,Senior,40,,,"Java, SQL, Genexus",Hombre Cis,False
1685800.0,Senior,29,,,Ninguno de los anteriores,Hombre Cis,False
3182257.0,Semi-Senior,5,,,".NET, C#, HTML, Javascript",Hombre Cis,False
2100000.0,Senior,10,Terciario,En curso,"Bash/Shell, Python",Hombre Cis,False
2800000.0,Senior,9,,,"Bash/Shell, Python, SQL",Hombre Cis,False
6200000.0,Senior,20,,,".NET, Arduino, C++, C#, Java, Javascript, Python, SQL",Hombre Cis,False
1215122.0,Senior,6,,,"CSS, HTML, Javascript",Mujer Cis,False
2067099.4,Semi-Senior,3,Universitario,En curso,"Python, SQL",Hombre Cis,False
11629416.0,Senior,12,,,"Go, Groovy, Java, Rust, Scala",Hombre Cis,False
1391500.0,Junior,1,Secundario,Completo,"CSS, HTML, Javascript",Hombre Cis,False
2400000.0,Senior,15,,,"HTML, Javascript, Perl, PHP, Python, SQL",Hombre Cis,False
2600000.0,Senior,10,Universitario,Completo,Ninguno de los anteriores,Hombre Cis,False
2300000.0,Semi-Senior,4,,,PHP,Hombre Cis,False
2100000.0,Senior,7,,,Java,Hombre Cis,False
4560000.0,Senior,7,,,".NET, C#, Groovy, HTML, Javascript, SQL",Hombre Cis,False
1584025.0,Junior,2,Universitario,Completo,Ninguno de los anteriores,Mujer Cis,False
990000.0,Junior,1,,,"CSS, Javascript, SQL, TypeScript",Hombre Cis,False
1546493.0,Junior,2,,,Ninguno de los anteriores,Hombre Cis,False
3900000.0,Senior,13,,,.NET,Hombre Cis,False
5900000.0,Senior,7,Universitario,En curso,SQL,Hombre Cis,False
1300000.0,Junior,2,,,"Javascript, Python",Hombre Cis,False
6300000.0,Senior,30,Posgrado/Especialización,Completo,Ninguno de los anteriores,Hombre Cis,False
2200000.0,Semi-Senior,5,,,"Java, Javascript, SQL",Hombre Cis,False
700000.0,Senior,25,,,Ninguno de los anteriores,Hombre Cis,False
2900000.0,Senior,14,Maestría,Completo,SQL,Hombre Cis,False
1359535.63,Junior,1,,,.NET,Hombre Cis,False
1400000.0,Senior,10,,,"Bash/Shell, Javascript, PHP, Python",Hombre Cis,False
2000000.0,Semi-Senior,3,Terciario,Completo,Ninguno de los anteriores,Mujer Cis,False
2034000.0,Senior,6,Terciario,En curso,SQL,Mujer Cis,False
4000000.0,Senior,18,,,Ninguno de los anteriores,Hombre Cis,False
591542.0,Junior,0,,,"Arduino, Python",Mujer Cis,False
1900000.0,Semi-Senior,3,Terciario,Completo,Ninguno de los anteriores,Hombre Cis,False
2325000.0,Semi-Senior,5,Universitario,Incompleto,HTML,Mujer Cis,False
1315954.0,Senior,8,Universitario,En curso,Bash/Shell,Hombre Cis,False
823000.0,Semi-Senior,4,Universitario,En curso,"HTML, Python",Hombre Cis,False
11000000.0,Senior,30,,,"Java, SQL",Hombre Cis,False
2250000.0,Senior,9,,,Ninguno de los anteriores,Hombre Cis,False
5300000.0,Senior,10,,,"Javascript, Python, TypeScript",Hombre Cis,False
6000000.0,Senior,19,,,"Python, SQL",Hombre Cis,False
11000000.0,Senior,17,,,"Java, Javascript, Python",Hombre Cis,False
5200000.0,Semi-Senior,5,Universitario,En curso,"Bash/Shell, CSS, HTML, Javascript",Hombre Cis,False
1685000.0,Senior,26,,,Ninguno de los anteriores,Hombre Cis,False
3558000.0,Semi-Senior,5,,,Ninguno de los anteriores,Mujer Cis,False
3072569.0,Senior,9,,,SQL,Mujer Cis,False
4884500.0,Senior,8,,,"Javascript, SQL, TypeScript",Hombre Cis,False
2700000.0,Senior,20,,,Python,Hombre Cis,False
3400000.0,Semi-Senior,3,,,"HTML, Java, Javascript",Hombre Cis,False
2500000.0,Senior,10,,,"C#, Python, SQL",Hombre Cis,False
1500000.0,Semi-Senior,4,Terciario,Completo,"Bash/Shell, Python",Hombre Cis,False
4000000.0,Semi-Senior,4,,,"CSS, HTML, Javascript, Python, TypeScript",Hombre Cis,False
1107900.0,Senior,8,,,Python,Hombre Cis,False
5500000.0,Senior,14,Universitario,Incompleto,"HTML, Javascript, Python, SQL",Hombre Cis,False
2478000.0,Junior,2,,,"Smalltalk, SQL",Mujer Cis,False
600000.0,Junior,0,Terciario,Incompleto,PHP,Hombre Cis,False
2200000.0,Junior,2,,,"Python, SQL",Mujer Cis,False
3400000.0,Semi-Senior,5,Terciario,Completo,Ninguno de los anteriores,Hombre Cis,False
2300000.0,Senior,6,,,".NET, Bash/Shell, SQL",Hombre Cis,False
3900000.0,Senior,25,Terciario,Completo,PowerShell,Hombre Cis,False
2800000.0,Semi-Senior,5,,,"HTML, Javascript, TypeScript",Hombre Cis,False
2650000.0,Senior,20,,,"Bash/Shell, SQL",Hombre Cis,False
1683072.41,Semi-Senior,4,Terciario,Incompleto,Ninguno de los anteriores,No binarie,False
950000.0,Semi-Senior,3,Universitario,Incompleto,Ninguno de los anteriores,Mujer Cis,False
1400000.0,Semi-Senior,5,,,"HTML, Javascript, Python",Mujer Cis,False
4900000.0,Semi-Senior,3,,,"C#, Javascript, Python, SQL",Prefiero no decir,False
2006292.0,Senior,16,Universitario,Incompleto,Ninguno de los anteriores,Hombre Cis,False
4713068.0,Semi-Senior,5,Universitario,En curso,Bash/Shell,Mujer Cis,False
6000000.0,Senior,15,,,SQL,Hombre Cis,False
4300000.0,Senior,20,,,"Java, SQL",Hombre Cis,False
2046746.0,Senior,11,,,"Java, Python",Hombre Cis,False
3200000.0,Semi-Senior,3,,,Swift,Mujer Cis,False
2900000.0,Semi-Senior,4,,,"Bash/Shell, Python, SQL",Mujer Cis,False
2563400.0,Senior,10,,,"Java, Javascript, SQL",Hombre Cis,False
3061456.0,Junior,2,Universitario,En curso,"Bash/Shell, Go, Python",Hombre Cis,False
1855000.0,Semi-Senior,4,,,Ninguno de los anteriores,Mujer Cis,False
1250000.0,Semi-Senior,5,,,"CSS, Dart, HTML, Javascript, PHP, SQL",Hombre Cis,False
2071000.0,Semi-Senior,3,,,"CSS, HTML, Javascript",Hombre Cis,False
875976.0,Junior,1,,,HTML,Mujer Cis,False
1168000.0,Junior,2,,,"Bash/Shell, Python, SQL",Hombre Cis,False
2500000.0,Semi-Senior,4,Universitario,Completo,"Go, Java, Javascript",Hombre Cis,False
2600000.0,Senior,23,,,".NET, C#",Hombre Cis,False
5000000.0,Senior,19,Universitario,En curso,"Bash/Shell, CSS, HTML, Javascript, PHP, SQL, TypeScript",Hombre Cis,False
3100000.0,Senior,25,,,Ninguno de los anteriores,Hombre Cis,False
1964829.41,Semi-Senior,4,,,".NET, TypeScript",Hombre Cis,False
2844000.0,Senior,39,,,"Python, SQL",Hombre Cis,False
2100000.0,Senior,6,,,"Bash/Shell, Groovy, Python, SQL",Hombre Cis,False
3000000.0,Semi-Senior,5,Universitario,En curso,".NET, C#, CSS, HTML, Javascript, SQL, TypeScript",Hombre Cis,False
2100000.0,Semi-Senior,5,,,".NET, C#, Go, Javascript, SQL, TypeScript",Hombre Cis,False
1807228.0,Senior,7,Terciario,Incompleto,SQL,Mujer Cis,False
5244000.0,Senior,7,Universitario,Incompleto,"HTML, Java, Javascript, SQL, TypeScript",Hombre Cis,False
450000.0,Junior,2,Universitario,En curso,"CSS, HTML, Javascript, PHP, SQL",Mujer Cis,False
1900000.0,Senior,25,Universitario,Incompleto,"Ninguno de los anteriores, Powershell",Hombre Cis,False
1400000.0,Junior,1,Terciario,Completo,Varias,Mujer Cis,False
950000.0,Senior,35,,,Ninguno de los anteriores,Hombre Cis,False
1800000.0,Semi-Senior,3,,,"Javascript, Python, TypeScript",Hombre Cis,False
6200000.0,Semi-Senior,3,,,Bash/Shell,Hombre Cis,False
2200000.0,Junior,2,Terciario,Incompleto,"Bash/Shell, Python",Hombre Cis,False
6500000.0,Senior,15,,,"C, C++, Java, Python, R, SQL",Mujer Cis,False
3000000.0,Senior,25,,,".NET, C#, HTML, Javascript, SQL, VBA",Hombre Cis,False
2400000.0,Senior,30,,,"ABAP, SQL",Hombre Cis,False
5500000.0,Senior,9,,,Ninguno de los anteriores,Hombre Cis,False
1000000.0,Junior,2,Universitario,En curso,SQL,Hombre Cis,False
2300000.0,Senior,6,Universitario,Incompleto,"Python, SQL",Hombre Cis,False
6000000.0,Senior,39,,,".NET, C, HTML, Javascript, Python, SQL",Hombre Cis,False
5000000.0,Semi-Senior,4,Maestría,En curso,"CSS, HTML, Java, PHP, Python, SQL",Hombre Cis,False
1229502.83,Junior,1,Terciario,En curso,Bash/Shell,Hombre Cis,False
2770000.0,Senior,24,,,".NET, C#, Javascript",Hombre Cis,False
4600000.0,Semi-Senior,5,,,".NET, C#, SQL",Hombre Cis,False
2800000.0,Senior,10,,,".NET, C#, HTML, Javascript, Python, SQL, TypeScript, VBA",Hombre Cis,False
1200000.0,Senior,25,,,SQL,Mujer Cis,False
1726222.9,Senior,20,,,"CSS, HTML, Javascript, TypeScript",Mujer Cis,False
3281706.37,Senior,45,,,".NET, C#, Javascript, Python, TypeScript, visual foxpro",Hombre Cis,False
4400000.0,Senior,20,,,pl/sql,Mujer Cis,False
3100000.0,Semi-Senior,3,Terciario,En curso,"CSS, HTML, Java, TypeScript",Hombre Cis,False
1745000.0,Semi-Senior,4,Universitario,En curso,"CSS, HTML, Javascript",Mujer Cis,False
3259644.0,Senior,7,,,"Bash/Shell, Python",Hombre Cis,False
1064000.0,Junior,1,Universitario,Completo,".NET, C#, CSS, HTML, Javascript, PHP, Python, SQL, TypeScript",Hombre Cis,False
8300000.0,Junior,2,,,"HTML, Java, Javascript, TypeScript",Hombre Cis,False
2900000.0,Senior,15,Maestría,Completo,Ninguno de los anteriores,Mujer Cis,False
3400000.0,Senior,17,,,"CSS, HTML, Javascript, Python, SQL",Hombre Cis,False
9000000.0,Senior,30,,,"Bash/Shell, C++, HTML, Javascript, PHP, Python, SQL, Swift",Hombre Cis,False
1747901.0,Semi-Senior,3,Terciario,En curso,"CSS, HTML, Javascript, PHP, TypeScript",Mujer Cis,False
300000.0,Semi-Senior,3,Secundario,Completo,"CSS, HTML, Javascript, PHP, SQL",Mujer Cis,False
2300000.0,Semi-Senior,3,Terciario,Completo,"Python, SQL",Mujer Cis,False
3000000.0,Senior,7,Universitario,En curso,"Bash/Shell, PHP, Python",Hombre Cis,False
1819000.0,Junior,2,,,".NET, C#, Java, SQL",Mujer Cis,False
3270000.0,Senior,11,Universitario,Incompleto,"CSS, HTML, Java, Javascript",Hombre Cis,False
2500000.0,Semi-Senior,4,,,TypeScript,Prefiero no decir,False
4500000.0,Senior,12,,,"Javascript, Ruby, TypeScript",Hombre Cis,False
4599823.0,Senior,10,,,"HTML, Javascript, TypeScript",Hombre Cis,False
2300000.0,Senior,14,,,".NET, SQL, VBA",Hombre Cis,False
5300000.0,Senior,20,,,"Bash/Shell, Python",Hombre Cis,False
2920000.0,Semi-Senior,4,Terciario,En curso,"Groovy, HTML, Java, Python, SQL",Mujer Cis,False
1200000.0,Junior,2,,,"CSS, HTML, Javascript, PHP, SQL, TypeScript",Hombre Cis,False
2600000.0,Senior,7,,,".NET, C#, Go, Java, SQL",Hombre Cis,False
2508000.0,Semi-Senior,3,Universitario,Incompleto,"Bash/Shell, Python, SQL",Hombre Cis,False
4365000.0,Senior,20,Posgrado/Especialización,Completo,SQL,Hombre Cis,False
3860000.0,Semi-Senior,4,,,"CSS, HTML, Java, TypeScript, apex",Hombre Cis,False
1500000.0,Semi-Senior,4,,,"HTML, Javascript, PHP, SQL",Hombre Cis,False
3800000.0,Senior,6,Posgrado/Especialización,Completo,"COBOL, HTML, Java, Javascript, Kotlin, PHP, Python, SQL, TypeScript",Hombre Cis,False
3418589.0,Semi-Senior,5,Universitario,Completo,"CSS, HTML, Javascript, TypeScript",Mujer Cis,False
5100000.0,Semi-Senior,5,Doctorado,Completo,"Python, SQL",Hombre Cis,False
4200000.0,Senior,20,Posgrado/Especialización,Completo,Ninguno de los anteriores,Hombre Cis,False
5600000.0,Senior,27,Universitario,Completo,"Bash/Shell, HTML, PHP, SQL",Hombre Cis,False
2000000.0,Senior,10,Universitario,Completo,"Python, SQL, PL/SQL",Mujer Cis,False
2608758.0,Senior,7,,,Genexus,Hombre Cis,False
3500000.0,Semi-Senior,5,Universitario,Completo,"Bash/Shell, Python, SQL",Hombre Cis,False
2600000.0,Senior,30,,,"CSS, HTML, Javascript, PHP",Mujer Cis,False
3527402.0,Senior,22,Maestría,En curso,"CSS, HTML, Javascript",Mujer Cis,False
1622962.82,Junior,2,Terciario,En curso,Javascript,Mujer Cis,False
2990000.0,Senior,20,Universitario,En curso,".NET, Bash/Shell, HTML, Javascript, Python, Powershell",Hombre Cis,False
3455965.0,Semi-Senior,3,Doctorado,En curso,"Bash/Shell, C, Python, SQL",Hombre Cis,False
8100000.0,Senior,30,,,Bash/Shell,Hombre Cis,False
3200000.0,Senior,27,,,Ninguno de los anteriores,Mujer Cis,False
2280000.0,Senior,20,,,Python,Hombre Cis,False
1112061.5,Junior,2,Universitario,Completo,"Python, SQL",Mujer Cis,False
4400000.0,Senior,39,,,".NET, C#, CSS, HTML, Javascript, Python, SQL",Hombre Cis,False
2695000.0,Senior,20,,,"Bash/Shell, Python",Hombre Cis,False
600000.0,Junior,1,Secundario,Completo,"Bash/Shell, Go, Python, SQL",Hombre Cis,False
2168675.0,Semi-Senior,5,Universitario,Incompleto,".NET, C#, SQL",Hombre Cis,False
12000000.0,Senior,15,Posgrado/Especialización,Completo,Ninguno de los anteriores,Mujer Cis,False
2900000.0,Senior,20,,,"Python, SQL",Hombre Cis,False
3200000.0,Senior,8,,,Ninguno de los anteriores,Hombre Cis,False
1600000.0,Junior,2,,,"Python, SQL, Ninguno de los anteriores",Hombre Cis,False
3500000.0,Senior,6,,,"Javascript, TypeScript",Hombre Cis,False
980000.0,Junior,1,Universitario,En curso,Ninguno de los anteriores,Hombre Cis,False
8449961.72,Senior,23,Universitario,Incompleto,"Go, Javascript, Kotlin, Swift, TypeScript",Hombre Cis,False
5300000.0,Senior,7,,,"Python, SQL",Prefiero no decir,False
2980738.0,Senior,8,Maestría,En curso,Ninguno de los anteriores,Mujer Cis,False
1900000.0,Semi-Senior,5,,,Ninguno de los anteriores,Hombre Cis,False
11000000.0,Senior,7,,,"Java, Javascript, Kotlin, PHP, Scala, SQL, TypeScript",Hombre Cis,False
4700000.0,Senior,7,Universitario,Incompleto,"Bash/Shell, SQL",Mujer Cis,False
2600000.0,Junior,0,Terciario,Completo,"Java, TypeScript, pl/sql",Hombre Cis,False
2739182.0,Senior,20,Universitario,En curso,"Bash/Shell, Java, Python",Hombre Cis,False
2000000.0,Senior,15,Terciario,Completo,Ninguno de los anteriores,Mujer Cis,False
1350000.0,Semi-Senior,4,,,Ninguno de los anteriores,Hombre Cis,False
1200000.0,Junior,1,,,Python,Mujer Cis,False
3795077.4,Semi-Senior,5,Universitario,Completo,"CSS, HTML, Javascript, PHP, TypeScript",Hombre Cis,False
2825000.0,Semi-Senior,3,,,"HTML, Javascript, Python, SQL",Mujer Cis,False
2054073.0,Semi-Senior,3,,,SQL,Mujer Cis,False
1275900.75,Junior,0,Universitario,En curso,SQL,Hombre Cis,False
3200000.0,Senior,15,Universitario,En curso,"Bash/Shell, Perl, PHP, Python, SQL",Prefiero no decir,False
930000.0,Junior,0,,,"C#, CSS, HTML, Javascript, SQL, TypeScript",Hombre Cis,False
2500000.0,Senior,8,,,"Bash/Shell, HTML, Javascript, PHP, Python, SQL",Hombre Cis,False
2900000.0,Senior,13,,,Ninguno de los anteriores,Mujer Cis,False
2500000.0,Senior,10,,,SQL,Hombre Cis,False
1194858.0,Semi-Senior,4,,,"Javascript, SQL, TypeScript",Hombre Cis,False
4000000.0,Senior,19,Posgrado/Especialización,Completo,"Java, Javascript",Mujer Cis,False
4316000.0,Semi-Senior,5,Universitario,Incompleto,Ninguno de los anteriores,Hombre Cis,False
910717.0,Semi-Senior,3,,,Ninguno de los anteriores,Hombre Cis,False
1350000.0,Senior,6,,,"CSS, HTML, Javascript, PHP, SQL",Hombre Cis,False
9974130.0,Senior,29,Universitario,Completo,Ninguno de los anteriores,Hombre Cis,False
2000000.0,Senior,7,,,Bash/Shell,Hombre Cis,False
5200000.0,Senior,19,,,PHP,Hombre Cis,False
840000.0,Senior,13,Universitario,Completo,Genexus,Hombre Cis,False
6000000.0,Senior,6,,,Python,Mujer Cis,False
2300000.0,Senior,8,Terciario,Completo,"COBOL, SQL, VBA",Mujer Cis,False
7000000.0,Senior,30,,,PHP,Hombre Cis,False
2000000.0,Junior,2,,,"Dart, HTML, Javascript, PHP, Python",Hombre Cis,False
1850000.0,Semi-Senior,4,,,"Go, Javascript, PHP, SQL, TypeScript",Hombre Cis,False
2530000.0,Senior,10,,,"Java, Python",Mujer Cis,False
6200000.0,Senior,11,Universitario,Incompleto,".NET, CSS, HTML, Javascript, SQL, TypeScript",Hombre Cis,False
2400000.0,Senior,10,,,Ninguno de los anteriores,Mujer Cis,False
3900000.0,Senior,20,Universitario,Completo,"HTML, Java, SQL, Genexus",Hombre Cis,False
3000000.0,Senior,18,,,"Python, R, SQL",Hombre Cis,False
5900000.0,Senior,12,Maestría,Completo,"Python, Scala",Hombre Cis,False
3100000.0,Semi-Senior,5,Universitario,Completo,"Python, SQL",Hombre Cis,False
2500000.0,Senior,27,Universitario,Completo,"COBOL, Python, SQL",Hombre Cis,False
2500000.0,Junior,2,,,VBA,Hombre Cis,False
1830000.0,Senior,6,,,"Javascript, PHP",Hombre Cis,False
3316000.0,Senior,15,,,Ninguno de los anteriores,Hombre Cis,False
2228000.0,Junior,1,Terciario,Completo,"Bash/Shell, HTML, Python, SQL",Mujer Cis,False
3073602.0,Senior,20,,,Ninguno de los anteriores,Mujer Cis,False
3100000.0,Semi-Senior,3,,,"Bash/Shell, Python, SQL",Hombre Cis,False
1000000.0,Semi-Senior,5,,,SQL,Hombre Cis,False
2145666.0,Senior,6,,,"HTML, Javascript, SQL",Mujer Cis,False
1707000.0,Junior,1,Universitario,Completo,SQL,Hombre Cis,False
2200000.0,Semi-Senior,5,,,Ninguno de los anteriores,Hombre Cis,False
7600000.0,Senior,25,Universitario,Completo,"Bash/Shell, Java, Javascript, Python, Smalltalk",Hombre Cis,False
2025308.0,Senior,22,,,"CSS, HTML, Javascript, PHP, Python, SQL",Hombre Cis,False
1910000.0,Junior,0,,,Ninguno de los anteriores,Hombre Cis,False
11230000.0,Senior,25,Maestría,Incompleto,"SQL, Prompting",Hombre Cis,False
1800000.0,Semi-Senior,5,,,".NET, CSS, HTML, Javascript, PHP, R, SQL, TypeScript, Un poco de Visual Basic para .asp, consume dlls y corre en un iis",Hombre Cis,False
1100000.0,Senior,20,Secundario,Incompleto,Ninguno de los anteriores,Hombre Cis,False
6300000.0,Semi-Senior,5,Secundario,Completo,"Groovy, Java, Javascript, Kotlin, TypeScript",Hombre Cis,False
3713300.0,Senior,19,,,".NET, C#, SQL",Hombre Cis,False
8700000.0,Senior,28,,,"Javascript, Python, SQL",Hombre Cis,False
2500000.0,Senior,7,,,TypeScript,Hombre Cis,False
2500000.0,Semi-Senior,4,Universitario,En curso,".NET, Javascript, Python, SQL, TypeScript",Hombre Cis,False
6270000.0,Senior,15,,,Ninguno de los anteriores,Hombre Cis,False
2800000.0,Semi-Senior,5,Terciario,Completo,"HTML, Javascript, PHP, Python, SQL",Hombre Cis,False
1550000.0,Semi-Senior,5,Universitario,Completo,"CSS, HTML, Javascript",Mujer Cis,False
4600000.0,Senior,15,,,.NET,Hombre Cis,False
5000000.0,Senior,6,,,"CSS, HTML, Python, R, SQL",Mujer Cis,False
920000.0,Semi-Senior,3,,,Ninguno de los anteriores,Mujer Cis,False
2920000.0,Senior,15,,,"CSS, HTML, Javascript",Mujer Cis,False
4300000.0,Semi-Senior,4,Universitario,Completo,SQL,Mujer Cis,False
2400000.0,Senior,38,,,SQL,Hombre Cis,False
7000000.0,Senior,20,,,"Python, SQL",Hombre Cis,False
1000000.0,Senior,12,Universitario,Completo,Ninguno de los anteriores,Mujer Cis,False
3041500.0,Senior,24,,,"CSS, Javascript, PHP, SQL",Hombre Cis,False
8800000.0,Senior,20,,,".NET, C#, CSS, HTML, Javascript, Python",Hombre Cis,False
1200000.0,Junior,0,Terciario,En curso,"ABAP, Javascript, TypeScript, ",Mujer Cis,False
7000000.0,Senior,20,,,".NET, C#, Go, Java, Javascript, Kotlin, Python, SQL, Swift, TypeScript",Mujer Cis,False
2400000.0,Senior,18,,,"Bash/Shell, CSS, HTML, Javascript, PHP, Python, SQL, TypeScript",Hombre Cis,False
2700000.0,Senior,29,Universitario,Completo,".NET, SQL",Mujer Cis,False
2876000.0,Senior,8,,,Python,Hombre Cis,False
2500000.0,Senior,10,,,"Java, SQL",Mujer Cis,False
3000000.0,Senior,19,,,".NET, ABAP, C#, CSS, HTML, Javascript, SQL",Hombre Cis,False
4500000.0,Semi-Senior,5,Posdoctorado,Completo,Python,Hombre Cis,False
2710000.0,Senior,16,Universitario,Incompleto,"Bash/Shell, Python, SQL",Hombre Cis,False
5950000.0,Senior,16,,,".NET, C#, COBOL, CSS, HTML, Java, Javascript, PHP, SQL",Hombre Cis,False
2500000.0,Semi-Senior,5,Universitario,Incompleto,"CSS, HTML, Javascript, PHP, SQL, TypeScript",Hombre Cis,False
1808200.0,Semi-Senior,3,,,Ninguno de los anteriores,Hombre Cis,False
3000000.0,Senior,6,,,Ninguno de los anteriores,Mujer Cis,False
1500000.0,Semi-Senior,4,Universitario,Completo,SQL,Mujer Cis,False
1750000.0,Junior,2,,,"CSS, HTML, Javascript, PHP",Hombre Cis,False
4255000.0,Senior,8,Universitario,En curso,"Go, Kotlin",Mujer Cis,False
2432486.0,Senior,7,Terciario,En curso,".NET, Bash/Shell, C#, CSS, HTML, Javascript, Python, SQL",Hombre Cis,False
2100000.0,Semi-Senior,5,,,Ninguno de los anteriores,Hombre Cis,False
1850000.0,Senior,15,,,".NET, C#, SQL",Hombre Cis,False
3787000.0,Semi-Senior,4,Universitario,En curso,PHP,Hombre Cis,False
756000.0,Semi-Senior,4,,,"HTML, Javascript, PHP, SQL",Hombre Cis,False
3200000.0,Semi-Senior,4,,,SQL,Hombre Cis,False
1500000.0,Senior,19,,,"Assembler, SQL",Mujer Cis,False
1457797.0,Semi-Senior,4,,,"CSS, HTML, Javascript, PHP",Hombre Cis,False
3550000.0,Senior,6,,,"COBOL, SQL",Hombre Cis,False
1400000.0,Semi-Senior,4,Universitario,En curso,".NET, C#, CSS, SQL, FOX",Mujer Cis,False
1752300.0,Semi-Senior,4,,,"C++, CSS, HTML, Java, Javascript, Python, SQL, TypeScript, VBA",Mujer Cis,False
3000000.0,Senior,10,,,"Go, Javascript, TypeScript",Hombre Cis,False
2400000.0,Semi-Senior,4,,,Ninguno de los anteriores,Mujer Cis,False
2300000.0,Senior,6,,,SQL,Hombre Cis,False
6170000.0,Senior,15,,,Python,Hombre Cis,False
5601607.0,Senior,18,,,Bash/Shell,Hombre Cis,False
3320000.0,Senior,7,Posgrado/Especialización,En curso,".NET, C#, CSS, HTML, Javascript, SQL",Hombre Cis,False
3000000.0,Senior,40,,,Javascript,Hombre Cis,False
1889000.0,Semi-Senior,3,Terciario,Completo,TypeScript,Hombre Cis,False
1600000.0,Semi-Senior,3,Universitario,Incompleto,Python,Hombre Cis,False
4361522.0,Semi-Senior,4,,,".NET, C#, CSS, HTML, Javascript, SQL, TypeScript",Mujer Cis,False
2151044.0,Junior,1,Universitario,En curso,"HTML, Python, SQL",Hombre Cis,False
2900000.0,Senior,8,Universitario,En curso,"Python, SQL",Hombre Cis,False
3852000.0,Senior,27,Universitario,Incompleto,Progress,Hombre Cis,False
10500000.0,Senior,10,,,"Java, Javascript, TypeScript",Hombre Cis,False
3184519.0,Senior,7,Universitario,Completo,".NET, C#, CSS, HTML, SQL, TypeScript",Mujer Cis,False
6300000.0,Senior,14,Universitario,Completo,Python,Hombre Cis,False
6210000.0,Senior,30,,,".NET, C, C#, CSS, Go, HTML, Java, Javascript, Perl, PHP, Python, SQL",Hombre Cis,False
1346777.0,Semi-Senior,5,Universitario,En curso,"Bash/Shell, Javascript, TypeScript",Hombre Cis,False
3130000.0,Senior,22,Posdoctorado,Completo,"HTML, Java, Javascript, Python, R",Hombre Cis,False
4500000.0,Semi-Senior,5,,,"Python, SQL",Hombre Cis,False
2500000.0,Semi-Senior,5,,,Ninguno de los anteriores,Hombre Cis,False
2250000.0,Senior,7,Universitario,Completo,"CSS, HTML",Hombre Cis,False
4600000.0,Senior,20,,,Ninguno de los anteriores,Hombre Cis,False
450000.0,Senior,35,Terciario,En curso,"Arduino, C++, C#, CSS, HTML, Java, Javascript, Kotlin, PHP, Python, SQL, visual foxpro 8 - 9 ",Hombre Cis,False
2600000.0,Semi-Senior,3,Maestría,En curso,"Bash/Shell, Python, SQL",Mujer Cis,False
3500000.0,Senior,30,Terciario,Completo,"Arduino, C++, C#, CSS, HTML, Javascript, Python",Hombre Cis,False
2447732.0,Semi-Senior,5,Secundario,Completo,"Dart, Groovy",Hombre Cis,False
4175000.0,Semi-Senior,5,Universitario,Completo,"CSS, HTML, Javascript, TypeScript",Hombre Cis,False
6460247.0,Semi-Senior,4,,,"Java, TypeScript",Hombre Cis,False
6000000.0,Senior,20,Posgrado/Especialización,Completo,"Java, SQL, TypeScript",Hombre Cis,False
3800000.0,Senior,6,,,"Bash/Shell, Python",Hombre Cis,False
6000000.0,Senior,28,,,"Bash/Shell, C, Python, SQL, VBA",Hombre Cis,False
3600000.0,Senior,6,,,"CSS, Groovy, HTML, Java, Javascript, TypeScript",Hombre Cis,False
4000000.0,Senior,9,,,".NET, C#, CSS, Dart, HTML, Javascript, TypeScript",Hombre Cis,False
1800000.0,Semi-Senior,3,,,Bash/Shell,Mujer Cis,False
3650000.0,Senior,8,,,".NET, C#, CSS, HTML, Javascript, SQL",Hombre Cis,False
432515.2,Junior,0,Universitario,En curso,"Python, TypeScript",Mujer Cis,False
3100000.0,Senior,8,Universitario,Completo,"Groovy, Javascript, SQL, TypeScript",Hombre Cis,False
1700000.0,Senior,15,,,Ninguno de los anteriores,Mujer Cis,False
800000.0,Junior,1,,,Ninguno de los anteriores,Mujer Cis,False
3610000.0,Senior,18,,,"CSS, HTML",Mujer Cis,False
3120000.0,Junior,1,Universitario,En curso,"Javascript, Python",Hombre Cis,False
3620000.0,Semi-Senior,5,,,"Python, SQL",Hombre Cis,False
2200000.0,Senior,6,,,".NET, CSS, Java, Javascript, Python, SQL, TypeScript",Hombre Cis,False
4636488.0,Senior,16,,,"Bash/Shell, C#, CSS, Javascript, PHP, SQL",Hombre Cis,False
2000000.0,Senior,20,Universitario,Completo,Ninguno de los anteriores,Prefiero no decir,False
1700000.0,Senior,10,,,"Bash/Shell, C, C++, C#, PHP, Python, SQL, TypeScript",Hombre Cis,False
1700000.0,Semi-Senior,5,,,"Bash/Shell, CSS, Javascript, PHP, SQL",Hombre Cis,False
3006062.0,Senior,17,Maestría,En curso,"CSS, HTML, Javascript, PHP, R, SQL",Hombre Cis,False
3900000.0,Senior,18,Universitario,Completo,"Python, SQL",Hombre Cis,False
6653639.0,Senior,15,,,.NET,Hombre Cis,False
2900000.0,Senior,25,,,SQL,Mujer Cis,False
3708000.0,Semi-Senior,5,Universitario,En curso,Ninguno de los anteriores,Mujer Cis,False
2600000.0,Semi-Senior,5,Secundario,Completo,"Bash/Shell, CSS, HTML, Javascript, TypeScript",Hombre Cis,False
3800000.0,Senior,11,,,JCL,Hombre Cis,False
6500000.0,Senior,23,,,"C#, HTML, Javascript, Python, SQL",Prefiero no decir,False
6577000.0,Senior,25,,,Ninguno de los anteriores,Hombre Cis,False
200000.0,Semi-Senior,3,,,".NET, SQL, TypeScript",Hombre Cis,False
3500000.0,Semi-Senior,5,,,"Python, SQL, Swift",Mujer Cis,False
5000000.0,Senior,7,Universitario,Completo,"Bash/Shell, Python",Hombre Cis,False
2400000.0,Junior,2,,,Java,Hombre Cis,False
5910080.0,Senior,7,Posgrado/Especialización,Completo,"Bash/Shell, Go, Python, SQL",Hombre Cis,False
3165000.0,Senior,9,Universitario,Completo,Ninguno de los anteriores,Hombre Cis,False
3016769.0,Junior,2,,,"CSS, HTML, SQL",Hombre Cis,False
2000000.0,Senior,20,,,".NET, HTML, Java, Python, SQL",Hombre Cis,False
7500000.0,Senior,26,,,Python,Hombre Cis,False
3100000.0,Senior,11,,,Ninguno de los anteriores,Hombre Cis,False
4612297.0,Senior,16,,,"HTML, Java, Javascript, SQL",Hombre Cis,False
2500000.0,Semi-Senior,4,,,"Ruby, TypeScript",Hombre Cis,False
4200000.0,Semi-Senior,5,,,"HTML, Java, Javascript, SQL",Hombre Cis,False
1532000.0,Senior,34,,,Ninguno de los anteriores,Hombre Cis,False
4800000.0,Semi-Senior,4,,,".NET, HTML, Python, SQL, TypeScript",Hombre Cis,False
2586878.0,Semi-Senior,4,Universitario,Incompleto,".NET, C#, CSS, HTML, Javascript, Python, SQL, TypeScript",Hombre Cis,False
4500000.0,Senior,15,,,"CSS, HTML, TypeScript",Hombre Cis,False
1200000.0,Junior,0,,,"ABAP, Javascript, TypeScript",Mujer Cis,False
950000.0,Semi-Senior,5,,,"Arduino, CSS, HTML, Java",Hombre Cis,False
7100000.0,Senior,25,Posgrado/Especialización,Completo,".NET, C#, SQL",Hombre Cis,False
5600000.0,Semi-Senior,5,Universitario,En curso,"Bash/Shell, CSS, HTML, Javascript, Python, SQL",Hombre Cis,False
2550000.0,Semi-Senior,3,Universitario,Completo,"Bash/Shell, Java, Python, SQL",Hombre Cis,False
2900000.0,Semi-Senior,4,Terciario,En curso,"Groovy, Python, SQL",Mujer Cis,False
2900000.0,Semi-Senior,4,,,SQL,Mujer Cis,False
4300000.0,Semi-Senior,4,,,"Kotlin, Swift",Hombre Cis,False
4500000.0,Semi-Senior,5,Universitario,En curso,"Javascript, Ruby, SQL",Mujer Cis,False
3200000.0,Junior,2,,,Natural adabas,Hombre Cis,False
2379000.0,Senior,8,,,"Bash/Shell, Groovy, HTML, Java, Javascript, SQL",Hombre Cis,False
3968000.0,Senior,12,Universitario,Completo,Propietaria,Hombre Cis,False
6900000.0,Senior,12,,,"ABAP, Python",Prefiero no decir,False
1500000.0,Senior,20,,,"HTML, Python, SQL",Mujer Cis,False
3784856.95,Semi-Senior,5,Universitario,En curso,".NET, C#, CSS, Javascript, SQL",Hombre Cis,False
2900000.0,Semi-Senior,3,Universitario,En curso,"CSS, HTML, Javascript, Python, SQL",Hombre Cis,False
1576000.0,Semi-Senior,3,Universitario,Completo,"Bash/Shell, CSS, HTML, Java, Javascript, Python, SQL, TypeScript",Hombre Cis,False
6500000.0,Senior,18,Universitario,Completo,"Bash/Shell, SQL",Hombre Cis,False
7500000.0,Senior,27,,,"Bash/Shell, Python, Powershell",Hombre Cis,False
2500000.0,Senior,8,,,Ninguno de los anteriores,Hombre Cis,False
1400000.0,Semi-Senior,3,,,SQL,Mujer Cis,False
3820000.0,Semi-Senior,3,,,"Python, SQL",Mujer Cis,False
4200000.0,Senior,6,Terciario,Completo,"Bash/Shell, Javascript, Python, SQL, TypeScript",Hombre Cis,False
2700000.0,Senior,13,Posgrado/Especialización,Completo,Ninguno de los anteriores,Hombre Cis,False
5600000.0,Senior,30,,,".NET, Bash/Shell, Javascript, Python, SQL",Hombre Cis,False
2925000.0,Semi-Senior,3,,,SQL,Hombre Cis,False
2500000.0,Semi-Senior,5,Universitario,Completo,"PHP, Python",Hombre Cis,False
2000000.0,Senior,15,,,Ninguno de los anteriores,Hombre Cis,False
4000000.0,Senior,15,Universitario,Completo,"Javascript, PHP, SQL",Hombre Cis,False
3000000.0,Senior,10,Posgrado/Especialización,Completo,Ninguno de los anteriores,Hombre Cis,False
4177500.0,Senior,7,,,"Javascript, PHP, SQL",Mujer Cis,False
2500000.0,Senior,15,,,"Groovy, Javascript, Python, SQL",Hombre Cis,False
2400000.0,Senior,18,,,"HTML, Javascript",Hombre Cis,False
3700000.0,Senior,10,Universitario,Completo,Ninguno de los anteriores,Mujer Cis,False
4096000.0,Semi-Senior,3,Posgrado/Especialización,En curso,"Bash/Shell, Javascript, Python, SQL",Hombre Cis,False
3800000.0,Semi-Senior,5,,,"Java, SQL",Hombre Cis,False
3500000.0,Semi-Senior,3,,,"Bash/Shell, CSS, HTML, Python, SQL",Hombre Cis,False
4407000.0,Senior,18,,,".NET, C#, Java, Kotlin, SQL, VBA",Hombre Cis,False
7000000.0,Senior,12,Universitario,Completo,"Go, Java, Kotlin, Python, SQL",Hombre Cis,False
2600000.0,Senior,8,Universitario,Completo,Ninguno de los anteriores,Mujer Cis,False
6000000.0,Senior,12,,,Ninguno de los anteriores,Mujer Cis,False
1300000.0,Semi-Senior,3,Universitario,Completo,".NET, C#, CSS, HTML, Java, Javascript, SQL, TypeScript",Hombre Cis,False
2000000.0,Senior,15,,,"Bash/Shell, PHP",Hombre Cis,False
1900000.0,Senior,20,Universitario,Incompleto,Ninguno de los anteriores,Hombre Cis,False
1250000.0,Junior,2,Secundario,En curso,"Python, SQL",Hombre Cis,False
2200000.0,Senior,7,,,"Javascript, Python",Mujer Cis,False
2200000.0,Semi-Senior,5,,,"Python, SQL",Hombre Cis,False
3080000.0,Semi-Senior,5,,,"SQL, VBA",Mujer Cis,False
4000000.0,Senior,13,,,SQL,Mujer Cis,False
4195584.0,Senior,25,Maestría,En curso,Ninguno de los anteriores,Hombre Cis,False
3433740.0,Senior,6,,,"CSS, Javascript, Kotlin, Python, Swift, TypeScript",Hombre Cis,False
980000.0,Senior,25,,,Ninguno de los anteriores,Hombre Cis,False
2200000.0,Senior,20,,,"Bash/Shell, PHP",Hombre Cis,False
2500000.0,Senior,25,Doctorado,Completo,Ninguno de los anteriores,Hombre Cis,False
4625000.0,Senior,40,,,"HTML, SQL, VBA",Hombre Cis,False
7700000.0,Senior,15,Universitario,Completo,"Go, Java, Javascript, Kotlin, Swift",Hombre Cis,False
2852000.0,Semi-Senior,5,Universitario,En curso,"Bash/Shell, CSS, HTML, Javascript, Python, SQL",Hombre Cis,False
3300000.0,Semi-Senior,4,,,"CSS, Go, Javascript, TypeScript",Hombre Cis,False
2200000.0,Junior,0,,,"Arduino, Assembler, Bash/Shell, C, C++, HTML, Javascript, Perl, PHP, Python, R, TypeScript",Hombre Cis,False
2200000.0,Senior,7,,,"Bash/Shell, Python",Hombre Cis,False
2300000.0,Semi-Senior,5,,,"C++, C#, Go, HTML, Java",Hombre Cis,False
6003000.0,Senior,10,,,Ninguno de los anteriores,Hombre Cis,False
6166595.0,Senior,22,Universitario,Completo,".NET, Bash/Shell, C++, C#, CSS, HTML, Javascript, SQL, TypeScript",Hombre Cis,False
3523520.0,Semi-Senior,5,,,"Bash/Shell, Java, Javascript, Python, SQL, TypeScript",Hombre Cis,False
2000000.0,Semi-Senior,3,,,"Bash/Shell, C++, HTML, Java, Javascript, Perl, SQL",Hombre Cis,False
2000000.0,Senior,30,,,"Bash/Shell, Python",Hombre Cis,False
800000.0,Senior,18,,,Ninguno de los anteriores,Hombre Cis,False
1303796.0,Semi-Senior,3,Universitario,En curso,"Bash/Shell, CSS, HTML, Kotlin, PHP",Hombre Cis,False
1400000.0,Junior,1,Universitario,Completo,"Javascript, Python, SQL",Hombre Cis,False
1916919.0,Semi-Senior,4,,,"CSS, HTML, Java, Javascript, TypeScript",Mujer Cis,False
3200000.0,Semi-Senior,5,,,"HTML, Java, Javascript, SQL",Hombre Cis,False
5590000.0,Senior,20,,,"Bash/Shell, HTML, Javascript, Python, SQL",Hombre Cis,False
7000000.0,Senior,26,,,Ninguno de los anteriores,Hombre Cis,False
4600000.0,Senior,35,,,"Bash/Shell, COBOL, SQL",Hombre Cis,False
3320630.0,Senior,10,,,Ninguno de los anteriores,Hombre Cis,False
7312000.0,Senior,26,,,"CSS, Groovy, HTML, Java, Javascript, SQL, TypeScript",Hombre Cis,False
4020747.0,Senior,6,,,"Javascript, Kotlin, TypeScript",Hombre Cis,False
1038373.0,Senior,25,Universitario,En curso,Ninguno de los anteriores,Hombre Cis,False
6198942.0,Senior,25,,,"Javascript, TypeScript",Hombre Cis,False
1728198.0,Junior,2,Terciario,Incompleto,"Java, Javascript",Mujer Cis,False
2521440.0,Semi-Senior,3,Universitario,En curso,"Javascript, PHP, SQL",Agénero,False
4154000.0,Senior,6,,,Python,Hombre Cis,False
3163382.0,Junior,2,,,"Bash/Shell, Python, SQL",Hombre Cis,False
5965500.0,Senior,20,Universitario,Incompleto,"Bash/Shell, CSS, HTML, Java, Javascript",Hombre Cis,False
4760000.0,Semi-Senior,3,,,"Java, Python, Scala, SQL",Hombre Cis,False
2132000.0,Junior,1,,,Python,Mujer Cis,False
1470000.0,Semi-Senior,4,Universitario,En curso,"C#, CSS, HTML, Javascript, SQL",Hombre Cis,False
2500000.0,Semi-Senior,3,,,Ninguno de los anteriores,Mujer Cis,False
2100000.0,Senior,10,,,Python,Mujer Cis,False
4200000.0,Senior,15,,,".NET, HTML, SQL, VBA",Hombre Cis,False
2700000.0,Senior,18,Universitario,Incompleto,"HTML, Java, Javascript",Hombre Cis,False
3500000.0,Senior,25,Universitario,Incompleto,"C, HTML, Javascript, Perl, PHP",Hombre Cis,False
4500000.0,Senior,19,,,PHP,Hombre Cis,False
2406720.0,Semi-Senior,5,,,"Bash/Shell, PHP",Hombre Cis,False
4000000.0,Senior,15,Universitario,En curso,"Kotlin, Swift",Hombre Cis,False
1434763.0,Junior,1,,,Ninguno de los anteriores,Hombre Cis,False
4913590.0,Senior,28,,,".NET, C#",Hombre Cis,False
3636289.0,Senior,6,,,"Java, SQL",Hombre Cis,False
1500000.0,Semi-Senior,4,Universitario,Completo,Ninguno de los anteriores,Hombre Cis,False
9800000.0,Senior,30,Universitario,Completo,"Bash/Shell, Go, Powershell",Hombre Cis,False
3600000.0,Semi-Senior,5,,,".NET, C++, C#, HTML, Python, SQL, VBA",Mujer Cis,False
2500000.0,Junior,2,Universitario,En curso,"Bash/Shell, SQL",Mujer Cis,False
2900000.0,Semi-Senior,3,,,"CSS, HTML, Javascript, SQL, TypeScript",Hombre Cis,False
1550000.0,Semi-Senior,3,Universitario,En curso,"CSS, HTML, Java, Javascript, Python, SQL",Hombre Cis,False
2800000.0,Semi-Senior,4,Universitario,En curso,"Javascript, SQL",Mujer Cis,False
4500000.0,Senior,20,,,SQL,Hombre Cis,False
1570000.0,Semi-Senior,5,Universitario,Completo,"Arduino, C, Python",Mujer Cis,False
2400000.0,Senior,6,,,"Bash/Shell, CSS, HTML, Java, Javascript, Python",Hombre Cis,False
5550000.0,Senior,8,Universitario,En curso,"Bash/Shell, Java, SQL",Hombre Cis,False
2000000.0,Semi-Senior,3,,,"Bash/Shell, Python",Hombre Cis,False
10000000.0,Senior,20,,,Ninguno de los anteriores,Mujer Cis,False
3767692.0,Senior,18,,,".NET, C#, CSS, HTML, Javascript, Python, SQL, TypeScript",Hombre Cis,False
2190000.0,Senior,11,,,Ninguno de los anteriores,Mujer Cis,False
1200000.0,Senior,8,Terciario,En curso,"Bash/Shell, Delphi, HTML, Javascript, PHP, Python, SQL",Hombre Cis,False
460000.0,Senior,10,,,TypeScript,Hombre Cis,False
5700000.0,Senior,30,,,".NET, C#, Javascript, PHP, SQL",Hombre Cis,False
400000.0,Semi-Senior,3,Universitario,En curso,Ninguno de los anteriores,Hombre Cis,False
4000000.0,Senior,6,,,"HTML, Java, Javascript, SQL, TypeScript",Mujer Cis,False
3900000.0,Senior,9,Universitario,Completo,ABAP,Hombre Cis,False
1688755.0,Semi-Senior,4,Secundario,Completo,"Delphi, PHP, SQL",Hombre Cis,False
1300000.0,Semi-Senior,3,Universitario,En curso,"Bash/Shell, CSS, HTML, Javascript, PHP, Python, SQL, TypeScript",Hombre Cis,False
1800000.0,Senior,7,,,"C++, HTML, Java, Python, SQL, TypeScript",Hombre Cis,False
1112000.0,Junior,0,Terciario,Completo,"Python, SQL",Mujer Cis,False
3000000.0,Semi-Senior,4,Terciario,Completo,"CSS, HTML, Java, Javascript, SQL, TypeScript",Hombre Cis,False
6590000.0,Senior,18,,,SQL,Hombre Cis,False
1970000.0,Semi-Senior,5,Universitario,Completo,".NET, C#, SQL",Hombre Cis,False
2500000.0,Senior,12,,,Ninguno de los anteriores,Hombre Cis,False
1160000.0,Junior,1,Universitario,En curso,".NET, C#, CSS, HTML, Java, Javascript, SQL, TypeScript",Hombre Cis,False
2000000.0,Senior,9,Universitario,Incompleto,Ninguno de los anteriores,Hombre Cis,False
4000000.0,Semi-Senior,4,,,Ninguno de los anteriores,Hombre Cis,False
5860000.0,Senior,10,Terciario,Completo,Python,Hombre Cis,False
2100000.0,Senior,40,,,".NET, CSS, HTML, Java, Javascript, PHP, Python, SQL, VBA",Hombre Cis,False
4400000.0,Senior,8,,,SQL,Mujer Cis,False
4800000.0,Senior,11,,,"HTML, Javascript, Python, SQL, VBA",Hombre Cis,False
4500000.0,Senior,18,,,"Java, SQL",Prefiero no decir,False
5590000.0,Senior,25,,,"Bash/Shell, Javascript, Python",Hombre Cis,False
1800000.0,Semi-Senior,3,Universitario,Completo,".NET, Kotlin",Hombre Cis,False
2500000.0,Senior,8,,,".NET, CSS, HTML, Java, Javascript, PHP, Python, SQL, TypeScript, VBA",Hombre Cis,False
4200000.0,Semi-Senior,5,,,"Javascript, SQL, TypeScript",Hombre Cis,False
4600000.0,Senior,12,Universitario,Completo,"Go, Python",Hombre Cis,False
3500000.0,Semi-Senior,5,Maestría,Completo,"Python, SQL",Hombre Cis,False
2600000.0,Semi-Senior,5,,,Ninguno de los anteriores,Mujer Cis,False
2200000.0,Senior,20,,,Ninguno de los anteriores,Hombre Cis,False
4466210.0,Senior,6,,,"Java, Kotlin, Python",Hombre Cis,False
2522400.0,Semi-Senior,4,,,"Python, SQL",Hombre Cis,False
7800000.0,Senior,30,,,C#,Hombre Cis,False
6076013.0,Senior,34,,,"HTML, Javascript, PHP, Python, SQL",Hombre Cis,False
2700000.0,Senior,6,,,"Javascript, PHP",Hombre Cis,False
2950000.0,Senior,23,,,"Arduino, HTML, Java, Javascript, SQL",Hombre Cis,False
3546709.0,Semi-Senior,5,,,"Javascript, Python, SQL, TypeScript",Hombre Cis,False
1854660.0,Junior,1,,,"HTML, Javascript, PHP, SQL",Hombre Cis,False
1914867.0,Senior,10,,,"Bash/Shell, SQL",Hombre Cis,False
1974158.0,Senior,22,,,Ninguno de los anteriores,Hombre Cis,False
1120000.0,Junior,1,,,"CSS, HTML, Javascript",Hombre Cis,False
1650000.0,Semi-Senior,4,,,C#,Hombre Cis,False
2600000.0,Senior,10,,,".NET, C#",Hombre Cis,False
2900000.0,Senior,10,,,"Javascript, PHP",Hombre Cis,False
5100000.0,Senior,30,,,Javascript,Hombre Cis,False
3767959.04,Senior,6,,,".NET, C#, HTML, Javascript, SQL, TypeScript",Hombre Cis,False
3932000.0,Senior,7,,,Python,Hombre Cis,False
1807000.0,Senior,10,Posgrado/Especialización,Completo,"Bash/Shell, HTML, Javascript, PHP, Python",Hombre Cis,False
3215000.0,Junior,2,Universitario,Completo,"Javascript, Python",Hombre Cis,False
2000000.0,Semi-Senior,4,,,"HTML, Java, Javascript, Python, SQL",Hombre Cis,False
6500000.0,Senior,35,,,"COBOL, Java, Python, SQL",Hombre Cis,False
1991000.0,Semi-Senior,5,,,"Java, TypeScript",Hombre Cis,False
2149289.0,Senior,18,Universitario,Incompleto,"Bash/Shell, Javascript, PHP, SQL",Hombre Cis,False
2700000.0,Junior,2,Secundario,Completo,TypeScript,Hombre Cis,False
6871000.0,Senior,9,,,SQL,Hombre Cis,False
1450000.0,Senior,25,,,Ninguno de los anteriores,Hombre Cis,False
4000000.0,Senior,20,,,SQL,Hombre Cis,False
5000000.0,Senior,15,,,".NET, C#, HTML, Java, Javascript, SQL",Hombre Cis,False
4000000.0,Senior,12,,,Bash/Shell,Hombre Cis,False
1800000.0,Semi-Senior,5,Universitario,Completo,Python,Hombre Cis,False
3265000.0,Semi-Senior,5,Secundario,Completo,"HTML, Javascript, Python, TypeScript",Hombre Cis,False
4500000.0,Semi-Senior,5,,,".NET, Bash/Shell, Go, HTML, Javascript, SQL, TypeScript",Hombre Cis,False
1513000.0,Senior,12,Universitario,Completo,Ninguno de los anteriores,Hombre Cis,False
3234000.0,Semi-Senior,4,,,"HTML, Python, TypeScript",Hombre Cis,False
4000000.0,Senior,9,,,"CSS, HTML, Java, Javascript, Kotlin, SQL, TypeScript",Prefiero no decir,False
5800000.0,Semi-Senior,4,Universitario,Completo,"Go, Kotlin",Hombre Cis,False
4945080.0,Senior,28,Universitario,Completo,"Bash/Shell, Java, PHP, Python",Hombre Cis,False
5380000.0,Semi-Senior,4,Maestría,En curso,"Javascript, SQL, TypeScript",Hombre Cis,False
3700000.0,Semi-Senior,4,,,Java,Hombre Cis,False
2841000.0,Senior,20,,,Ninguno de los anteriores,Hombre Cis,False
2440000.0,Semi-Senior,5,,,"Javascript, TypeScript, CAP, Fiori, Hana",Mujer Cis,False
6300000.0,Senior,15,,,"HTML, Java, Javascript, Kotlin, Python, Swift, TypeScript",Hombre Cis,False
2375366.0,Senior,25,Universitario,Completo,Ninguno de los anteriores,Hombre Cis,False
3253581.27,Senior,15,,,"Python, SQL, VBA",Hombre Cis,False
2600000.0,Semi-Senior,4,,,"HTML, Javascript, Python, SQL, TypeScript, VBA",Mujer Cis,False
3600000.0,Semi-Senior,4,Universitario,En curso,"R, SQL",Hombre Cis,False
2500000.0,Semi-Senior,4,Universitario,En curso,Ninguno de los anteriores,Mujer Cis,False
2449367.0,Semi-Senior,3,,,"CSS, HTML, Javascript, PHP, SQL",Hombre Cis,False
4960000.0,Senior,15,Universitario,En curso,"Python, R, SQL",Hombre Cis,False
1681500.0,Senior,11,,,VBA,Hombre Cis,False
4000000.0,Senior,10,,,"Bash/Shell, Python",Hombre Cis,False
7900000.0,Senior,6,,,"C, C++, Python, R, Scala, SQL",Mujer Cis,False
4100000.0,Semi-Senior,4,,,"Bash/Shell, Python",Hombre Cis,False
1062739.0,Semi-Senior,4,,,HTML,Mujer Cis,False
1100000.0,Semi-Senior,4,Universitario,Completo,SQL,Hombre Cis,False
1810000.0,Semi-Senior,5,,,"CSS, HTML, Javascript, TypeScript",Mujer Cis,False
1000000.0,Junior,1,,,Ninguno de los anteriores,Hombre Cis,False
1000000.0,Junior,2,,,"Ninguno de los anteriores, ",Hombre Cis,False
8500000.0,Senior,7,Universitario,Completo,"CSS, HTML, Java, Javascript, TypeScript",Hombre Cis,False
2553693.0,Senior,6,Universitario,Completo,"HTML, Java, SQL, TypeScript",Hombre Cis,False
4964066.0,Semi-Senior,5,,,"HTML, Javascript, TypeScript",Hombre Cis,False
1600000.0,Junior,2,,,"Bash/Shell, Javascript, TypeScript",Hombre Cis,False
3556851.0,Semi-Senior,4,Universitario,En curso,Python,Hombre Cis,False
3900000.0,Senior,15,Universitario,Completo,apex,Mujer Cis,False
1223000.0,Junior,2,,,"CSS, HTML, Javascript, Python, SQL, TypeScript",Hombre Cis,False
2150000.0,Junior,2,Universitario,Completo,".NET, C#, CSS, HTML, Javascript, SQL",Mujer Cis,False
4500000.0,Senior,13,,,"COBOL, SQL",Hombre Cis,False
2400000.0,Senior,6,,,"Java, SQL",Hombre Cis,False
4300000.0,Semi-Senior,4,Posgrado/Especialización,Completo,"Python, SQL",Hombre Cis,False
4400000.0,Senior,16,,,.NET,Hombre Cis,False
3700000.0,Junior,2,Terciario,Completo,Python,Mujer Cis,False
3800000.0,Senior,18,,,"CSS, HTML, Javascript, Python, SQL",Hombre Cis,False
3800000.0,Semi-Senior,4,Universitario,Completo,"Python, SQL",Hombre Cis,False
4220600.0,Semi-Senior,3,,,"CSS, HTML, Javascript, PHP",Hombre Cis,False
2100000.0,Semi-Senior,5,,,"CSS, HTML, Javascript, Python, SQL",Hombre Cis,False
6320000.0,Senior,25,,,Ninguno de los anteriores,Hombre Cis,False
2251850.0,Junior,2,,,JQL (Jira Query Language),Hombre Cis,False
4975000.0,Senior,15,,,Ninguno de los anteriores,Hombre Cis,False
3600000.0,Senior,10,,,"Bash/Shell, CSS, HTML, Javascript, PHP, Python, SQL, TypeScript",Hombre Cis,False
4163000.0,Senior,22,Terciario,Completo,Python,Hombre Cis,False
4200000.0,Semi-Senior,4,Maestría,En curso,"Python, SQL",Hombre Cis,False
1450000.0,Senior,15,Universitario,Completo,"CSS, HTML, Python",Hombre Cis,False
1100000.0,Junior,2,,,"CSS, HTML, Javascript, Python",Mujer Cis,False
4000000.0,Senior,10,,,Ninguno de los anteriores,Hombre Cis,False
2055000.0,Semi-Senior,5,,,"Javascript, SQL",Hombre Cis,False
2698785.0,Senior,10,,,"CSS, HTML, Kotlin, SQL, TypeScript",Hombre Cis,False
1300000.0,Semi-Senior,3,,,.NET,Hombre Cis,False
2260000.0,Senior,24,Terciario,Completo,"Bash/Shell, SQL",Hombre Cis,False
3600000.0,Semi-Senior,5,,,"CSS, Go, HTML, Java, Javascript, SQL",Hombre Cis,False
3200000.0,Senior,20,Universitario,Completo,".NET, SQL",Mujer Cis,False
2000000.0,Senior,6,,,"Bash/Shell, CSS, HTML, Java, Javascript, PHP, SQL",Hombre Cis,False
2242500.53,Semi-Senior,4,Terciario,Completo,"HTML, TypeScript",Hombre Cis,False
2400000.0,Senior,7,Universitario,Completo,"Javascript, Python",Hombre Cis,False
4700000.0,Senior,9,,,".NET, C#, Javascript, Python, SQL",Hombre Cis,False
4500000.0,Semi-Senior,4,,,Python,Hombre Cis,False
4280000.0,Senior,19,,,ABAP,Hombre Cis,False
1521333.0,Senior,7,Universitario,En curso,Bash/Shell,Hombre Cis,False
2800000.0,Senior,6,,,"Python, SQL, VBA",Hombre Cis,False
1582428.24,Senior,6,,,"Javascript, TypeScript",Hombre Cis,False
4000000.0,Senior,15,,,".NET, HTML, Javascript, SQL",Hombre Cis,False
2850000.0,Semi-Senior,5,Universitario,Completo,"HTML, Javascript, Python, SQL, TypeScript",Mujer Cis,False
2515543.0,Semi-Senior,5,,,SQL,Mujer Cis,False
4337098.0,Senior,10,,,COBOL,Hombre Cis,False
3250000.0,Semi-Senior,5,Universitario,Completo,"HTML, Java, Python, SQL",Hombre Cis,False
2412082.0,Semi-Senior,5,,,"Bash/Shell, Python, TypeScript",Hombre Cis,False
2500000.0,Junior,2,Universitario,En curso,".NET, C#, CSS, Dart, HTML, Javascript, SQL, TypeScript",Hombre Cis,False
2359500.0,Semi-Senior,5,,,Ninguno de los anteriores,Hombre Cis,False
5320000.0,Semi-Senior,4,Universitario,Completo,Python,Hombre Cis,False
3600000.0,Senior,35,Universitario,Completo,"HTML, PHP, Python",Hombre Cis,False
5000000.0,Senior,30,,,"C++, Go, HTML, Javascript, PHP, Python, SQL",Prefiero no decir,False
3601521.0,Senior,10,,,Ninguno de los anteriores,Hombre Cis,False
5080000.0,Semi-Senior,5,Doctorado,Completo,"Arduino, C, Python",Hombre Cis,False
5000000.0,Senior,8,,,"Go, SQL, TypeScript",Hombre Cis,False
2700000.0,Semi-Senior,5,Universitario,En curso,"Javascript, Python",Mujer Cis,False
4600000.0,Semi-Senior,5,,,SQL,Mujer Cis,False
1408000.0,Senior,6,Universitario,En curso,Ninguno de los anteriores,Hombre Cis,False
3236000.0,Senior,20,,,"Bash/Shell, HTML, Javascript, PHP, Python, SQL",Hombre Cis,False
3195000.0,Senior,13,Universitario,Completo,Ninguno de los anteriores,Mujer Cis,False
896000.0,Junior,2,Terciario,Completo,"Javascript, SQL, TypeScript",Hombre Cis,False
5000000.0,Senior,42,,,HTML,Hombre Cis,False
4250000.0,Senior,10,,,SQL,Mujer Cis,False
1280000.0,Senior,20,,,"Bash/Shell, Delphi, Javascript, PHP, SQL, TypeScript, VBA",Hombre Cis,False
4400000.0,Senior,10,,,Javascript,Hombre Cis,False
3000000.0,Senior,16,Universitario,Completo,Java,Hombre Cis,False
1620492.8,Junior,1,,,Ninguno de los anteriores,Mujer Cis,False
4000000.0,Senior,6,,,Ninguno de los anteriores,Hombre Cis,False
1600000.0,Semi-Senior,3,,,"CSS, HTML, Javascript, Python",Mujer Cis,False
4600000.0,Senior,15,,,"Bash/Shell, Javascript, Python",Hombre Cis,False
4051040.0,Senior,12,Universitario,Completo,ABAP,Hombre Cis,False
1660000.0,Junior,1,Universitario,En curso,SQL,Prefiero no decir,False
1900300.0,Junior,2,,,Ninguno de los anteriores,Mujer Cis,False
1877750.0,Junior,1,Universitario,Completo,"Python, SQL",Hombre Cis,False
3262182.0,Senior,20,,,".NET, C++, Erlang, Python, SQL, VBA",Hombre Cis,False
1045628.0,Semi-Senior,4,Terciario,En curso,"Arduino, Bash/Shell, C, CSS, HTML, Java, Javascript, PHP, Python, SQL, TypeScript",Hombre Cis,False
1685000.0,Senior,25,,,"Bash/Shell, SQL",Hombre Cis,False
4600000.0,Senior,20,,,"HTML, Javascript, Python, SQL",Hombre Cis,False
2500000.0,Senior,7,,,Genexus,Hombre Cis,False
5500000.0,Senior,12,,,"Bash/Shell, Java, Python, SQL",Hombre Cis,False
10930800.0,Senior,30,,,Python,Hombre Cis,False
3861374.86,Senior,10,,,"Python, SQL",Hombre Cis,False
5542099.0,Senior,8,Universitario,Completo,"Bash/Shell, SQL",Hombre Cis,False
1727426.0,Senior,7,Universitario,Incompleto,"CSS, Groovy, HTML, Java, Javascript, SQL",Hombre Cis,False
2995000.0,Senior,10,Universitario,Incompleto,"CSS, HTML, PHP, Python, SQL",Hombre Cis,False
2700000.0,Senior,6,,,"Python, SQL",Hombre Cis,False
3443900.0,Senior,6,Universitario,Completo,"HTML, SQL",Mujer Cis,False
3000000.0,Junior,2,,,Python,Hombre Cis,False
3693768.57,Senior,6,,,"CSS, HTML, TypeScript",Hombre Cis,False
2250000.0,Senior,8,,,"CSS, HTML, Javascript",Mujer Cis,False
3244268.32,Senior,7,,,"Bash/Shell, Python, SQL",Hombre Cis,False
4800000.0,Senior,10,,,"HTML, Java, Javascript, SQL",Hombre Cis,False
1737059.0,Junior,2,Universitario,En curso,"Java, Python, SQL",Hombre Cis,False
6500000.0,Senior,30,,,"Arduino, Bash/Shell, C, HTML, Python, SQL",Hombre Cis,False
6000000.0,Senior,7,,,Go,Hombre Cis,False
2400000.0,Semi-Senior,5,Universitario,En curso,".NET, C#, CSS, HTML, Javascript, SQL, TypeScript",Hombre Cis,False
2100000.0,Semi-Senior,5,,,"Bash/Shell, PHP, Python",Hombre Cis,False
4317000.0,Semi-Senior,5,,,Python,Mujer Cis,False
2000000.0,Junior,2,,,Ninguno de los anteriores,Mujer Cis,False
2300000.0,Semi-Senior,3,,,Ninguno de los anteriores,Hombre Cis,False
2600000.0,Senior,8,,,".NET, C#, CSS, HTML, Javascript, SQL, Blazor",Hombre Cis,False
1047000.0,Junior,0,,,"Bash/Shell, Java, Javascript, Python, TypeScript",Hombre Cis,False
4160000.0,Semi-Senior,5,,,"CSS, HTML, Javascript, PHP, Python, SQL, TypeScript",Hombre Cis,False
2936893.0,Senior,15,,,"Bash/Shell, CSS, HTML, Javascript, PHP, TypeScript",Hombre Cis,False
3000000.0,Senior,20,,,"CSS, HTML, Javascript, PHP, SQL",Hombre Cis,False
3300000.0,Senior,15,,,Ninguno de los anteriores,Hombre Cis,False
2300000.0,Semi-Senior,4,,,"Java, Javascript, Python",Hombre Cis,False
2336457.87,Senior,20,Terciario,Completo,Ninguno de los anteriores,Hombre Cis,False
5200000.0,Senior,15,,,".NET, C#, CSS, HTML, Javascript, SQL",Hombre Cis,False
5813000.0,Senior,15,,,"Kotlin, SQL",Mujer Cis,False
3400000.0,Senior,7,,,Java,Hombre Cis,False
4000000.0,Senior,15,,,".NET, C++, SQL, TypeScript",Mujer Cis,False
3000000.0,Senior,16,,,"HTML, Javascript",Hombre Cis,False
4900000.0,Senior,48,,,"COBOL, SQL",Mujer Cis,False
1895161.0,Semi-Senior,4,,,"CSS, HTML, Javascript, TypeScript",Queer,False
5300000.0,Senior,14,,,Java,Hombre Cis,False
1750000.0,Semi-Senior,3,Universitario,Completo,Ninguno de los anteriores,Hombre Cis,False
2900000.0,Semi-Senior,4,,,"Bash/Shell, CSS, HTML, Java, Javascript, PHP, SQL, TypeScript",Hombre Cis,False
5172710.0,Senior,10,,,Ninguno de los anteriores,Hombre Cis,False
3505000.0,Senior,6,,,"C++, SQL",Hombre Cis,False
2410000.0,Semi-Senior,4,Universitario,En curso,"Bash/Shell, Python, Smalltalk",Hombre Cis,False
2300000.0,Senior,20,Universitario,Completo,"Java, Javascript",Mujer Cis,False
7000000.0,Senior,17,Universitario,Incompleto,"Python, Scala, SQL",Hombre Cis,False
2297197.0,Semi-Senior,5,,,"Python, SQL",Mujer Cis,False
3890000.0,Semi-Senior,5,Universitario,Completo,".NET, C#, CSS, HTML, PHP, Python, SQL, TypeScript",Hombre Cis,False
2000000.0,Senior,10,,,SQL,Hombre Cis,False
1150000.0,Semi-Senior,3,,,".NET, C#, Javascript, TypeScript",Hombre Cis,False
1900000.0,Senior,24,,,Ninguno de los anteriores,Hombre Cis,False
2150000.0,Semi-Senior,4,,,"CSS, HTML, Javascript, PHP, SQL, TypeScript",Hombre Cis,False
2550000.0,Semi-Senior,5,Terciario,Incompleto,"HTML, Javascript, Python",Mujer Cis,False
2501629.0,Semi-Senior,3,,,"HTML, Javascript, TypeScript",Mujer Cis,False
2228000.0,Junior,1,Terciario,Completo,"Python, SQL",Mujer Cis,False
3400000.0,Semi-Senior,4,,,"HTML, Javascript",Hombre Cis,False
2251000.0,Semi-Senior,3,,,Ninguno de los anteriores,Hombre Cis,False
3200000.0,Senior,6,,,".NET, C#, SQL",Hombre Cis,False
2997666.0,Semi-Senior,3,,,".NET, C#, HTML, SQL",Hombre Cis,False
10078034.0,Senior,20,,,".NET, C#, CSS, HTML, Python, SQL",Hombre Cis,False
4000000.0,Senior,6,,,Java,Mujer Cis,False
290000.0,Senior,10,Universitario,Completo,SQL,Hombre Cis,False
3700000.0,Semi-Senior,4,,,Ninguno de los anteriores,Hombre Cis,False
4000000.0,Senior,30,,,"CSS, HTML, Javascript, PHP",Hombre Cis,False
5200000.0,Senior,8,Universitario,Incompleto,".NET, Bash/Shell, C#, Python, SQL",Hombre Cis,False
1840659.0,Semi-Senior,4,Universitario,En curso,"CSS, HTML, Java, Javascript, SQL",Hombre Cis,False
949692.0,Senior,8,,,"HTML, SQL",Hombre Cis,False
1321200.0,Junior,2,,,"Javascript, PHP, SQL, VBA",Hombre Cis,False
6100000.0,Senior,12,,,Javascript,Hombre Cis,False
1200000.0,Senior,6,Terciario,En curso,Ninguno de los anteriores,Hombre Cis,False
2300000.0,Senior,18,,,Ninguno de los anteriores,Hombre Cis,False
2300000.0,Semi-Senior,4,,,ABAP,Mujer Cis,False
1536000.0,Junior,2,Universitario,Incompleto,"Bash/Shell, Javascript, Python, SQL, TypeScript",No binarie,False
2200000.0,Senior,30,,,COBOL,Hombre Cis,False
2900000.0,Senior,15,,,SQL,Mujer Cis,False
2280000.0,Semi-Senior,3,,,".NET, C#, HTML, Javascript, SQL, VBA",Hombre Cis,False
4200000.0,Semi-Senior,5,,,"Python, SQL",Hombre Cis,False
2365687.0,Semi-Senior,5,Universitario,Completo,"Javascript, SQL, TypeScript",Hombre Cis,False
5300000.0,Senior,12,,,Ninguno de los anteriores,Hombre Cis,False
550000.0,Semi-Senior,5,,,"CSS, HTML, Javascript, PHP, SQL",Hombre Cis,False
6000000.0,Semi-Senior,5,,,"Java, Javascript, Python, Smalltalk, SQL, TypeScript",Hombre Cis,False
5200000.0,Senior,23,Universitario,Completo,Ninguno de los anteriores,Hombre Cis,False
2720640.0,Senior,12,,,"Ninguno de los anteriores, ",Hombre Cis,False
7000000.0,Senior,29,Maestría,Completo,".NET, Go, Javascript, TypeScript",Hombre Cis,False
2532400.0,Senior,12,,,"CSS, HTML, Javascript, PHP, SQL, TypeScript",Hombre Cis,False
2771000.0,Semi-Senior,5,Terciario,Completo,"Bash/Shell, Python",Hombre Cis,False
4500000.0,Senior,15,,,Ninguno de los anteriores,Hombre Cis,False
800000.0,Junior,2,,,"CSS, HTML, Python, SQL",Hombre Cis,False
1300000.0,Semi-Senior,3,Universitario,Completo,"Bash/Shell, Javascript, PHP, Python",Hombre Cis,False
4166000.0,Semi-Senior,5,,,"Javascript, TypeScript",Hombre Cis,False
6000000.0,Semi-Senior,5,Universitario,En curso,"Java, Kotlin, SQL, TypeScript",Hombre Cis,False
4900000.0,Senior,18,Universitario,Incompleto,SQL,Hombre Cis,False
3042000.0,Semi-Senior,3,,,"Bash/Shell, Python",Hombre Cis,False
4900000.0,Semi-Senior,5,,,Ninguno de los anteriores,Hombre Cis,False
1010000.0,Senior,25,,,Ninguno de los anteriores,Hombre Cis,False
2009000.0,Junior,2,,,"Python, SQL",Hombre Cis,False
2941285.0,Senior,17,,,"CSS, HTML, Javascript, PHP, SQL, TypeScript",Mujer Cis,False
6000000.0,Senior,8,,,"Javascript, TypeScript",Hombre Cis,False
1500000.0,Senior,19,Secundario,Completo,Ninguno de los anteriores,Hombre Cis,False
2300000.0,Senior,8,,,Ninguno de los anteriores,Mujer Cis,False
4500000.0,Senior,25,,,"Java, Javascript, Python, SQL",Hombre Cis,False
2460000.0,Senior,18,,,"Arduino, C++, CSS, HTML, Javascript, Kotlin, Python, SQL",Hombre Cis,False
3194000.0,Senior,14,,,Bash/Shell,Hombre Cis,False
1203657.0,Semi-Senior,4,Universitario,En curso,Ninguno de los anteriores,Hombre Cis,False
11000000.0,Senior,20,,,"Python, SQL",Mujer Cis,False
5500000.0,Senior,8,,,Ninguno de los anteriores,Hombre Cis,False
1700000.0,Junior,2,,,Ninguno de los anteriores,Mujer Cis,False
1800000.0,Junior,2,Universitario,En curso,"Python, SQL",Hombre Cis,False
3700000.0,Senior,7,,,"Bash/Shell, Javascript",Hombre Cis,False
6003000.0,Senior,10,,,Ninguno de los anteriores,Hombre Cis,False
6500000.0,Senior,18,,,"Bash/Shell, Python",Hombre Cis,False
5200000.0,Senior,7,,,".NET, Bash/Shell, C#",Mujer Cis,False
6849900.0,Senior,10,,,"Bash/Shell, Go",Hombre Cis,False
1100000.0,Senior,32,Posgrado/Especialización,Completo,"C#, CSS, HTML, SQL, vfp",Hombre Cis,False
2300000.0,Junior,2,Universitario,En curso,Python,Hombre Cis,False
750000.0,Senior,10,Universitario,Incompleto,Ninguno de los anteriores,Hombre Cis,False
2200000.0,Semi-Senior,3,Terciario,Completo,"Javascript, Adaptive Expressions",Hombre Cis,False
5000000.0,Semi-Senior,5,,,"Java, Javascript",Mujer Cis,False
3337798.0,Senior,19,,,"Bash/Shell, HTML, PHP, Python, SQL",Hombre Cis,False
1700000.0,Semi-Senior,3,Universitario,Completo,"HTML, Javascript, SQL, Apex",Hombre Cis,False
5500000.0,Senior,25,,,SQL,Hombre Cis,False
2311000.0,Semi-Senior,4,,,"CSS, HTML, Javascript",Hombre Cis,False
1800000.0,Semi-Senior,5,,,"Python, SQL",Hombre Cis,False
2700000.0,Senior,6,Maestría,Incompleto,"Python, R, SQL",Hombre Cis,False
2800000.0,Senior,6,,,Bash/Shell,Hombre Cis,False
2000000.0,Semi-Senior,4,,,".NET, Javascript",Hombre Cis,False
3000000.0,Senior,18,,,Ninguno de los anteriores,Hombre Cis,False
2650000.0,Senior,14,Universitario,Completo,"C#, Javascript",Hombre Cis,False
2350000.0,Senior,30,Posgrado/Especialización,Completo,Ninguno de los anteriores,Hombre Cis,False
1090000.0,Senior,10,,,Go,Hombre Cis,False
7300000.0,Semi-Senior,5,,,"Bash/Shell, Python, SQL",Hombre Cis,False
1499444.0,Junior,2,,,SQL,Hombre Cis,False
1784197.0,Junior,2,Terciario,Completo,".NET, C#, CSS, HTML, Javascript, SQL, TypeScript",Mujer Cis,False
2000000.0,Senior,40,,,".NET, CSS, HTML, Javascript, Python, SQL, VBA",Hombre Cis,False
656882.0,Junior,0,,,SQL,Hombre Cis,False
4150000.0,Senior,20,,,Ninguno de los anteriores,Hombre Cis,False
1293000.0,Semi-Senior,4,,,"Python, SQL",Hombre Cis,False
2900000.0,Junior,1,Maestría,Completo,"Python, SQL",Mujer Cis,False
3200000.0,Senior,20,,,Python,Hombre Cis,False
1190856.0,Semi-Senior,5,Universitario,En curso,".NET, Bash/Shell, C#, CSS, Javascript, Python, SQL, TypeScript",Mujer Cis,False
3100000.0,Semi-Senior,3,,,SQL,Mujer Cis,False
3158000.0,Semi-Senior,5,Universitario,Incompleto,Smalltalk,Mujer Cis,False
1400000.0,Semi-Senior,3,,,".NET, CSS, HTML, Javascript, Python, SQL, TypeScript",Hombre Cis,False
4777000.0,Senior,18,,,".NET, C#, HTML, Javascript, SQL",Hombre Cis,False
3805015.0,Senior,13,Universitario,En curso,"Bash/Shell, HTML, Java, SQL",Hombre Cis,False
2927265.0,Senior,35,,,Ninguno de los anteriores,Hombre Cis,False
1463400.0,Semi-Senior,4,,,"Python, SQL",Mujer Cis,False
3600000.0,Semi-Senior,5,,,"Bash/Shell, Python, SQL",Mujer Cis,False
1504585.0,Senior,17,Terciario,Completo,".NET, Bash/Shell, Python, SQL",Hombre Cis,False
7840000.0,Senior,10,,,"Python, SQL",Mujer Cis,False
2711700.0,Semi-Senior,4,Terciario,Completo,"CSS, HTML, Javascript, Python, TypeScript",Mujer Cis,False
6800000.0,Semi-Senior,5,,,"Python, SQL",Hombre Cis,False
2000000.0,Semi-Senior,3,,,Ninguno de los anteriores,Hombre Cis,False
2200000.0,Junior,1,,,"Javascript, Python",Hombre Cis,False
6378300.0,Senior,6,Posgrado/Especialización,En curso,"HTML, Javascript, TypeScript",Hombre Cis,False
5320000.0,Senior,20,,,".NET, PHP, Python, SQL, Ninguno de los anteriores",Hombre Cis,False
1290000.0,Semi-Senior,4,,,"CSS, HTML, Javascript, TypeScript",Hombre Cis,False
1800000.0,Senior,20,,,".NET, CSS, HTML, PHP, Python, SQL",Hombre Cis,False
1900000.0,Semi-Senior,4,,,"Javascript, TypeScript",Hombre Cis,False
3400000.0,Senior,20,,,"Bash/Shell, HTML, Java, PHP, Python",Hombre Cis,False
12234116.0,Senior,12,,,Ninguno de los anteriores,Mujer Cis,False
2359366.0,Semi-Senior,3,Universitario,En curso,"C#, Python",Hombre Cis,False
1200000.0,Junior,0,,,Ninguno de los anteriores,Hombre Cis,False
1000000.0,Junior,0,Terciario,En curso,"ABAP, Javascript",Hombre Cis,False
5600000.0,Senior,6,,,Python,Prefiero no decir,False
3000000.0,Senior,30,,,".NET, C#, SQL",Hombre Cis,False
4639515.0,Semi-Senior,5,Universitario,En curso,"CSS, HTML, Java, Javascript, SQL, TypeScript",Hombre Cis,False
5000000.0,Senior,8,Maestría,Completo,Python,Hombre Cis,False
2500000.0,Junior,2,Universitario,Incompleto,Python,Mujer Cis,False
6900000.0,Senior,9,Universitario,Completo,"Bash/Shell, Go, SQL, TypeScript",Hombre Cis,False
1790000.0,Senior,6,Universitario,Incompleto,Ninguno de los anteriores,Mujer Cis,False
4000000.0,Semi-Senior,5,Universitario,En curso,"CSS, HTML, Javascript, TypeScript",Hombre Cis,False
1260000.0,Semi-Senior,3,,,Ninguno de los anteriores,Hombre Cis,False
5500000.0,Senior,22,,,"Bash/Shell, Python",Hombre Cis,False
2650000.0,Semi-Senior,3,,,Python,Hombre Cis,False
1350000.0,Senior,10,,,"HTML, Javascript, PHP, SQL",Mujer Cis,False
1927710.84,Semi-Senior,4,,,".NET, C#, TypeScript",Hombre Cis,False
2500000.0,Semi-Senior,5,,,Python,Hombre Cis,False
1224000.0,Semi-Senior,3,Universitario,En curso,".NET, HTML, Javascript, SQL",Hombre Cis,False
2156586.0,Senior,22,Terciario,Completo,"Bash/Shell, Python",Hombre Cis,False
1709138.0,Senior,7,,,Ninguno de los anteriores,Prefiero no decir,False
4120000.0,Senior,18,,,SQL,Hombre Cis,False
3100000.0,Semi-Senior,3,Terciario,Completo,".NET, Bash/Shell, C#, CSS, HTML, Javascript, SQL, TypeScript",Hombre Cis,False
1850000.0,Senior,10,,,Ninguno de los anteriores,Hombre Cis,False
1430000.0,Junior,0,,,Ninguno de los anteriores,Hombre Cis,False
3600000.0,Junior,2,,,"Bash/Shell, Ninguno de los anteriores",Hombre Cis,False
3471000.0,Senior,33,,,".NET, CSS, HTML, PHP, Python, SQL",Hombre Cis,False
11300000.0,Senior,25,Universitario,Incompleto,".NET, HTML, Java, Javascript, SQL",Hombre Cis,False
1600000.0,Senior,25,,,Delphi,Hombre Cis,False
5000000.0,Senior,6,,,Python,Hombre Cis,False
3900000.0,Junior,2,,,"Python, SQL",Hombre Cis,False
3400000.0,Senior,6,,,".NET, C#, TypeScript",Hombre Cis,False
2800000.0,Senior,6,,,".NET, C#, CSS, HTML, Java, Javascript, SQL, TypeScript",Hombre Cis,False
4200000.0,Senior,23,Universitario,Incompleto,Bash/Shell,Hombre Cis,False
3800000.0,Senior,14,,,"Bash/Shell, Java, Javascript, Python",Hombre Cis,False
2300000.0,Semi-Senior,4,,,"CSS, HTML, Javascript, SQL, TypeScript",Hombre Cis,False
2000000.0,Junior,0,,,"Javascript, SQL",Hombre Cis,False
4500000.0,Senior,19,,,"Bash/Shell, HTML, Javascript, SQL, TypeScript",Hombre Cis,False
4500000.0,Senior,20,,,"Python, SQL",Mujer Cis,False
5400000.0,Semi-Senior,5,,,"Javascript, SQL, TypeScript",Hombre Cis,False
1900000.0,Semi-Senior,3,,,"CSS, HTML, Java, Javascript, SQL",Hombre Cis,False
1450000.0,Junior,1,,,Java,Hombre Cis,False
3400000.0,Senior,9,,,"Java, SQL",Hombre Cis,False
4500000.0,Senior,30,,,"HTML, Javascript, PHP, Python, SQL",Hombre Cis,False
8100000.0,Senior,15,Universitario,Completo,"Bash/Shell, HTML, Javascript, Python, Hashicorp Terraform",Hombre Cis,False
1500000.0,Senior,30,,,".NET, C#, Javascript, SQL",Hombre Cis,False
4800000.0,Senior,15,,,Python,Hombre Cis,False
3800000.0,Senior,16,,,"Javascript, PHP, TypeScript",Hombre Cis,False
3500000.0,Semi-Senior,5,,,"CSS, HTML, Javascript, PHP, SQL",Hombre Cis,False
2500000.0,Senior,10,,,Ninguno de los anteriores,Hombre Cis,False
2400000.0,Senior,20,,,SQL,Hombre Cis,False
3941546.77,Senior,10,,,PHP,Hombre Cis,False
2000000.0,Senior,15,Posdoctorado,Completo,Python,Hombre Cis,False
1100000.0,Semi-Senior,5,,,"Python, SQL",Mujer Cis,False
1220000.0,Junior,0,Universitario,En curso,"Javascript, Python",Hombre Cis,False
5000000.0,Senior,30,,,"HTML, Python, SQL",Hombre Cis,False
3400000.0,Senior,15,,,Ninguno de los anteriores,Mujer Cis,False
9800000.0,Senior,20,,,"Bash/Shell, SQL",Hombre Cis,False
4407174.0,Senior,18,,,".NET, C#, HTML, Java, Kotlin, SQL, VBA",Hombre Cis,False
2200000.0,Senior,20,,,".NET, CSS, HTML, Python, SQL",Hombre Cis,False
5200000.0,Junior,2,,,"Bash/Shell, Javascript, SQL",Hombre Cis,False
5500000.0,Junior,2,Universitario,Completo,Javascript,Hombre Cis,False
3630000.0,Senior,25,Universitario,Completo,Ninguno de los anteriores,Hombre Cis,False
2300000.0,Senior,10,,,Ninguno de los anteriores,Hombre Cis,False
4007800.0,Senior,9,,,".NET, HTML, Javascript, PHP",Hombre Cis,False
5288000.0,Semi-Senior,4,,,Python,Hombre Cis,False
9500000.0,Senior,15,,,"C++, Java, PHP, SQL",Hombre Cis,False
3800000.0,Senior,8,,,".NET, C#, SQL",Hombre Cis,False
4800000.0,Senior,10,,,"CSS, HTML",Hombre Cis,False
2785000.0,Senior,6,,,"Java, Javascript, PHP, Python, SQL",Hombre Cis,False
2500000.0,Senior,10,,,"Java, SQL",Mujer Cis,False
4300000.0,Senior,10,,,"Bash/Shell, Python, SQL",Mujer Cis,False
3000000.0,Semi-Senior,4,,,"CSS, HTML, Java, Javascript, TypeScript",Hombre Cis,False
2900000.0,Senior,10,Universitario,Incompleto,".NET, C#, SQL",Hombre Cis,False
3100000.0,Senior,7,,,"Java, SQL",Hombre Cis,False
2800000.0,Junior,2,,,Ninguno de los anteriores,Hombre Cis,False
4750000.0,Senior,15,,,".NET, C#, SQL",Hombre Cis,False
2800000.0,Semi-Senior,5,Universitario,En curso,Python,Mujer Cis,False
3000000.0,Senior,6,,,"Go, HTML, Python",Hombre Cis,False
3500000.0,Senior,10,Universitario,En curso,"Javascript, TypeScript",Mujer Cis,False
1900000.0,Semi-Senior,4,,,Ninguno de los anteriores,Mujer Cis,False
2115000.0,Senior,8,,,"Bash/Shell, PHP, Python, SQL",Hombre Cis,False
1600000.0,Senior,12,,,"CSS, HTML, Javascript, PHP, TypeScript",Hombre Cis,False
2000000.0,Senior,10,,,SQL,Hombre Cis,False
4500000.0,Senior,7,,,"Bash/Shell, C, Go, Python, SQL",Hombre Cis,False
2700000.0,Senior,10,,,SQL,Hombre Cis,False
8500000.0,Senior,35,Maestría,En curso,"PHP, Python",Hombre Cis,False
3000000.0,Senior,15,,,Ninguno de los anteriores,Hombre Cis,False
5199000.0,Senior,22,,,Ninguno de los anteriores,Hombre Cis,False
1800000.0,Semi-Senior,4,,,Ninguno de los anteriores,Mujer Cis,False
2224000.0,Senior,20,Universitario,Incompleto,"CSS, HTML, Javascript",Hombre Cis,False
3400000.0,Senior,6,Universitario,Completo,".NET, C#, HTML, Javascript, SQL, TypeScript",Hombre Cis,False
3500000.0,Senior,10,,,"Javascript, PHP, TypeScript",Hombre Cis,False
3350000.0,Senior,35,Doctorado,Completo,Ninguno de los anteriores,Hombre Cis,False
2870568.0,Senior,6,,,"C#, HTML, Javascript, Python, SQL, VBA, Nativo",Hombre Cis,False
10714000.0,Senior,18,,,Ninguno de los anteriores,Hombre Cis,False
3700000.0,Semi-Senior,4,,,"Bash/Shell, Javascript, PHP, Python",Hombre Cis,False
2716000.0,Senior,6,,,Ninguno de los anteriores,Mujer Cis,False
3300000.0,Senior,20,,,"Javascript, SQL",Hombre Cis,False
3000000.0,Senior,6,,,".NET, C#, Go, Javascript, SQL, TypeScript",Hombre Cis,False
1979179.0,Senior,6,,,"CSS, HTML, Javascript, TypeScript",Hombre Cis,False
4058470.0,Senior,15,Universitario,Completo,Ninguno de los anteriores,Hombre Cis,False
4300000.0,Senior,30,,,"Bash/Shell, Python",Hombre Cis,False
3300000.0,Semi-Senior,3,Terciario,En curso,"CSS, HTML, Javascript, TypeScript",Hombre Cis,False
3800000.0,Senior,20,,,"Python, SQL",Hombre Cis,False
4800000.0,Junior,2,Universitario,Completo,Python,Hombre Cis,False
2495000.0,Semi-Senior,5,,,"Javascript, SQL, TypeScript",Trans,False
5500000.0,Senior,15,,,"Bash/Shell, CSS, HTML, Java, Javascript, SQL, TypeScript",Hombre Cis,False
2974882.0,Semi-Senior,5,Universitario,Completo,SQL,Hombre Cis,False
3800000.0,Semi-Senior,5,,,"Bash/Shell, Python, SQL",Hombre Cis,False
2100000.0,Senior,8,Universitario,Completo,"Bash/Shell, Javascript, PHP, SQL, TypeScript",Hombre Cis,False
12000000.0,Senior,8,Maestría,En curso,"Python, SQL",Mujer Cis,False
3000000.0,Senior,6,,,Ninguno de los anteriores,Hombre Cis,False
1500000.0,Senior,15,,,"Bash/Shell, Python, SQL",Hombre Cis,False
7400000.0,Senior,20,,,"Python, SQL",Hombre Cis,False
2650000.0,Semi-Senior,3,,,"Javascript, Python",Mujer Cis,False
2500000.0,Semi-Senior,4,,,".NET, C#, CSS, HTML, SQL, TypeScript",Hombre Cis,False
6400000.0,Senior,9,,,"Clojure, Java, Javascript, Python",Hombre Cis,False
6693368.0,Senior,6,Universitario,En curso,"Bash/Shell, Python",Hombre Cis,False
1630000.0,Senior,20,,,"HTML, Javascript, PHP, SQL",Hombre Cis,False
4066000.0,Senior,7,,,"Python, SQL",Hombre Cis,False
2300000.0,Semi-Senior,3,,,Ninguno de los anteriores,Hombre Cis,False
3443900.0,Senior,7,,,HTML,Mujer Cis,False
7516444.0,Senior,20,,,Java,Hombre Cis,False
3550000.0,Senior,40,,,"Arduino, C#, COBOL, CSS, Javascript, Python, SQL, TypeScript, VBA",Hombre Cis,False
1600000.0,Semi-Senior,4,,,Ninguno de los anteriores,Mujer Cis,False
8000000.0,Senior,17,,,"Java, Javascript",Hombre Cis,False
3000000.0,Semi-Senior,5,,,"Javascript, Matlab, Python, SQL",Hombre Cis,False
4200000.0,Junior,0,,,"Bash/Shell, C++",Prefiero no decir,False
5731871.0,Semi-Senior,5,,,"Bash/Shell, CSS, HTML, Javascript, Python, TypeScript",Hombre Cis,False
1322674.0,Semi-Senior,3,,,"Bash/Shell, CSS, HTML, Javascript, TypeScript",Mujer Cis,False
4800000.0,Senior,20,,,Ninguno de los anteriores,Hombre Cis,False
2200000.0,Semi-Senior,3,Universitario,En curso,".NET, C#, CSS, HTML, Javascript, SQL, VB .NET",Mujer Cis,False
6800000.0,Senior,15,,,"Python, SQL",Hombre Cis,False
2500000.0,Semi-Senior,5,,,Python,Hombre Cis,False
8101325.0,Senior,18,Universitario,Completo,Ninguno de los anteriores,Hombre Cis,False
2100000.0,Semi-Senior,4,,,"CSS, HTML, Javascript, Python, SQL, TypeScript",Hombre Cis,False
2800000.0,Senior,10,,,"Javascript, SQL, PL/SQL",Hombre Cis,False
2260521.0,Semi-Senior,4,Universitario,En curso,Ninguno de los anteriores,Hombre Cis,False
3000000.0,Senior,6,Posgrado/Especialización,En curso,"CSS, PHP, Python, SQL, TypeScript",Hombre Cis,False
2676714.0,Senior,7,,,SQL,Mujer Cis,False
1800000.0,Senior,10,Terciario,Incompleto,SQL,Hombre Cis,False
3800000.0,Junior,0,,,".NET, C#, HTML, SQL, TypeScript",Hombre Cis,False
2700000.0,Semi-Senior,5,Universitario,En curso,"SQL, TypeScript",Hombre Cis,False
3765000.0,Semi-Senior,3,Terciario,Completo,"Python, SQL",Hombre Cis,False
4100000.0,Senior,10,,,"COBOL, Java, Javascript",Hombre Cis,False
4500000.0,Senior,20,,,SQL,Hombre Cis,False
4199998.0,Senior,10,Maestría,Completo,Python,Hombre Cis,False
5600000.0,Senior,20,,,Ninguno de los anteriores,Hombre Cis,False
6500000.0,Junior,2,,,Ninguno de los anteriores,Hombre Cis,False
2688721.0,Senior,14,Universitario,En curso,Ninguno de los anteriores,Hombre Cis,False
3128815.0,Senior,25,,,"Metodologías ágiles y herramientas de ofimática, además de MS Project",Hombre Cis,False
2672000.0,Semi-Senior,4,Posgrado/Especialización,Completo,Ninguno de los anteriores,Mujer Cis,False
3500000.0,Senior,20,,,"CSS, HTML, PHP, SQL, VBA",Hombre Cis,False
2700000.0,Senior,20,,,"Bash/Shell, CSS, HTML, PHP, Python, SQL",Hombre Cis,False
1780300.0,Semi-Senior,3,Universitario,Completo,".NET, C#, Java",Hombre Cis,False
2764277.0,Senior,15,Universitario,Completo,Ninguno de los anteriores,Queer,False
3500000.0,Senior,35,,,"Bash/Shell, HTML, Javascript, PHP, Python, SQL",Hombre Cis,False
4300000.0,Senior,9,,,Ninguno de los anteriores,Mujer Cis,False
3070922.0,Senior,30,,,"HTML, Javascript, PHP, SQL",Hombre Cis,False
4418589.0,Senior,8,,,TypeScript,Hombre Cis,False
3600000.0,Senior,20,,,"HTML, Javascript, PHP, SQL",Hombre Cis,False
2800000.0,Semi-Senior,4,,,"Javascript, SQL, TypeScript",Mujer Cis,False
980000.0,Junior,1,Universitario,Incompleto,"HTML, Java, SQL",Hombre Cis,False
1140000.0,Junior,1,Universitario,Completo,".NET, Javascript, SQL, TypeScript",Hombre Cis,False
6350000.0,Senior,15,Universitario,En curso,"Bash/Shell, Java, SQL",Hombre Cis,False
3652000.0,Senior,16,,,"HTML, Javascript, Python, SQL",Mujer Cis,False
2114000.0,Junior,2,Universitario,En curso,SQL,Hombre Cis,False
2924000.0,Senior,15,,,"HTML, Javascript",Hombre Cis,False
8400000.0,Senior,20,,,"Javascript, Python",Mujer Cis,False
3270400.0,Semi-Senior,4,,,"CSS, HTML, Javascript",Hombre Cis,False
1300000.0,Senior,21,Universitario,Completo,"CSS, HTML, Javascript, PHP",Mujer Cis,False
1500000.0,Senior,20,,,"HTML, Javascript, PHP, SQL",Hombre Cis,False
7500000.0,Senior,35,,,".NET, Bash/Shell, C++, C#, HTML, Java, Python, SQL",Hombre Cis,False
2300000.0,Semi-Senior,5,,,Python,Hombre Cis,False
6955000.0,Senior,12,Maestría,Completo,Ninguno de los anteriores,Mujer Cis,False
2700000.0,Semi-Senior,3,,,VBA,Hombre Cis,False
4813394.0,Senior,12,Universitario,Incompleto,"CSS, Javascript, TypeScript",Hombre Cis,False
1694000.0,Senior,10,,,Ninguno de los anteriores,Hombre Cis,False
900000.0,Junior,0,,,".NET, C#, HTML, Javascript, SQL",Hombre Cis,False
6200000.0,Senior,20,Posgrado/Especialización,Completo,".NET, Bash/Shell, Java, Javascript, Python, SQL",Hombre Cis,False
4100000.0,Semi-Senior,4,,,"Bash/Shell, C, Python",Hombre Cis,False
1550000.0,Semi-Senior,3,,,"Bash/Shell, Java, Javascript, Python, SQL",Hombre Cis,False
660000.0,Junior,0,Universitario,En curso,Ninguno de los anteriores,Mujer Cis,False
4500000.0,Senior,8,,,"Java, Javascript, SQL",Hombre Cis,False
2085000.0,Semi-Senior,3,Universitario,En curso,Python,Mujer Cis,False
1400000.0,Senior,6,,,Python,Mujer Cis,False
4500000.0,Senior,15,,,Ninguno de los anteriores,Hombre Cis,False
2000000.0,Junior,2,,,"Javascript, TypeScript",Hombre Cis,False
600000.0,Junior,0,,,"CSS, HTML, Javascript, SQL, TypeScript",Hombre Cis,False
2185000.0,Semi-Senior,3,,,Ninguno de los anteriores,Hombre Cis,False
5000000.0,Senior,20,,,"HTML, Java, PHP, Python, SQL",Hombre Cis,False
2829654.21,Semi-Senior,4,,,"Bash/Shell, CSS, HTML, Javascript, Python, TypeScript",Hombre Cis,False
1100000.0,Junior,1,,,"Bash/Shell, C, Python",Hombre Cis,False
5814000.0,Senior,10,,,"HTML, Javascript, TypeScript",Hombre Cis,False
2018775.0,Senior,6,Universitario,Completo,"Python, SQL",Hombre Cis,False
1440240.0,Semi-Senior,5,Universitario,Completo,"CSS, HTML, Javascript, SQL, TypeScript",Hombre Cis,False
5700000.0,Senior,15,,,"Bash/Shell, CSS, Go, HTML, Java, Javascript, Python, Scala, SQL, TypeScript",Hombre Cis,False
8000000.0,Junior,0,,,Ninguno de los anteriores,Hombre Cis,False
2000000.0,Senior,7,,,"Bash/Shell, CSS, HTML, Java, Javascript, PHP, Python, SQL, TypeScript",Hombre Cis,False
3500000.0,Senior,6,,,"Bash/Shell, HTML, Python, SQL",Mujer Cis,False
3000000.0,Junior,2,,,"HTML, Javascript",Mujer Cis,False
1080000.0,Semi-Senior,5,,,"Bash/Shell, Go, PHP, Python, SQL, Terraform, Ansible",Hombre Cis,False
5000000.0,Senior,13,Universitario,Completo,Ninguno de los anteriores,Hombre Cis,False
4650000.0,Senior,30,Universitario,Incompleto,".NET, C#, CSS, HTML, Javascript, SQL, VBA",Hombre Cis,False
2400000.0,Senior,7,,,Ninguno de los anteriores,Hombre Cis,False
6669781.0,Senior,20,,,"Java, Kotlin",Hombre Cis,False
4000000.0,Senior,30,,,"Arduino, C#, HTML, Java, Python",Hombre Cis,False
2600000.0,Semi-Senior,4,Universitario,En curso,".NET, CSS, HTML, Java, Javascript, SQL",Hombre Cis,False
1200000.0,Semi-Senior,5,Universitario,En curso,"Python, R, SQL",No binarie,False
3200000.0,Senior,8,,,".NET, C#",Hombre Cis,False
8000000.0,Senior,20,Maestría,Completo,Ninguno de los anteriores,Hombre Cis,False
1223682.0,Semi-Senior,3,,,"CSS, HTML, Javascript, Python, TypeScript",Hombre Cis,False
1700000.0,Junior,0,,,"Python, SQL",Hombre Cis,False
4292083.04,Senior,12,,,"Bash/Shell, HTML, Javascript, Python",Hombre Cis,False
2522000.0,Senior,23,,,"Bash/Shell, Javascript, SQL",Hombre Cis,False
2600000.0,Semi-Senior,5,,,"Java, Javascript",Hombre Cis,False
2035000.0,Semi-Senior,4,,,SQL,Mujer Cis,False
4600000.0,Semi-Senior,4,Universitario,Completo,"C++, Python",Hombre Cis,False
1832000.0,Senior,30,,,".NET, C#, SQL",Hombre Cis,False
4500000.0,Senior,12,,,"Javascript, Ruby, TypeScript",Hombre Cis,False
1100000.0,Junior,0,,,"Javascript, SQL, plsql",Hombre Cis,False
3000000.0,Semi-Senior,5,,,Python,Hombre Cis,False
5000000.0,Senior,25,,,Ninguno de los anteriores,Hombre Cis,False
4900000.0,Senior,10,Universitario,Incompleto,".NET, C#, CSS, Erlang, Javascript, SQL, TypeScript",Hombre Cis,False
3300000.0,Senior,15,Maestría,Completo,Ninguno de los anteriores,Mujer Cis,False
4500000.0,Senior,7,,,Python,Hombre Cis,False
5500000.0,Senior,12,,,"Javascript, Python, SQL, VBA, Excel",Hombre Cis,False
5185425.0,Senior,10,Universitario,Incompleto,Java,Hombre Cis,False
3800000.0,Senior,16,Maestría,Completo,"HTML, Javascript, PHP, SQL",Hombre Cis,False
2692661.0,Semi-Senior,4,Universitario,En curso,"Java, Kotlin, Objective-C, Swift",Hombre Cis,False
2255000.0,Senior,13,,,"C, SQL",Hombre Cis,False
3234057.0,Senior,10,Posgrado/Especialización,Completo,SQL,Hombre Cis,False
2622000.0,Senior,12,,,Ninguno de los anteriores,Mujer Cis,False
2608758.0,Senior,10,,,genexus,Hombre Cis,False
5000000.0,Semi-Senior,5,,,"Python, R",Hombre Cis,False
2400000.0,Senior,15,Secundario,Completo,".NET, PHP",Mujer Cis,False
2400000.0,Semi-Senior,5,Maestría,En curso,"Python, R, SQL",Hombre Cis,False
2000000.0,Semi-Senior,4,,,"CSS, HTML, Java, Javascript, Kuarkus",Hombre Cis,False
1200000.0,Junior,1,Secundario,Completo,Ninguno de los anteriores,Mujer Cis,False
4570000.0,Senior,6,,,"Python, SQL",Mujer Cis,False
2435000.0,Junior,1,,,"Bash/Shell, HTML, Javascript, Python, SQL, TypeScript",Hombre Cis,False
1290036.0,Junior,2,Universitario,Completo,"Bash/Shell, CSS, HTML, Python, SQL",Hombre Cis,False
3767959.04,Senior,6,,,".NET, C#, CSS, HTML, Javascript, SQL, TypeScript",Hombre Cis,False
2800000.0,Senior,7,Universitario,En curso,"Python, SQL",Hombre Cis,False
3900000.0,Senior,7,,,"Bash/Shell, CSS, HTML, Javascript, PHP, SQL, TypeScript",Hombre Cis,False
2965000.0,Senior,30,,,power shell,Hombre Cis,False
2400000.0,Junior,1,,,SQL,Mujer Cis,False
2300000.0,Semi-Senior,5,,,"HTML, Javascript",Hombre Cis,False
2100000.0,Senior,6,,,".NET, Bash/Shell, Delphi, Python, SQL",Hombre Cis,False
4460000.0,Semi-Senior,5,Posgrado/Especialización,En curso,"Python, SQL",Mujer Cis,False
7150000.0,Senior,35,Posgrado/Especialización,Completo,"Java, Javascript, SQL",Hombre Cis,False
2300000.0,Senior,6,Universitario,En curso,Go,Hombre Cis,False
2500000.0,Senior,15,,,Bash/Shell,Hombre Cis,False
2372083.0,Semi-Senior,5,,,Ninguno de los anteriores,Mujer Cis,False
3800000.0,Senior,6,Universitario,Completo,"Python, SQL",Hombre Cis,False
7000000.0,Semi-Senior,5,,,"Bash/Shell, Java, Python, SQL",Hombre Cis,False
6900000.0,Senior,10,Universitario,Completo,SQL,Mujer Cis,False
600000.0,Junior,2,Universitario,En curso,".NET, C#, CSS, HTML, Java, Javascript, Python, SQL, TypeScript",Hombre Cis,False
4376453.0,Senior,15,,,Ninguno de los anteriores,Hombre Cis,False
1750000.0,Semi-Senior,3,,,"Javascript, TypeScript",Hombre Cis,False
1600000.0,Junior,2,Maestría,Completo,CSS,Mujer Cis,False
6200000.0,Senior,12,,,"Javascript, SQL, TypeScript",Mujer Cis,False
3450000.0,Senior,8,Posgrado/Especialización,Completo,Ninguno de los anteriores,Hombre Cis,False
4500000.0,Senior,16,,,"Python, SQL",Mujer Cis,False
2462787.0,Senior,18,,,"Bash/Shell, HTML, Python",Hombre Cis,False
2150000.0,Senior,30,,,"Arduino, C",Hombre Cis,False
2705000.0,Junior,2,,,Ninguna,Hombre Cis,False
2730000.0,Semi-Senior,3,,,Ninguno de los anteriores,Mujer Cis,False
5500000.0,Senior,15,,,Ninguno de los anteriores,Hombre Cis,False
1545615.0,Semi-Senior,5,,,"Javascript, TypeScript",Hombre Cis,False
7000000.0,Senior,18,Posgrado/Especialización,Incompleto,"Go, HTML, Java, Javascript, TypeScript",Hombre Cis,False
4387000.0,Senior,20,,,"Java, SQL",Hombre Cis,False
4500000.0,Senior,20,Universitario,Completo,"Go, HTML, Javascript, PHP, SQL",Hombre Cis,False
3500000.0,Senior,17,,,"Java, Javascript, SQL, TypeScript",Hombre Cis,False
614920.0,Semi-Senior,5,Universitario,En curso,"Bash/Shell, C, Javascript, Python, SQL",Hombre Cis,False
3500000.0,Junior,2,Universitario,En curso,"Java, TypeScript",Mujer Cis,False
2360000.0,Semi-Senior,4,Universitario,Completo,Ninguno de los anteriores,Hombre Cis,False
4150000.0,Senior,10,,,"Bash/Shell, Go, Python",Hombre Cis,False
1450000.0,Semi-Senior,3,,,".NET, C#, CSS, HTML, Javascript",Hombre Cis,False
950000.0,Semi-Senior,5,,,PHP,Hombre Cis,False
1700000.0,Semi-Senior,3,,,".NET, Python, SQL",Mujer Cis,False
4221221.0,Senior,7,,,Ninguno de los anteriores,Hombre Cis,False
3100000.0,Senior,7,,,"Python, SQL",Hombre Cis,False
3700000.0,Senior,7,Maestría,Completo,"Python, R",Hombre Cis,False
5000000.0,Senior,10,Maestría,Completo,".NET, Bash/Shell, C#, CSS, Delphi, Go, HTML, Javascript, SQL, TypeScript",Hombre Cis,False
5300000.0,Semi-Senior,5,Universitario,Incompleto,"Go, HTML, Java, Javascript, SQL, TypeScript",Hombre Cis,False
4200000.0,Senior,10,,,Python,Hombre Cis,False
1160000.0,Junior,1,Universitario,Completo,"Python, SQL",Hombre Cis,False
3475000.0,Senior,7,,,.NET,Hombre Cis,False
1800000.0,Senior,8,,,Ninguno de los anteriores,Hombre Cis,False
2870000.0,Senior,17,Terciario,Completo,"C, SQL, JD Edwards Developer Toolkit",Hombre Cis,False
2280000.0,Junior,1,,,"Bash/Shell, Python",Hombre Cis,False
2019535.0,Senior,18,Universitario,Completo,"Arduino, Bash/Shell, HTML, Java, Javascript, PHP, Python, SQL",Hombre Cis,False
910000.0,Junior,2,Universitario,En curso,SQL,Hombre Cis,False
1205000.0,Senior,21,,,"HTML, Java, Javascript, SQL, VBA",Hombre Cis,False
2477600.0,Senior,8,,,".NET, C#, SQL",Hombre Cis,False
2700000.0,Semi-Senior,3,,,"HTML, Python, TypeScript",Hombre Cis,False
2000000.0,Senior,25,,,"Bash/Shell, HTML, Java",Hombre Cis,False
5000000.0,Senior,7,,,"Bash/Shell, Python, SQL",Hombre Cis,False
3061400.0,Senior,34,Universitario,Completo,"C#, Python, SQL",Hombre Cis,False
2330000.0,Semi-Senior,5,,,".NET, VBA",Hombre Cis,False
1071000.0,Junior,0,,,Python,Mujer Cis,False
7300000.0,Senior,20,,,"Go, Java",Hombre Cis,False
4000000.0,Semi-Senior,4,Maestría,En curso,"Go, Python, SQL",Mujer Cis,False
2000000.0,Junior,2,,,Python,Mujer Cis,False
2000000.0,Senior,7,Terciario,Completo,"CSS, HTML, Javascript",Hombre Cis,False
2500000.0,Junior,2,,,"Bash/Shell, HTML, Javascript, Python, TypeScript",Hombre Cis,False
4962700.0,Senior,22,Terciario,Incompleto,SQL,Hombre Cis,False
3200000.0,Junior,0,,,"Bash/Shell, CSS, HTML, Java, Javascript, SQL, TypeScript",Hombre Cis,False
2050164.0,Semi-Senior,4,Terciario,Completo,"Bash/Shell, Python, SQL",Hombre Cis,False
6461890.0,Senior,19,,,"HTML, Python",Hombre Cis,False
1700000.0,Junior,2,,,"C++, HTML, Java, Javascript",Hombre Cis,False
350000.0,Senior,9,,,Dax,Hombre Cis,False
3000000.0,Senior,10,,,Ninguno de los anteriores,Mujer Cis,False
7562000.0,Senior,26,,,"Python, SQL",Mujer Cis,False
2100000.0,Senior,32,,,"CSS, HTML, Javascript",Hombre Cis,False
6300000.0,Senior,9,Universitario,Incompleto,"Javascript, SQL, TypeScript",Mujer Cis,False
4000000.0,Senior,7,,,Ninguno de los anteriores,Mujer Cis,False
2200000.0,Semi-Senior,3,,,"Arduino, Bash/Shell, C, CSS, HTML, Javascript, SQL",Hombre Cis,False
1700000.0,Junior,1,,,"CSS, HTML, Java, Javascript, Python, SQL",Hombre Cis,False
400000.0,Junior,2,,,Ninguno de los anteriores,Mujer Cis,False
1450000.0,Junior,2,Universitario,En curso,Ninguno de los anteriores,Mujer Cis,False
1900000.0,Senior,20,,,Ninguno de los anteriores,Hombre Cis,False
2888800.0,Senior,6,,,"CSS, Javascript, TypeScript",Hombre Cis,False
2300000.0,Senior,6,Universitario,Completo,Ninguno de los anteriores,Mujer Cis,False
3500000.0,Senior,20,,,"Python, SQL",Hombre Cis,False
3239090.0,Senior,6,Universitario,En curso,".NET, C#, CSS, HTML, Java, Javascript, SQL, TypeScript",Hombre Cis,False
1300000.0,Junior,2,,,SQL,Hombre Cis,False
4300000.0,Senior,30,,,COBOL,Hombre Cis,False
3713351.95,Senior,22,Maestría,Completo,"Bash/Shell, PHP, Python, SQL",Hombre Cis,False
4160289.0,Senior,9,,,Ninguno de los anteriores,Hombre Cis,False
2300000.0,Semi-Senior,3,,,"Python, SQL",Hombre Cis,False
1623000.0,Junior,1,,,"Bash/Shell, Java",Hombre Cis,False
7200000.0,Senior,32,Universitario,Incompleto,"Bash/Shell, Python, SQL",Hombre Cis,False
3500000.0,Semi-Senior,5,,,"Java, Javascript, TypeScript",Hombre Cis,False
3000000.0,Senior,8,Universitario,Incompleto,".NET, Bash/Shell, HTML, Javascript, PHP, Python, SQL",Hombre Cis,False
5000000.0,Senior,16,,,Python,Hombre Cis,False
2300000.0,Semi-Senior,4,Universitario,Completo,"Python, SQL",Mujer Cis,False
3976972.0,Junior,1,Universitario,Incompleto,"PHP, SQL",Hombre Cis,False
4700000.0,Senior,8,,,"Bash/Shell, Javascript, PHP, Python, SQL",Hombre Cis,False
210800.0,Semi-Senior,3,,,"Javascript, Smalltalk",Hombre Cis,False
1650000.0,Senior,7,Universitario,Completo,"CSS, HTML",Mujer Cis,False
3500000.0,Semi-Senior,5,Universitario,Completo,Ninguno de los anteriores,Mujer Cis,False
2230000.0,Senior,12,,,"CSS, HTML, Javascript, PHP, SQL, Swift",Hombre Cis,False
1380151.0,Junior,1,,,"Python, SQL",Mujer Cis,False
3200000.0,Senior,17,,,"CSS, HTML, Javascript, TypeScript",Hombre Cis,False
1800000.0,Senior,20,Terciario,Completo,".NET, CSS, HTML, PHP, Python, SQL",Hombre Cis,False
3462877.0,Senior,7,,,"Python, SQL",Hombre Cis,False
4000000.0,Senior,23,,,"Dart, TypeScript, Peoplecode",Hombre Cis,False
1900000.0,Junior,1,,,"Python, SQL",Hombre Cis,False
3500000.0,Senior,20,,,Bash/Shell,Hombre Cis,False
1487771.0,Semi-Senior,5,,,"Javascript, Python",Hombre Cis,False
1250000.0,Junior,0,Universitario,Completo,".NET, C#",Hombre Cis,False
2491937.0,Semi-Senior,3,Secundario,Completo,Ninguno de los anteriores,Mujer Cis,False
8000000.0,Semi-Senior,5,,,Python,Hombre Cis,False
2100000.0,Junior,2,Universitario,En curso,"SQL, Ladder/ structured text",Hombre Cis,False
4700000.0,Senior,11,,,Ninguno de los anteriores,Mujer Cis,False
4300000.0,Semi-Senior,5,Universitario,En curso,"Javascript, SQL, TypeScript",Hombre Cis,False
2900000.0,Semi-Senior,5,Maestría,En curso,Ninguno de los anteriores,Mujer Cis,False
4715000.0,Senior,19,Universitario,Incompleto,"Bash/Shell, Python",Hombre Cis,False
3200000.0,Semi-Senior,4,Universitario,Completo,"Javascript, PHP, Python, SQL, TypeScript",Hombre Cis,False
680000.0,Junior,0,Universitario,En curso,"CSS, HTML, Javascript, PHP, Python, SQL",Hombre Cis,False
1650000.0,Semi-Senior,3,,,SQL,Mujer Cis,False
1950000.0,Senior,20,,,Python,Hombre Cis,False
2500000.0,Semi-Senior,4,,,Ninguno de los anteriores,Hombre Cis,False
5200000.0,Senior,32,Universitario,Completo,"Bash/Shell, Dart, HTML, Java, Javascript, Python, SQL, TypeScript",Hombre Cis,False
2300000.0,Semi-Senior,5,,,"Kotlin, Swift",Trans,False
4500000.0,Senior,15,Universitario,Incompleto,"CSS, Go, HTML, Javascript, SQL, TypeScript",Hombre Cis,False
5000000.0,Senior,10,,,Java,Hombre Cis,False
1100000.0,Semi-Senior,4,Universitario,Completo,SQL,Hombre Cis,False
3125488.0,Semi-Senior,4,,,"CSS, HTML, Javascript, SQL, TypeScript",Hombre Cis,False
4835069.0,Semi-Senior,5,,,"CSS, Go, HTML, Javascript, Kotlin, Python, TypeScript",Hombre Cis,False
2900000.0,Junior,2,,,".NET, Bash/Shell, SQL, VBA",Hombre Cis,False
2000000.0,Semi-Senior,3,Universitario,Completo,SQL,Hombre Cis,False
5044000.0,Senior,17,,,Ninguno de los anteriores,Hombre Cis,False
2800000.0,Senior,14,,,"Bash/Shell, CSS, HTML, Javascript, Python, SQL",Hombre Cis,False
2600000.0,Senior,15,,,Ninguno de los anteriores,Hombre Cis,False
6000000.0,Senior,15,Universitario,Completo,Ninguno de los anteriores,Mujer Cis,False
3200000.0,Senior,8,,,Ninguno de los anteriores,Mujer Cis,False
3500000.0,Senior,6,,,"Python, SQL",Hombre Cis,False
1400000.0,Semi-Senior,5,,,Ninguno de los anteriores,Hombre Cis,False
3000000.0,Senior,23,,,".NET, C#, CSS, HTML, Javascript, SQL",Hombre Cis,False
3850000.0,Semi-Senior,5,,,"Bash/Shell, CSS, Dart, HTML, Javascript, Python, SQL, TypeScript",Hombre Cis,False
3200000.0,Senior,20,,,"Python, SQL",Hombre Cis,False
3244386.0,Senior,25,,,Ninguno de los anteriores,Mujer Cis,False
3000000.0,Semi-Senior,3,Universitario,Completo,Bash/Shell,Hombre Cis,False
2465432.0,Semi-Senior,5,,,Javascript,Mujer Cis,False
4000000.0,Semi-Senior,4,,,"Javascript, TypeScript",Hombre Cis,False
3800000.0,Semi-Senior,5,,,"CSS, HTML, Javascript, PHP, Python, SQL, TypeScript",Hombre Cis,False
3000000.0,Senior,7,Universitario,Completo,".NET, C#",Hombre Cis,False
3817862.0,Senior,6,,,"CSS, HTML, Java, Javascript, Kotlin, SQL, TypeScript",Hombre Cis,False
4000000.0,Senior,7,,,Python,Hombre Cis,False
3455000.0,Senior,10,,,"Python, SQL",Mujer Cis,False
1908000.0,Senior,9,Terciario,En curso,Ninguno de los anteriores,Hombre Cis,False
3829256.0,Senior,6,,,".NET, Javascript, SQL",Mujer Cis,False
7200000.0,Senior,25,,,"Bash/Shell, Javascript, Python",Hombre Cis,False
1030000.0,Semi-Senior,3,,,No soy un perfil técnico,Mujer Cis,False
1975000.0,Junior,2,Universitario,Completo,Ninguno de los anteriores,Mujer Cis,False
2300000.0,Semi-Senior,4,,,"Bash/Shell, CSS, HTML, Javascript, Python, SQL, TypeScript",Hombre Cis,False
3000000.0,Senior,10,,,"Bash/Shell, Python, SQL",Hombre Cis,False
3650000.0,Senior,8,Universitario,Completo,".NET, C#, CSS, HTML, SQL",Hombre Cis,False
2100000.0,Junior,2,,,"Java, Python",Hombre Cis,False
3300000.0,Semi-Senior,4,,,"Python, SQL",Hombre Cis,False
5600000.0,Semi-Senior,4,,,"Bash/Shell, PHP, Python",Hombre Cis,False
2759000.0,Semi-Senior,4,Universitario,Completo,Ninguno de los anteriores,Hombre Cis,False
5300000.0,Senior,15,,,SQL,Hombre Cis,False
3182246.0,Senior,6,,,"Bash/Shell, HTML, Java, Javascript, Python, SQL",Hombre Cis,False
1400000.0,Senior,21,,,Ninguno de los anteriores,Hombre Cis,False
1707527.25,Semi-Senior,3,,,Ninguno de los anteriores,Mujer Cis,False
1700000.0,Senior,20,,,Bash/Shell,Hombre Cis,False
2042000.0,Semi-Senior,3,Universitario,En curso,"ABAP, Java, SQL",Hombre Cis,False
1500000.0,Junior,2,Universitario,En curso,".NET, Bash/Shell, C#, CSS, HTML, Javascript, SQL, TypeScript",Hombre Cis,False
9460000.0,Senior,15,Universitario,Completo,Python,Hombre Cis,False
7692000.0,Senior,15,,,"Bash/Shell, Groovy, Javascript, SQL",Hombre Cis,False
1546018.0,Semi-Senior,5,,,Ninguno de los anteriores,Hombre Cis,False
2300000.0,Senior,10,Universitario,Completo,Ninguno de los anteriores,Mujer Cis,False
3500000.0,Senior,25,Universitario,Completo,"Java, Javascript, PHP, Python, SQL, TypeScript, VBA",Hombre Cis,False
3800000.0,Senior,15,Universitario,Completo,"COBOL, CSS, HTML, PHP, SQL, TypeScript",Hombre Cis,False
3827000.0,Senior,9,,,Python,Hombre Cis,False
2125000.0,Semi-Senior,3,,,SQL,Hombre Cis,False
3000000.0,Senior,40,,,Ninguno de los anteriores,Hombre Cis,False
7200000.0,Senior,20,,,".NET, C#, Javascript, SQL",Hombre Cis,False
4000000.0,Senior,25,,,"Bash/Shell, C, CSS, HTML, Javascript, TypeScript",Hombre Cis,False
1600000.0,Junior,0,Universitario,En curso,"Python, SQL",Hombre Cis,False
5666666.0,Senior,20,,,Ninguno de los anteriores,Hombre Cis,False
2449920.0,Semi-Senior,3,Terciario,En curso,"Javascript, Python",Hombre Cis,False
1700672.0,Semi-Senior,5,Terciario,Completo,"Bash/Shell, SQL",Hombre Cis,False
2236000.0,Senior,8,,,".NET, Java, SQL",Hombre Cis,False
5400000.0,Senior,10,Universitario,Completo,"CSS, HTML, Javascript, SQL",Hombre Cis,False
3500000.0,Semi-Senior,3,,,"Python, SQL",Hombre Cis,False
3993000.0,Semi-Senior,5,,,Java,Hombre Cis,False
2200000.0,Semi-Senior,5,,,"HTML, Javascript, PHP",Hombre Cis,False
1800000.0,Senior,7,Universitario,Incompleto,"Bash/Shell, HTML, Python, R, SQL",Hombre Cis,False
3700000.0,Senior,6,,,"Bash/Shell, HTML, Java, Javascript, Python, SQL, TypeScript",Hombre Cis,False
9995000.0,Senior,25,Maestría,Completo,".NET, ABAP, Javascript, SQL",Hombre Cis,False
2898000.0,Senior,15,,,Ninguno de los anteriores,Mujer Cis,False
1470000.0,Semi-Senior,4,,,".NET, C#, CSS, HTML, Javascript, SQL",Hombre Cis,False
4285000.0,Senior,20,,,"Java, Javascript, SQL, TypeScript",Hombre Cis,False
3000000.0,Semi-Senior,5,,,Ninguno de los anteriores,Mujer Cis,False
2800000.0,Semi-Senior,5,,,"Bash/Shell, CSS, Go, HTML, Javascript, Python, SQL, TypeScript",Hombre Cis,False
7000000.0,Senior,25,Posgrado/Especialización,Completo,Ninguno de los anteriores,Mujer Cis,False
1570785.0,Senior,11,Universitario,Incompleto,Ninguno de los anteriores,Mujer Cis,False
3442656.0,Senior,6,Doctorado,Completo,"Python, SQL",Mujer Cis,False
4000000.0,Senior,16,,,"CSS, HTML, Javascript, SQL, Swift, TypeScript",Hombre Cis,False
3700000.0,Senior,15,Posgrado/Especialización,Completo,"PHP, SQL",Hombre Cis,False
8100000.0,Senior,18,,,"CSS, HTML, Javascript, SQL, TypeScript",Hombre Cis,False
1500000.0,Semi-Senior,3,,,"Bash/Shell, CSS, HTML, Java, Javascript, SQL, TypeScript",Hombre Cis,False
2800000.0,Senior,7,,,Ninguno de los anteriores,Hombre Cis,False
11000000.0,Senior,28,Universitario,Completo,SQL,Hombre Cis,False
6000000.0,Senior,25,Posgrado/Especialización,En curso,".NET, Bash/Shell, COBOL, CSS, HTML, Java, Javascript, Python, SQL",Hombre Cis,False
975000.0,Junior,0,Universitario,Completo,"CSS, HTML, Javascript, Python, TypeScript",Hombre Cis,False
4603039.0,Senior,19,,,"Go, Java",Hombre Cis,False
3900000.0,Senior,6,,,Ninguno de los anteriores,Hombre Cis,False
1900000.0,Semi-Senior,3,,,".NET, Bash/Shell, C#, HTML, Javascript, PHP, Python, SQL, TypeScript, VBA",Hombre Cis,False
7400000.0,Senior,6,Universitario,Incompleto,SQL,Hombre Cis,False
2380400.0,Semi-Senior,4,,,"C, Kotlin",Mujer Cis,False
2711147.71,Senior,7,,,"Bash/Shell, PHP, Python, SQL",Hombre Cis,False
2170000.0,Semi-Senior,4,Universitario,Incompleto,"HTML, Javascript, PHP, SQL",Hombre Cis,False
4000000.0,Senior,27,,,"Bash/Shell, C++, Dart, HTML, Javascript, Kotlin, Python, TypeScript",Hombre Cis,False
2300000.0,Senior,12,,,".NET, Assembler, Bash/Shell, C, C#, CSS, Dart, HTML, Javascript, Python, R, SQL",Hombre Cis,False
3320629.0,Senior,10,,,Ninguno de los anteriores,Hombre Cis,False
1242997.0,Junior,2,Universitario,En curso,"Bash/Shell, C, C++, Python, R, SQL",Hombre Cis,False
1500000.0,Semi-Senior,5,,,"CSS, HTML, Java, Javascript, SQL, TypeScript",Hombre Cis,False
1200000.0,Senior,20,Doctorado,En curso,"Bash/Shell, Javascript, PHP, Python, SQL, TypeScript, PowerBuilder, PowerScript",Hombre Cis,False
3500000.0,Semi-Senior,4,,,"C++, Python, SQL",Hombre Cis,False
1700000.0,Semi-Senior,4,Terciario,Completo,Javascript,Hombre Cis,False
1800000.0,Semi-Senior,4,,,SQL,Mujer Cis,False
6300000.0,Senior,28,,,"Bash/Shell, Python, R, SQL, VBA",Hombre Cis,False
3800000.0,Senior,20,,,"Bash/Shell, CSS, HTML, Javascript, SQL",Hombre Cis,False
4900000.0,Senior,6,,,"Python, SQL",Mujer Cis,False
3100000.0,Semi-Senior,4,,,"Bash/Shell, Python, powershell",Hombre Cis,False
1600000.0,Senior,14,Secundario,Incompleto,"CSS, HTML, Javascript, PHP, Python, SQL, VBA",Hombre Cis,False
4500000.0,Senior,10,Universitario,Incompleto,"Bash/Shell, Go, SQL",Hombre Cis,False
2033000.0,Semi-Senior,4,,,Java,Mujer Cis,False
2751000.0,Senior,9,,,"Bash/Shell, Python, SQL",Hombre Cis,False
2500000.0,Semi-Senior,5,Universitario,Incompleto,"Bash/Shell, Python",Hombre Cis,False
3770907.0,Junior,2,Universitario,Incompleto,Ninguno de los anteriores,Mujer Cis,False
6483882.0,Senior,7,,,"Java, Javascript, SQL, TypeScript",Hombre Cis,False
1010000.0,Senior,25,,,Ninguno de los anteriores,Hombre Cis,False
6900000.0,Senior,20,,,Ninguno de los anteriores,Hombre Cis,False
2562674.0,Semi-Senior,5,,,"Python, SQL",Mujer Cis,False
1659000.0,Senior,8,Posgrado/Especialización,En curso,"R, SQL",Mujer Cis,False
8462169.0,Senior,7,,,"Java, Javascript",Mujer Cis,False
3700000.0,Senior,16,,,".NET, Arduino, C, C++, C#, SQL",Hombre Cis,False
8000000.0,Senior,25,Terciario,Completo,Ninguno de los anteriores,Mujer Cis,False
3600000.0,Senior,10,,,".NET, C#, HTML, Javascript, SQL",Hombre Cis,False
2500000.0,Senior,6,,,".NET, HTML, Java, Javascript, Python, SQL, TypeScript",Hombre Cis,False
4200000.0,Senior,15,,,Ninguno de los anteriores,Hombre Cis,False
2800000.0,Senior,25,,,Ninguno de los anteriores,Hombre Cis,False
4100000.0,Semi-Senior,4,Terciario,En curso,"Bash/Shell, Java, Javascript, Python, TypeScript",Hombre Cis,False
5500000.0,Senior,12,,,".NET, C#, HTML, Javascript, SQL, VBA",Hombre Cis,False
1765878.0,Senior,10,,,"PHP, Python",Hombre Cis,False
3400000.0,Senior,15,,,"Bash/Shell, Python, SQL",Hombre Cis,False
4508000.0,Senior,40,,,Ninguno de los anteriores,Hombre Cis,False
3382000.0,Senior,22,Universitario,Completo,"Python, SQL",Hombre Cis,False
4277206.0,Senior,10,,,"Bash/Shell, Python",Hombre Cis,False
4600000.0,Senior,11,,,Python,Hombre Cis,False
7500000.0,Senior,35,,,SQL,Mujer Cis,False
2878258.53,Senior,18,,,Ninguno de los anteriores,Hombre Cis,False
3070000.0,Senior,25,,,"Javascript, PHP, SQL",Hombre Cis,False
1087328.0,Junior,1,,,Bash/Shell,Mujer Cis,False
3900000.0,Senior,6,,,"Javascript, TypeScript",Hombre Cis,False
4550000.0,Semi-Senior,5,Universitario,En curso,"Java, Javascript",Mujer Cis,False
6500000.0,Senior,8,,,Python,Mujer Cis,False
8000000.0,Senior,30,,,".NET, C#, HTML, Javascript, Python, SQL, VBA",Hombre Cis,False
2500000.0,Senior,15,,,".NET, C#, HTML, Javascript, PHP, SQL, TypeScript",Hombre Cis,False
1400000.0,Senior,15,Terciario,Completo,"Bash/Shell, Python",Hombre Cis,False
4100000.0,Senior,24,,,"COBOL, Kotlin, Python, VBA",Hombre Cis,False
4912660.0,Senior,14,,,".NET, C#",Hombre Cis,False
4200000.0,Senior,7,Universitario,En curso,".NET, C#, SQL",Hombre Cis,False
2715350.0,Senior,27,,,"HTML, Java, Javascript, SQL, TypeScript",Hombre Cis,False
3584000.0,Senior,7,Posgrado/Especialización,En curso,".NET, C#, CSS, HTML, Javascript, SQL",Hombre Cis,False
3400000.0,Senior,15,,,SQL,Hombre Cis,False
4000000.0,Senior,8,,,"Bash/Shell, Go, Python",Hombre Cis,False
2100000.0,Semi-Senior,4,,,"HTML, Javascript, Python, SQL, TypeScript",Hombre Cis,False
1600000.0,Semi-Senior,5,,,SQL,Mujer Cis,False
5031375.0,Senior,12,Universitario,En curso,ninguna,Hombre Cis,False
3000000.0,Senior,25,,,Ninguno de los anteriores,Mujer Cis,False
5000000.0,Senior,25,Universitario,Completo,"Bash/Shell, Python, SQL",Hombre Cis,False
2800000.0,Semi-Senior,5,Universitario,Completo,Ninguno de los anteriores,Mujer Cis,False
2400000.0,Semi-Senior,5,,,Ninguno de los anteriores,Hombre Cis,False
2100000.0,Senior,15,,,".NET, C#, Javascript, SQL, VBA",Hombre Cis,False
2700000.0,Semi-Senior,4,Universitario,En curso,"HTML, SQL",Mujer Cis,False
2400000.0,Senior,7,,,Python,Hombre Cis,False
5500000.0,Senior,35,Posgrado/Especialización,Completo,Ninguno de los anteriores,Hombre Cis,False
2400000.0,Semi-Senior,5,,,R,Mujer Cis,False
5729195.0,Senior,18,Universitario,Completo,"Bash/Shell, Python, SQL",Hombre Cis,False
3000000.0,Senior,12,,,Ninguno de los anteriores,Hombre Cis,False
1800000.0,Semi-Senior,4,,,".NET, Bash/Shell, C, HTML, Javascript, Python, SQL, TypeScript",Hombre Cis,False
415000.0,Junior,2,,,Ninguno de los anteriores,Mujer Cis,False
3400000.0,Junior,2,Universitario,Completo,"Elixir, Javascript, SQL, TypeScript",Hombre Cis,False
1784197.0,Senior,7,Terciario,Completo,"C#, CSS, HTML, Javascript, SQL, TypeScript",Mujer Cis,False
5600000.0,Senior,9,,,"Bash/Shell, CSS, HTML, Java, Javascript, Kotlin, PHP, Python, Scala, SQL, TypeScript",Hombre Cis,False
2800000.0,Semi-Senior,3,,,"Bash/Shell, VBA",Hombre Cis,False
3790000.0,Senior,12,,,"CSS, HTML, Javascript, TypeScript",Hombre Cis,False
2159907.88,Semi-Senior,3,Universitario,Completo,"Arduino, Bash/Shell, C++, CSS, Javascript, PHP, SQL",Hombre Cis,False
2400000.0,Semi-Senior,5,,,".NET, SQL",Hombre Cis,False
7000000.0,Senior,21,Universitario,Completo,Ninguno de los anteriores,Hombre Cis,False
9300000.0,Senior,15,Universitario,Completo,Ninguno de los anteriores,Hombre Cis,False
3417000.0,Senior,6,,,"Java, SQL, TypeScript",Hombre Cis,False
10127000.0,Senior,25,Universitario,Incompleto,Ninguno de los anteriores,Hombre Cis,False
7667877.0,Senior,7,,,Ninguno de los anteriores,Mujer Cis,False
2270000.0,Senior,17,,,"Delphi, Java, SQL",Hombre Cis,False
1582400.0,Semi-Senior,4,,,"SQL, TypeScript",Hombre Cis,False
1500000.0,Junior,1,,,TypeScript,Hombre Cis,False
5000000.0,Semi-Senior,3,,,"Go, Java, TypeScript",Mujer Cis,False
2221120.0,Semi-Senior,4,Universitario,Completo,Ninguno de los anteriores,Mujer Cis,False
3900000.0,Senior,30,,,Python,Hombre Cis,False
3398246.0,Semi-Senior,5,,,"Javascript, TypeScript",Hombre Cis,False
1600000.0,Semi-Senior,5,,,Ninguno de los anteriores,Mujer Cis,False
2600000.0,Senior,8,Universitario,Incompleto,PowerScript,Hombre Cis,False
5500000.0,Senior,10,,,"Go, Python",Hombre Cis,False
3500000.0,Senior,7,,,".NET, Java, SQL",Hombre Cis,False
7800000.0,Senior,26,Posgrado/Especialización,Completo,".NET, Bash/Shell, C#, SQL",Hombre Cis,False
4100000.0,Senior,28,,,Ninguno de los anteriores,Hombre Cis,False
7500000.0,Senior,13,,,"ABAP, Bash/Shell, Python, SQL",Prefiero no decir,False
2250000.0,Semi-Senior,3,Universitario,En curso,"CSS, HTML, Java, Javascript, SQL, TypeScript",Hombre Cis,False
12000000.0,Senior,22,,,".NET, Bash/Shell, C++, C#",Hombre Cis,False
3000000.0,Semi-Senior,5,,,"Bash/Shell, Python",Hombre Cis,False
3965000.0,Semi-Senior,3,,,".NET, Bash/Shell, C#, CSS, HTML, Javascript, VBA",Hombre Cis,False
1780450.0,Semi-Senior,5,,,SQL,Hombre Cis,False
6000000.0,Senior,14,Terciario,Completo,".NET, Java, Javascript, Python, SQL, TypeScript",Hombre Cis,False
3026857.76,Semi-Senior,5,Terciario,En curso,"CSS, HTML, Javascript",Hombre Cis,False
2605798.88,Senior,7,,,"CSS, HTML, Java, Javascript, Kotlin, PHP, Python, SQL, TypeScript",Hombre Cis,False
3700000.0,Senior,6,,,Ninguno de los anteriores,Mujer Cis,False
4000000.0,Senior,6,,,"Java, Python",Hombre Cis,False
3516000.0,Semi-Senior,3,,,"Javascript, Python, SQL, TypeScript",Hombre Cis,False
3300000.0,Senior,11,,,"Go, Java",Hombre Cis,False
2297865.0,Semi-Senior,4,,,"Java, Javascript",Mujer Cis,False
5200000.0,Senior,19,Terciario,Completo,pl/sql,Hombre Cis,False
8000000.0,Senior,20,,,"Bash/Shell, Python, SQL",Hombre Cis,False
3912000.0,Semi-Senior,4,,,"CSS, HTML, Javascript, PHP, Python",Hombre Cis,False
5000000.0,Semi-Senior,4,,,"CSS, HTML, Javascript, Python, SQL, TypeScript",Hombre Cis,False
5236137.0,Senior,22,,,Ninguno de los anteriores,Hombre Cis,False
5402198.0,Senior,16,,,Javascript,Hombre Cis,False
3490000.0,Senior,10,,,ABAP,Mujer Cis,False
2579200.0,Semi-Senior,5,,,Ninguno de los anteriores,Hombre Cis,False
2708000.0,Senior,25,,,"Bash/Shell, HTML",Hombre Cis,False
5140000.0,Semi-Senior,5,Universitario,Incompleto,"Javascript, TypeScript",Hombre Cis,False
2200000.0,Senior,20,,,Python,Hombre Cis,False
3900000.0,Senior,9,Universitario,Completo,"Java, SQL",Hombre Cis,False
3500000.0,Semi-Senior,4,Universitario,En curso,"CSS, HTML, Javascript, SQL, TypeScript",Hombre Cis,False
2300000.0,Semi-Senior,4,,,"CSS, HTML, Javascript, Python, SQL, powershell",Mujer Cis,False
5000000.0,Junior,1,,,Ninguno de los anteriores,Hombre Cis,False
1280000.0,Junior,1,,,"Java, Javascript, SQL, TypeScript",Hombre Cis,False
2500000.0,Semi-Senior,4,,,"Bash/Shell, CSS, HTML, Java, Javascript, Kotlin, Python, SQL, TypeScript",Hombre Cis,False
1650000.0,Semi-Senior,4,,,"Bash/Shell, Java, Javascript, SQL",Hombre Cis,False
2290400.0,Senior,17,,,"CSS, HTML, Javascript, TypeScript",Hombre Cis,False
6500000.0,Senior,15,,,".NET, C#",Hombre Cis,False
4700000.0,Semi-Senior,5,,,"Bash/Shell, Groovy, Java, Javascript, SQL",Hombre Cis,False
1900000.0,Semi-Senior,3,,,"Javascript, TypeScript",Hombre Cis,False
1600000.0,Junior,0,,,Ninguno de los anteriores,Hombre Cis,False
2800000.0,Senior,8,,,"Go, Java, Python",Trans,False
2382000.0,Semi-Senior,5,Universitario,Completo,"CSS, HTML, Java, SQL",Mujer Cis,False
3800000.0,Semi-Senior,4,Universitario,En curso,"CSS, HTML, Javascript, TypeScript",Hombre Cis,False
4000000.0,Senior,31,,,Ninguno de los anteriores,Hombre Cis,False
1000000.0,Semi-Senior,3,,,"Javascript, Python",Hombre Cis,False
4000000.0,Senior,15,Secundario,Completo,"SQL, Ninguno de los anteriores",Hombre Cis,False
6200000.0,Senior,20,,,".NET, Delphi, HTML, Java, Javascript, Python, SQL",Hombre Cis,False
3000000.0,Senior,10,,,Ninguno de los anteriores,Hombre Cis,False
2100000.0,Senior,6,,,"Bash/Shell, Python",Hombre Cis,False
5100000.0,Senior,17,,,"Bash/Shell, powershell",Hombre Cis,False
6985000.0,Senior,16,,,".NET, C#, CSS, HTML, Java, PHP, SQL",Hombre Cis,False
1300000.0,Junior,1,Universitario,En curso,"CSS, HTML, Java, Javascript, PHP, Python, SQL",Hombre Cis,False
2922150.0,Semi-Senior,4,Terciario,Incompleto,Java,Hombre Cis,False
2377934.0,Senior,9,,,SQL,Hombre Cis,False
4873702.36,Senior,20,Universitario,Incompleto,"Bash/Shell, Perl",Mujer Cis,False
2425000.0,Senior,17,Secundario,Completo,"Bash/Shell, PHP, Python",Hombre Cis,False
1866296.0,Senior,8,,,"Java, SQL",Hombre Cis,False
3700000.0,Senior,11,,,HTML,Hombre Cis,False
1348000.0,Junior,2,,,SQL,Mujer Cis,False
1450000.0,Junior,2,,,"Bash/Shell, Python",Hombre Cis,False
5700000.0,Semi-Senior,5,,,"Bash/Shell, CSS, HTML, Java, Javascript, PHP, Python",Hombre Cis,False
1170000.0,Junior,2,Universitario,Incompleto,"Python, SQL",Hombre Cis,False
5000000.0,Senior,8,,,"ABAP, Python, SQL",Hombre Cis,False
7900000.0,Senior,17,,,"CSS, Go, Javascript, TypeScript",Hombre Cis,False
2500000.0,Senior,40,,,"Python, SQL",Hombre Cis,False
1500000.0,Semi-Senior,3,,,HTML,Mujer Cis,False
5200000.0,Junior,2,,,"Bash/Shell, Go, PHP, Python, SQL",Hombre Cis,False
5200000.0,Semi-Senior,5,Doctorado,Completo,"Arduino, Bash/Shell, C, C++, CSS, HTML, Javascript, Python",Hombre Cis,False
2150000.0,Senior,7,,,"CSS, HTML, Javascript",Hombre Cis,False
1182000.0,Junior,1,,,Ninguno de los anteriores,Hombre Cis,False
3336000.0,Semi-Senior,5,,,Ninguno de los anteriores,Mujer Cis,False
2573300.0,Senior,7,,,"Bash/Shell, CSS, HTML, Javascript, Python, SQL",Prefiero no decir,False
4000000.0,Senior,30,Posgrado/Especialización,Completo,Ninguno de los anteriores,Mujer Cis,False
3650000.0,Semi-Senior,4,Universitario,En curso,"R, SQL",Hombre Cis,False
4252460.0,Senior,6,,,Ninguno de los anteriores,Hombre Cis,False
1400000.0,Semi-Senior,4,,,Ninguno de los anteriores,Mujer Cis,False
1509400.0,Junior,0,,,"Java, Javascript, Python, SQL",Mujer Cis,False
3500000.0,Semi-Senior,3,Universitario,Completo,"Python, SQL",Hombre Cis,False
4500000.0,Senior,15,Universitario,Completo,SQL,Mujer Cis,False
2151936.15,Junior,2,,,"Bash/Shell, CSS, HTML, Javascript, Python, SQL",Mujer Cis,False
800000.0,Junior,1,,,Python,Hombre Cis,False
2400000.0,Semi-Senior,4,,,"Java, Javascript, PHP, SQL",Hombre Cis,False
1260000.0,Senior,10,,,Ninguno de los anteriores,Hombre Cis,False
3550000.0,Senior,13,Maestría,En curso,Ninguno de los anteriores,Mujer Cis,False
4890000.0,Senior,6,Universitario,Completo,Ninguno de los anteriores,Mujer Cis,False
5000000.0,Senior,25,,,Ninguno de los anteriores,Hombre Cis,False
2850000.0,Senior,12,,,"Python, SQL",Hombre Cis,False
1300000.0,Junior,2,,,"CSS, HTML",Mujer Cis,False
2500000.0,Senior,7,,,Ninguno de los anteriores,Mujer Cis,False
4436528.0,Senior,9,Universitario,Completo,".NET, Bash/Shell, C#, HTML, Python, SQL",Hombre Cis,False
2450000.0,Semi-Senior,3,Terciario,Completo,"HTML, Javascript, PHP, TypeScript",Hombre Cis,False
4500000.0,Senior,6,Secundario,Completo,"Bash/Shell, PHP, Python, SQL",Hombre Cis,False
2400000.0,Senior,19,,,Ninguno de los anteriores,Mujer Cis,False
1300000.0,Junior,1,,,"HTML, Java, SQL, TypeScript",Mujer Cis,False
2197000.0,Semi-Senior,5,,,"Javascript, TypeScript",Hombre Cis,False
2000000.0,Junior,2,,,Ninguno de los anteriores,Hombre Cis,False
5154700.0,Senior,14,,,"ABAP, Groovy, Java, SQL",Hombre Cis,False
1155600.0,Junior,2,,,"Javascript, PHP, Rust, SQL, TypeScript",Hombre Cis,False
3800000.0,Semi-Senior,5,,,"CSS, Go, HTML, Java, Javascript, SQL, TypeScript",Hombre Cis,False
2000000.0,Senior,8,Universitario,Completo,"CSS, HTML",Mujer Cis,False
1800000.0,Semi-Senior,5,,,"Python, SQL",Hombre Cis,False
1787453.0,Semi-Senior,5,,,"Javascript, Python, SQL",Mujer Cis,False
5220000.0,Senior,6,,,"C++, Python",Hombre Cis,False
2036486.0,Junior,0,Terciario,En curso,"CSS, HTML, Javascript",Hombre Cis,False
3985000.0,Senior,6,Universitario,Incompleto,"Bash/Shell, HTML, Javascript, Python, SQL",Hombre Cis,False
5021000.0,Senior,16,,,".NET, Javascript, TypeScript",Hombre Cis,False
4000000.0,Semi-Senior,5,,,Ninguno de los anteriores,Hombre Cis,False
4600000.0,Senior,8,,,"Python, SQL",Hombre Cis,False
2833000.0,Semi-Senior,5,,,".NET, C#, CSS, HTML, SQL",Hombre Cis,False
1250000.0,Junior,2,,,Ninguno de los anteriores,Hombre Cis,False
1300000.0,Senior,16,Terciario,Completo,".NET, HTML, Java",Mujer Cis,False
1200000.0,Junior,1,,,"CSS, HTML, Java, Javascript, Python",Hombre Cis,False
2800000.0,Junior,1,Universitario,Completo,Ninguno de los anteriores,Hombre Cis,False
2300000.0,Senior,10,Secundario,Completo,Ninguno de los anteriores,Hombre Cis,False
2100000.0,Semi-Senior,3,,,"Bash/Shell, CSS, HTML, Python, SQL",Hombre Cis,False
5000050.0,Semi-Senior,5,,,".NET, Go, Groovy, Java, Javascript, Python, SQL",Hombre Cis,False
1800000.0,Senior,15,Terciario,Completo,SQL,Mujer Cis,False
6100000.0,Senior,16,Universitario,Completo,Ninguno de los anteriores,Mujer Cis,False
3500000.0,Semi-Senior,4,,,"HTML, Javascript, SQL, TypeScript",Hombre Cis,False
4200000.0,Semi-Senior,5,,,".NET, C, C#, CSS, HTML, SQL",Hombre Cis,False
213618.0,Semi-Senior,4,,,Ninguno de los anteriores,Hombre Cis,False
7500000.0,Senior,20,,,"Bash/Shell, Java, Javascript, Python, Smalltalk",Hombre Cis,False
4883452.0,Senior,17,,,"Bash/Shell, CSS, HTML, Javascript, PHP, Python, SQL, TypeScript",Hombre Cis,False
6620000.0,Senior,16,,,Ninguno de los anteriores,Hombre Cis,False
2600000.0,Senior,18,,,Ninguno de los anteriores,Hombre Cis,False
720240.0,Semi-Senior,4,Universitario,En curso,"Bash/Shell, Python, SQL",Hombre Cis,False
3300000.0,Semi-Senior,4,Universitario,En curso,".NET, C#, Javascript",Hombre Cis,False
1500000.0,Semi-Senior,4,,,Ninguno de los anteriores,Hombre Cis,False
8500000.0,Senior,20,,,"Go, Java, Python, SQL",Hombre Cis,False
5556885.0,Senior,25,,,"C++, Python",Hombre Cis,False
1919670.0,Senior,7,,,no,Hombre Cis,False
1700000.0,Semi-Senior,5,Secundario,Completo,Ninguno de los anteriores,Hombre Cis,False
2041000.0,Semi-Senior,5,Universitario,En curso,"Bash/Shell, CSS, HTML, Java, Javascript, TypeScript",Mujer Cis,False
3110654.0,Semi-Senior,3,,,Python,Hombre Cis,False
1685000.0,Senior,25,,,SQL,Hombre Cis,False
6800000.0,Senior,26,,,Ninguno de los anteriores,Hombre Cis,False
1700000.0,Junior,2,,,"CSS, HTML, Javascript, SQL, TypeScript",Hombre Cis,False
2500000.0,Semi-Senior,5,Universitario,Incompleto,"Bash/Shell, Java, Python, SQL",Mujer Cis,False
1650000.0,Junior,1,Universitario,Completo,TypeScript,Hombre Cis,False
2460000.0,Senior,6,,,SQL,Mujer Cis,False
1633917.0,Junior,2,Universitario,En curso,"Python, SQL",Hombre Cis,False
2000000.0,Semi-Senior,5,,,Ninguno de los anteriores,Hombre Cis,False
8100000.0,Senior,30,,,"PHP, SQL",Hombre Cis,False
4719000.0,Senior,6,,,SQL,Hombre Cis,False
1815000.0,Junior,2,Universitario,Completo,"CSS, Java, Javascript, PHP, Python",Mujer Cis,False
3100000.0,Senior,15,,,"CSS, HTML, Javascript, PHP",Hombre Cis,False
6800000.0,Senior,30,,,"Bash/Shell, C#, HTML, Javascript, Python, SQL",Hombre Cis,False
1791054.0,Junior,2,,,"CSS, Dart, HTML, Javascript, PHP, Python, SQL",Hombre Cis,False
3300000.0,Semi-Senior,3,Universitario,Completo,Python,Hombre Cis,False
1100000.0,Semi-Senior,5,,,"HTML, Javascript, PHP, SQL",Hombre Cis,False
7500000.0,Senior,15,,,".NET, Bash/Shell, Java, Javascript, Python, SQL",Hombre Cis,False
8000000.0,Senior,10,,,"Bash/Shell, SQL",Hombre Cis,False
1700000.0,Semi-Senior,3,,,Ninguno de los anteriores,Mujer Cis,False
4800000.0,Senior,24,,,".NET, Bash/Shell, HTML, Java, Javascript, PHP, Python, SQL",Hombre Cis,False
3800000.0,Semi-Senior,5,,,Python,Hombre Cis,False
2100000.0,Senior,18,,,Ninguno de los anteriores,Hombre Cis,False
1906000.0,Semi-Senior,4,Universitario,En curso,"HTML, Java",Hombre Cis,False
4200000.0,Senior,15,,,"Python, VBA",Hombre Cis,False
1222294.28,Senior,20,,,"SQL, ADBPL",Hombre Cis,False
1338086.0,Semi-Senior,5,Universitario,Incompleto,Ninguno de los anteriores,Hombre Cis,False
3010283.0,Semi-Senior,4,Posgrado/Especialización,En curso,"Python, SQL",Hombre Cis,False
2900000.0,Senior,12,,,"Arduino, Dart, HTML, Javascript",Hombre Cis,False
3000000.0,Senior,6,,,"CSS, HTML, Javascript, Python, SQL, TypeScript",Hombre Cis,False
5000000.0,Senior,35,Doctorado,Incompleto,"Java, Javascript, SQL",Hombre Cis,False
2366000.0,Semi-Senior,3,,,"CSS, HTML, Javascript",Hombre Cis,False
3200000.0,Senior,6,Secundario,Completo,"Bash/Shell, SQL",Hombre Cis,False
6500000.0,Senior,6,,,"HTML, Javascript, PHP",Hombre Cis,False
1826000.0,Semi-Senior,3,,,Ninguno de los anteriores,Hombre Cis,False
1179000.0,Semi-Senior,4,,,"Bash/Shell, CSS, HTML, Javascript, SQL, TypeScript",Hombre Cis,False
1511000.0,Junior,2,Universitario,En curso,"C++, Python",Hombre Cis,False
3600000.0,Senior,12,Posgrado/Especialización,Completo,Ninguno de los anteriores,Mujer Cis,False
750000.0,Junior,1,,,".NET, C#, CSS, HTML, Javascript, SQL, TypeScript",Hombre Cis,False
4360000.0,Senior,6,,,"Javascript, Python, TypeScript",Hombre Cis,False
3182349.0,Senior,33,Terciario,Completo,"Bash/Shell, CSS, HTML, Java, Javascript, SQL",Hombre Cis,False
1900000.0,Junior,2,Universitario,En curso,"CSS, HTML",Mujer Cis,False
7600000.0,Senior,25,Universitario,Incompleto,Ninguno de los anteriores,Hombre Cis,False
2327000.0,Semi-Senior,3,Maestría,En curso,"Python, R, SQL",Hombre Cis,False
7500000.0,Semi-Senior,5,Universitario,Completo,"Java, Javascript, Gosu",Hombre Cis,False
4000000.0,Senior,15,,,"Go, TypeScript",Hombre Cis,False
4487000.0,Senior,8,,,Javascript,Hombre Cis,False
2600000.0,Semi-Senior,5,,,Ninguno de los anteriores,Mujer Cis,False
4500000.0,Senior,11,,,"Java, SQL",Hombre Cis,False
5858460.0,Senior,25,,,".NET, C#, CSS, HTML, Javascript, Python, SQL",Hombre Cis,False
4758310.0,Semi-Senior,4,,,"Java, SQL, TypeScript",No binarie,False
1050000.0,Junior,0,,,"CSS, HTML, SQL, TypeScript",Hombre Cis,False
3400000.0,Junior,2,,,"HTML, PHP, Python",Hombre Cis,False
2383340.0,Senior,6,,,"C#, CSS, HTML, Javascript, TypeScript",Hombre Cis,False
4900000.0,Senior,10,,,"C, Go, Groovy, Java, Javascript, Kotlin, Python",Hombre Cis,False
3068000.0,Semi-Senior,3,,,SQL,Hombre Cis,False
2158500.0,Semi-Senior,4,Universitario,Completo,PHP,Hombre Cis,False
4171000.0,Senior,6,Universitario,En curso,"CSS, Go, HTML, Javascript, Python, SQL",Hombre Cis,False
2800000.0,Senior,35,,,"Arduino, HTML, PHP",Mujer Cis,False
1204000.0,Junior,2,,,"HTML, Javascript, TypeScript",Hombre Cis,False
11893000.0,Senior,17,,,"Javascript, Python, TypeScript",Hombre Cis,False
2887449.0,Semi-Senior,5,,,"C, C++, C#, CSS, Dart, Java, Javascript, SQL, TypeScript",Hombre Cis,False
3469015.0,Junior,2,,,"Ruby, SQL",Hombre Cis,False
3500000.0,Semi-Senior,5,,,SQL,Mujer Cis,False
6100000.0,Senior,18,,,"Bash/Shell, Python, SQL",Hombre Cis,False
5400000.0,Senior,6,,,"Go, Kotlin, SQL",Hombre Cis,False
4300000.0,Senior,48,Universitario,Incompleto,"Assembler, COBOL",Hombre Cis,False
4658500.0,Junior,2,,,"CSS, HTML, Javascript, PHP, Python, SQL",Hombre Cis,False
4300000.0,Senior,8,Universitario,Incompleto,"Go, Java, Python",Hombre Cis,False
2400000.0,Semi-Senior,5,Terciario,En curso,"HTML, Java, Javascript, Kotlin, SQL, TypeScript",Mujer Cis,False
6900000.0,Senior,32,Universitario,Completo,Ninguno de los anteriores,Mujer Cis,False
5000000.0,Semi-Senior,5,,,"CSS, HTML, Java, Javascript",Hombre Cis,False
2100000.0,Junior,1,,,Ninguno de los anteriores,Hombre Cis,False
3200000.0,Senior,6,,,"Java, SQL",Hombre Cis,False
3600000.0,Senior,6,Terciario,Completo,Ninguno de los anteriores,Hombre Cis,False
2500000.0,Semi-Senior,5,,,"Bash/Shell, Java, Python, Scala, SQL",Hombre Cis,False
5700000.0,Senior,30,,,".NET, Bash/Shell, Java, PHP, Python, SQL",Hombre Cis,False
4500000.0,Semi-Senior,4,Universitario,Completo,Ninguno de los anteriores,Mujer Cis,False
4500000.0,Semi-Senior,3,,,Ninguno de los anteriores,Hombre Cis,False
2685789.0,Senior,7,,,Python,Mujer Cis,False
1093781.0,Senior,10,Universitario,Incompleto,"HTML, Javascript, PHP",Mujer Cis,False
1200000.0,Senior,10,,,"C, C++, CSS, HTML, Javascript",Hombre Cis,False
1014000.0,Senior,13,Terciario,En curso,Ninguno de los anteriores,Mujer Cis,False
2600000.0,Semi-Senior,4,Universitario,Completo,"Bash/Shell, SQL",Hombre Cis,False
2713940.0,Senior,10,Universitario,Incompleto,Python,Hombre Cis,False
4100000.0,Senior,20,,,Ninguno de los anteriores,Hombre Cis,False
1200000.0,Semi-Senior,3,,,"CSS, HTML, PHP",Hombre Cis,False
2000000.0,Senior,8,,,"Groovy, Python, SQL, TypeScript",Hombre Cis,False
2030000.0,Semi-Senior,3,,,"Bash/Shell, CSS, Python, SQL",Hombre Cis,False
5000000.0,Senior,20,Universitario,Completo,"CSS, HTML, Javascript",Hombre Cis,False
2900000.0,Senior,8,,,"CSS, HTML, Javascript, PHP, ",Hombre Cis,False
6000800.0,Senior,19,,,"HTML, Java, Javascript, SQL, TypeScript",Mujer Cis,False
1800000.0,Semi-Senior,3,Universitario,Completo,Ninguno de los anteriores,Queer,False
1620000.0,Semi-Senior,3,,,Ninguno de los anteriores,Mujer Cis,False
3750000.0,Senior,14,,,"CSS, HTML, Javascript, TypeScript",Hombre Cis,False
4000000.0,Senior,17,,,Ninguno de los anteriores,Hombre Cis,False
1600000.0,Semi-Senior,4,Universitario,Completo,Ninguno de los anteriores,Hombre Cis,False
2000000.0,Junior,2,Universitario,En curso,".NET, C#, CSS, HTML, Javascript, Python, SQL, TypeScript",Hombre Cis,False
4000000.0,Semi-Senior,5,Terciario,Incompleto,"HTML, Javascript, TypeScript",Hombre Cis,False
3300000.0,Senior,30,,,"CSS, HTML, Javascript, PHP, SQL",Hombre Cis,False
4500000.0,Semi-Senior,4,,,"Bash/Shell, Python, SQL",Hombre Cis,False
4400000.0,Senior,8,,,"Python, SQL",Mujer Cis,False
1700000.0,Junior,2,Universitario,En curso,".NET, C#, HTML, Javascript, SQL",Hombre Cis,False
1600000.0,Semi-Senior,4,Terciario,Completo,Ninguno de los anteriores,Hombre Cis,False
2550000.0,Semi-Senior,3,,,Ninguno de los anteriores,Hombre Cis,False
3300000.0,Semi-Senior,4,Terciario,Completo,"CSS, HTML, Java, SQL",Hombre Cis,False
5400000.0,Senior,12,,,"Javascript, Python, SQL",Hombre Cis,False
4559000.0,Senior,6,,,"HTML, Java, Javascript, SQL",Hombre Cis,False
2200000.0,Junior,2,,,".NET, C#",Hombre Cis,False
3700000.0,Semi-Senior,5,,,SQL,Hombre Cis,False
5200000.0,Senior,10,,,"Javascript, Python, SQL, TypeScript",Hombre Cis,False
1831895.0,Semi-Senior,4,Posgrado/Especialización,Completo,Ninguno de los anteriores,Mujer Cis,False
3500000.0,Senior,20,,,"HTML, Javascript, PHP, Python, SQL",Hombre Cis,False
6000000.0,Senior,15,,,Ninguno de los anteriores,Hombre Cis,False
4000000.0,Senior,28,,,"Java, Javascript",Hombre Cis,False
2500000.0,Semi-Senior,5,Universitario,Completo,Dart,Mujer Cis,False
2775861.0,Senior,8,,,"Bash/Shell, Python",Hombre Cis,False
3600000.0,Senior,12,,,SQL,Hombre Cis,False
2000000.0,Semi-Senior,3,Universitario,En curso,"CSS, HTML, Javascript, PHP, SQL",Hombre Cis,False
4750000.0,Semi-Senior,4,Universitario,Completo,"Python, SQL",Mujer Cis,False
6147792.0,Senior,16,Universitario,Completo,"Python, Ruby, SQL",Hombre Cis,False
4402947.0,Senior,10,,,"Bash/Shell, Python",Hombre Cis,False
3110000.0,Semi-Senior,4,,,"Go, Java, Javascript, Kotlin, SQL, TypeScript",Mujer Cis,False
1000000.0,Junior,0,,,".NET, C#, CSS, HTML, Javascript",Hombre Cis,False
2500000.0,Semi-Senior,4,,,"Python, SQL",Hombre Cis,False
2760000.0,Junior,2,,,"Bash/Shell, CSS, HTML, Javascript, PHP, SQL",Hombre Cis,False
2954997.0,Senior,9,,,Ninguno de los anteriores,Hombre Cis,False
4500000.0,Senior,10,,,Ninguno de los anteriores,Hombre Cis,False
2100000.0,Senior,10,,,"Bash/Shell, CSS, HTML, Javascript, PHP, SQL",Hombre Cis,False
3286394.81,Senior,10,,,Ninguno de los anteriores,Hombre Cis,False
3843000.0,Semi-Senior,4,Universitario,En curso,"Bash/Shell, Python",Hombre Cis,False
3500000.0,Semi-Senior,4,,,TypeScript,Hombre Cis,False
2600000.0,Senior,12,,,Ninguno de los anteriores,Mujer Cis,False
3300000.0,Senior,10,,,SQL,Hombre Cis,False
8018525.0,Senior,15,,,"CSS, HTML, Javascript, PHP, Python, Swift",Mujer Cis,False
1588000.0,Senior,9,Universitario,Completo,Bash/Shell,Hombre Cis,False
2200000.0,Senior,30,,,"ABAP, SQL",Hombre Cis,False
3741900.0,Senior,7,,,"CSS, Javascript, Python, TypeScript",Hombre Cis,False
2500000.0,Senior,11,,,Ninguno de los anteriores,Hombre Cis,False
1300000.0,Junior,2,Terciario,Completo,".NET, C#, Javascript",Hombre Cis,False
3900000.0,Senior,8,Universitario,En curso,"Java, Javascript, Python, SQL, TypeScript",Hombre Cis,False
4300000.0,Senior,15,Universitario,Incompleto,"Bash/Shell, Javascript, SQL, TypeScript",Hombre Cis,False
4500000.0,Senior,13,,,"CSS, HTML, Javascript, PHP, SQL",Hombre Cis,False
5000000.0,Senior,25,,,"Arduino, Bash/Shell, HTML, PHP, Python, SQL",Hombre Cis,False
1700000.0,Senior,15,,,"Javascript, PHP, Python, SQL, TypeScript",Hombre Cis,False
2879737.37,Senior,15,,,"Bash/Shell, Python",Hombre Cis,False
4000000.0,Semi-Senior,5,,,"Javascript, TypeScript",Hombre Cis,False
2500000.0,Semi-Senior,4,Universitario,En curso,"Bash/Shell, Python",Mujer Cis,False
8149562.0,Senior,18,Universitario,Completo,"Bash/Shell, HTML, Python, SQL, Powershell",Hombre Cis,False
5600000.0,Senior,13,Universitario,Completo,"Java, SQL",Hombre Cis,False
2400000.0,Senior,8,Universitario,Completo,"Javascript, PHP, TypeScript",Mujer Cis,False
1819000.0,Semi-Senior,3,,,".NET, C#, CSS, Delphi, HTML, Java, Python, SQL, TypeScript",Mujer Cis,False
2619000.0,Semi-Senior,4,,,".NET, C#, Java, SQL, TypeScript",Hombre Cis,False
1348000.0,Junior,1,,,Ninguno de los anteriores,Hombre Cis,False
8633000.0,Senior,7,Secundario,Completo,Python,Hombre Cis,False
3250000.0,Senior,20,,,Python,Hombre Cis,False
2400000.0,Semi-Senior,4,,,"Bash/Shell, C++, Python, Rust, TypeScript",Hombre Cis,False
452400.0,Semi-Senior,4,,,"Javascript, Python",Hombre Cis,False
5200000.0,Senior,12,Universitario,Completo,"Java, Javascript, Python",Hombre Cis,False
1600000.0,Junior,1,,,Ninguno de los anteriores,Hombre Cis,False
1769929.0,Semi-Senior,4,,,"CSS, HTML, Javascript, PHP, SQL",Mujer Cis,False
3550000.0,Senior,20,,,"CSS, HTML, Javascript, PHP, SQL",Hombre Cis,False
6100000.0,Senior,15,Universitario,Completo,Python,Hombre Cis,False
6252004.0,Senior,25,,,"Javascript, SQL, TypeScript",Hombre Cis,False
4700000.0,Senior,6,,,"TypeScript, YAML",Hombre Cis,False
2164783.0,Junior,1,Universitario,En curso,"HTML, Javascript",Hombre Cis,False
3000000.0,Senior,6,,,"C++, Python",Hombre Cis,False
4241485.0,Senior,6,Universitario,Completo,Ninguno de los anteriores,Hombre Cis,False
5880168.0,Senior,8,Terciario,Completo,"Javascript, TypeScript",No binarie,False
3500000.0,Senior,30,Posgrado/Especialización,Completo,SQL,Hombre Cis,False
6000000.0,Senior,6,,,Python,Mujer Cis,False
3250000.0,Semi-Senior,3,,,Java,Hombre Cis,False
3224200.0,Semi-Senior,4,,,Java,Hombre Cis,False
2470000.0,Junior,1,Universitario,Completo,Ninguno de los anteriores,Mujer Cis,False
6300000.0,Semi-Senior,5,,,Ninguno de los anteriores,Prefiero no decir,False
1831199.49,Semi-Senior,3,,,Ninguno de los anteriores,Mujer Cis,False
3900000.0,Semi-Senior,5,,,"CSS, HTML, Javascript, PHP, Python, SQL, TypeScript",Hombre Cis,False
1428000.0,Senior,8,Maestría,Incompleto,"Bash/Shell, Python, SQL",Hombre Cis,False
2821554.0,Senior,10,Universitario,Completo,Ninguno de los anteriores,Hombre Cis,False
3073418.0,Senior,26,Maestría,Completo,Ninguno de los anteriores,Hombre Cis,False
2800000.0,Senior,15,,,"HTML, Javascript, PHP, SQL",Hombre Cis,False
1745000.0,Semi-Senior,4,Universitario,En curso,"CSS, HTML",Mujer Cis,False
5960000.0,Senior,15,,,Bash/Shell,Hombre Cis,False
1600000.0,Junior,1,Universitario,Completo,Ninguno de los anteriores,Hombre Cis,False
1578334.0,Semi-Senior,5,,,"HTML, SQL",Hombre Cis,False
3000000.0,Senior,38,,,"Java, SQL",Hombre Cis,False
4600000.0,Semi-Senior,5,,,Javascript,Hombre Cis,False
1200000.0,Senior,15,,,Ninguno de los anteriores,Hombre Cis,False
6500000.0,Senior,20,Universitario,Completo,".NET, Bash/Shell, Python",Hombre Cis,False
2235000.0,Semi-Senior,3,,,"CSS, Javascript, Python, SQL, TypeScript",Hombre Cis,False
1400000.0,Senior,8,Maestría,Incompleto,Ninguno de los anteriores,Hombre Cis,False
3600000.0,Senior,15,,,Java,Hombre Cis,False
2120885.0,Senior,15,Universitario,Incompleto,"Python, SQL",Hombre Cis,False
1036307.0,Senior,13,,,"CSS, HTML, Javascript, PHP, SQL, TypeScript",Hombre Cis,False
1450000.0,Junior,2,,,Python,Hombre Cis,False
2815685.0,Senior,8,Terciario,Completo,"Bash/Shell, CSS, HTML, Javascript, Perl, Python, YAML",Hombre Cis,False
2280000.0,Junior,2,,,"Bash/Shell, HTML, Javascript, TypeScript",Hombre Cis,False
2996004.1,Semi-Senior,3,Universitario,Completo,"C, C++, Java, SQL",Hombre Cis,False
2800000.0,Semi-Senior,3,Universitario,Incompleto,"Java, SQL",Prefiero no decir,False
3500000.0,Senior,20,,,"Java, Javascript, Kotlin, PHP, Python, SQL, TypeScript",Hombre Cis,False
3800000.0,Senior,35,,,Ninguno de los anteriores,Hombre Cis,False
5515784.0,Senior,10,,,Ninguno de los anteriores,Hombre Cis,False
2954875.0,Senior,6,,,Ninguno de los anteriores,Mujer Cis,False
3700000.0,Senior,6,Universitario,Completo,"Bash/Shell, SQL, TypeScript",Hombre Cis,False
1400000.0,Junior,2,Secundario,Completo,"CSS, HTML, Javascript, SQL, TypeScript",Hombre Cis,False
5000000.0,Senior,6,,,".NET, C#, CSS, HTML, Python, SQL, TypeScript",Hombre Cis,False
6000000.0,Senior,6,Universitario,Incompleto,"Bash/Shell, Java, Javascript, Kotlin, SQL, TypeScript",Hombre Cis,False
1831400.0,Senior,7,,,Ninguno de los anteriores,Mujer Cis,False
1200000.0,Semi-Senior,3,,,"HTML, Java, Javascript, Python",Mujer Cis,False
4564500.0,Senior,10,,,Ninguno de los anteriores,Hombre Cis,False
1500000.0,Senior,20,Maestría,Incompleto,"Bash/Shell, HTML, PHP, Python",Hombre Cis,False
3900000.0,Senior,30,Posgrado/Especialización,Completo,"Bash/Shell, C, C++, CSS, HTML, Java, Javascript, Matlab, Perl, PHP, Python, R, SQL, Fortran",Hombre Cis,False
2700000.0,Senior,10,,,"Javascript, Python",Hombre Cis,False
2343584.0,Senior,15,,,Ninguno de los anteriores,Hombre Cis,False
3820000.0,Semi-Senior,4,,,"Groovy, Python",Hombre Cis,False
2500000.0,Senior,15,,,SQL,Hombre Cis,False
1000000.0,Semi-Senior,4,Terciario,Completo,Python,Hombre Cis,False
1800000.0,Senior,22,,,"Bash/Shell, CSS, HTML, Java, Javascript, PHP, Python, SQL, TypeScript",Hombre Cis,False
6270000.0,Senior,22,,,"Javascript, Smalltalk, SQL",Hombre Cis,False
750000.0,Senior,15,,,Ninguno de los anteriores,Mujer Cis,False
1500000.0,Junior,1,,,TypeScript,Hombre Cis,False
3717600.0,Senior,10,,,"HTML, Javascript, PHP",Hombre Cis,False
3925000.0,Semi-Senior,5,,,"Bash/Shell, Python, TypeScript",Hombre Cis,False
1850000.0,Junior,2,Universitario,Completo,"CSS, HTML, Javascript, PHP, SQL",Hombre Cis,False
2165671.33,Senior,7,,,"Python, SQL",Mujer Cis,False
4120000.0,Senior,18,,,SQL,Hombre Cis,False
6500000.0,Senior,9,,,"Java, Python, SQL",Hombre Cis,False
3500000.0,Semi-Senior,4,Universitario,En curso,"Python, SQL",Hombre Cis,False
7000000.0,Senior,16,,,"Bash/Shell, Python, Powershell",Hombre Cis,False
4100000.0,Semi-Senior,5,Universitario,Incompleto,"HTML, Javascript, TypeScript",Hombre Cis,False
3500000.0,Senior,10,,,TypeScript,Hombre Cis,False
1381000.0,Semi-Senior,5,Universitario,En curso,".NET, Bash/Shell, C#, CSS, HTML, Javascript, Python, SQL, TypeScript",Mujer Cis,False
4878498.0,Semi-Senior,3,,,Ninguno de los anteriores,Mujer Cis,False
2629844.0,Senior,6,,,Dart,Hombre Cis,False
4200000.0,Senior,18,,,"Bash/Shell, HTML, Javascript, PHP, SQL",Hombre Cis,False
1500000.0,Semi-Senior,5,,,".NET, Arduino, Bash/Shell, C, Python, SQL",Hombre Cis,False
2100000.0,Senior,12,,,"Javascript, SQL",Mujer Cis,False
3973000.0,Senior,13,,,"SQL, VBA",Hombre Cis,False
2500000.0,Senior,6,Posgrado/Especialización,Completo,Python,Hombre Cis,False
3500000.0,Senior,6,,,"Python, SQL",Hombre Cis,False
2000000.0,Junior,1,,,Ninguno de los anteriores,Hombre Cis,False
1276000.0,Senior,16,,,"Bash/Shell, Python",Prefiero no decir,False
2400000.0,Semi-Senior,5,,,"Javascript, Swift, TypeScript",Mujer Cis,False
3600000.0,Semi-Senior,3,,,Ninguno de los anteriores,Hombre Cis,False
2300967.0,Senior,13,Universitario,Incompleto,".NET, C#, CSS, Dart, HTML, Javascript, Kotlin, Python, SQL, TypeScript",Hombre Cis,False
6100000.0,Semi-Senior,3,,,"Python, SQL",Hombre Cis,False
3000000.0,Senior,30,Universitario,Completo,"HTML, Java, SQL, VBA",Hombre Cis,False
4075733.0,Senior,10,Universitario,En curso,".NET, C#, Delphi, SQL",Mujer Cis,False
6000000.0,Semi-Senior,5,,,".NET, C#, CSS, HTML, Javascript, Python, SQL",Hombre Cis,False
3392372.0,Senior,20,,,Bash/Shell,Hombre Cis,False
700000.0,Senior,10,,,"Bash/Shell, Javascript, PHP, Python, SQL, TypeScript",Hombre Cis,False
2800000.0,Semi-Senior,5,,,"Python, SQL",Hombre Cis,False
9945800.0,Senior,20,Universitario,Incompleto,Ninguno de los anteriores,Prefiero no decir,False
8500000.0,Junior,1,,,Ninguno de los anteriores,Hombre Cis,False
5090247.0,Senior,8,Universitario,Completo,".NET, C, C++, Python, Rust, SQL",Hombre Cis,False
4300000.0,Senior,21,,,PHP,Hombre Cis,False
5600000.0,Senior,28,,,"C, C++, Java, Python, SQL",Hombre Cis,False
3177000.0,Senior,8,Terciario,Incompleto,".NET, C#, CSS, HTML, Javascript, SQL, TypeScript, Visual Basic",Hombre Cis,False
2554000.0,Junior,1,Universitario,En curso,"Javascript, Python, SQL",Hombre Cis,False
5500000.0,Senior,13,Universitario,Completo,"Java, SQL, TypeScript",Mujer Cis,False
1534760.0,Semi-Senior,4,Universitario,En curso,"Delphi, SQL",Hombre Cis,False
3000000.0,Senior,40,,,Ninguno de los anteriores,Hombre Cis,False
2600000.0,Senior,9,Posgrado/Especialización,Incompleto,Ninguno de los anteriores,Mujer Cis,False
5000000.0,Senior,14,Maestría,En curso,"Python, R, SQL",Mujer Cis,False
1080723.0,Semi-Senior,4,,,Ninguno de los anteriores,Mujer Cis,False
9800000.0,Senior,15,Universitario,Incompleto,"CSS, HTML, Java, Javascript, Kotlin, Python, SQL, TypeScript",Hombre Cis,False
3500000.0,Senior,7,,,"Javascript, PHP, SQL",Hombre Cis,False
3870000.0,Semi-Senior,4,,,Java,Hombre Cis,False
3300000.0,Semi-Senior,4,,,"CSS, HTML, Javascript, Apex, SOQL",Hombre Cis,False
2800000.0,Senior,13,,,"Bash/Shell, Python",Hombre Cis,False
2600000.0,Junior,2,,,"Python, SQL",Hombre Cis,False
5000000.0,Semi-Senior,5,,,Swift,Mujer Cis,False
1300000.0,Semi-Senior,3,,,".NET, C#, CSS, HTML, Javascript, SQL",Hombre Cis,False
2700000.0,Senior,7,,,"C#, Javascript, Python, SQL, TypeScript",Hombre Cis,False
2300000.0,Semi-Senior,5,,,"CSS, Javascript",Hombre Cis,False
3000000.0,Senior,15,,,"Bash/Shell, HTML, Java, Javascript, Python",Hombre Cis,False
1300000.0,Semi-Senior,4,,,Ninguno de los anteriores,Hombre Cis,False
3633696.0,Semi-Senior,4,,,Ninguno de los anteriores,Hombre Cis,False
2900000.0,Semi-Senior,5,Universitario,Completo,"Bash/Shell, Python, SQL",Hombre Cis,False
12164098.0,Senior,12,,,"Go, Java, Kotlin, SQL",Hombre Cis,False
2156762.0,Senior,15,,,"Python, SQL, Swift",Mujer Cis,False
4260000.0,Senior,12,,,"Java, Javascript, Python, Ruby",Hombre Cis,False
3393200.0,Senior,6,Universitario,Incompleto,"Bash/Shell, Groovy, SQL",Mujer Cis,False
1953000.0,Senior,7,,,"CSS, HTML, Javascript, PHP, Python, SQL, TypeScript",Hombre Cis,False
1800000.0,Semi-Senior,3,,,"HTML, SQL",Hombre Cis,False
2300000.0,Semi-Senior,3,Universitario,Incompleto,Bash/Shell,Hombre Cis,False
3900000.0,Senior,15,,,Propietaria,Hombre Cis,False
4224529.0,Semi-Senior,3,,,"Javascript, TypeScript",Hombre Cis,False
3200000.0,Semi-Senior,4,,,Java,Hombre Cis,False
3400000.0,Senior,20,Universitario,Incompleto,".NET, C#, CSS, HTML, Javascript, SQL, TypeScript",Hombre Cis,False
2636662.0,Semi-Senior,5,,,Ninguno de los anteriores,Hombre Cis,False
2031660.0,Semi-Senior,4,,,"Salesforce , Cority, power bi",Trans,False
3070192.0,Junior,2,,,"Go, Javascript, Python",Hombre Cis,False
3700000.0,Semi-Senior,5,Universitario,Completo,Ninguno de los anteriores,Hombre Cis,False
2300000.0,Semi-Senior,3,,,"Bash/Shell, Go, Javascript, Python",Hombre Cis,False
4200000.0,Semi-Senior,5,,,Ninguno de los anteriores,Mujer Cis,False
1250000.0,Junior,2,Universitario,En curso,"ABAP, Javascript, Python, SQL",Hombre Cis,False
4886585.0,Senior,10,,,"Python, SQL",Hombre Cis,False
3500000.0,Senior,30,,,Bash/Shell,Hombre Cis,False
3500000.0,Senior,13,,,"CSS, HTML, Javascript, PHP, SQL",Mujer Cis,False
2700000.0,Senior,43,,,Ninguno de los anteriores,Hombre Cis,False
6285000.0,Senior,6,,,"Python, SQL",Mujer Cis,False
4002436.0,Semi-Senior,5,,,"Java, Kotlin",Hombre Cis,False
2140000.0,Semi-Senior,5,,,".NET, C#, CSS, HTML, Javascript, SQL",Hombre Cis,False
1700000.0,Junior,1,Universitario,En curso,".NET, C#, HTML, Javascript, Python, SQL, VBA",Hombre Cis,False
4000000.0,Senior,8,,,"HTML, Javascript, SQL, TypeScript",Hombre Cis,False
5000000.0,Senior,30,,,"Arduino, HTML, Java, Python, SQL",Hombre Cis,False
6300000.0,Senior,21,Universitario,Completo,".NET, C++, C#, Java, Python, SQL",Mujer Cis,False
1700000.0,Semi-Senior,5,Universitario,Completo,"Java, SQL",Hombre Cis,False
4300000.0,Senior,9,Universitario,Completo,SQL,Mujer Cis,False
1080000.0,Junior,1,,,Ninguno de los anteriores,Mujer Cis,False
2900000.0,Junior,2,Universitario,En curso,SQL,Hombre Cis,False
4175628.34,Senior,10,Universitario,Completo,"Bash/Shell, CSS, HTML, Javascript, TypeScript",Mujer Cis,False
3200000.0,Senior,12,,,Bash/Shell,Hombre Cis,False
3000000.0,Semi-Senior,5,,,"Javascript, TypeScript",Hombre Cis,False
2452580.0,Junior,1,,,"Python, SQL",Hombre Cis,False
3000000.0,Senior,12,,,Ninguno de los anteriores,Hombre Cis,False
5100000.0,Senior,10,Universitario,Completo,TypeScript,Hombre Cis,False
1428661.0,Semi-Senior,3,,,"TypeScript, VBA",Hombre Cis,False
3902237.0,Junior,2,Universitario,En curso,"Go, Python",Hombre Cis,False
1650000.0,Semi-Senior,4,Universitario,En curso,Bash/Shell,Hombre Cis,False
4800000.0,Senior,6,,,"Bash/Shell, HTML, Javascript",Hombre Cis,False
2288243.0,Semi-Senior,3,Universitario,Completo,"CSS, SQL",Mujer Cis,False
2200000.0,Semi-Senior,3,,,".NET, PHP, SQL",Hombre Cis,False
1820000.0,Semi-Senior,3,Terciario,En curso,"CSS, HTML, PHP, SQL",Hombre Cis,False
1850000.0,Senior,15,,,Ninguno de los anteriores,Hombre Cis,False
4200000.0,Senior,7,Universitario,Completo,".NET, C#, CSS, HTML, Javascript, PHP, SQL, TypeScript",Hombre Cis,False
4568458.0,Semi-Senior,5,Universitario,Incompleto,"Bash/Shell, Go, HTML, Java, TypeScript",Hombre Cis,False
1146000.0,Junior,1,Universitario,En curso,"Python, SQL",Mujer Cis,False
1750000.0,Semi-Senior,4,Terciario,Completo,Swift,Hombre Cis,False
5016000.0,Senior,16,,,"Bash/Shell, Go, Java, Javascript, Python, SQL",Hombre Cis,False
1800000.0,Semi-Senior,4,,,"HTML, Javascript, Python, TypeScript",Hombre Cis,False
2800000.0,Senior,10,,,Ninguno de los anteriores,Mujer Cis,False
3000000.0,Semi-Senior,4,,,"HTML, Javascript, PHP, Rust, TypeScript",Hombre Cis,False
1200000.0,Semi-Senior,3,,,"Javascript, Python, SQL",Mujer Cis,False
1850000.0,Semi-Senior,5,,,"CSS, HTML, Java, Javascript, PHP, Python, SQL, TypeScript",Hombre Cis,False
5031323.0,Senior,8,,,".NET, C#, SQL, TypeScript",Hombre Cis,False
2500000.0,Semi-Senior,3,,,Ninguno de los anteriores,Hombre Cis,False
5000000.0,Senior,6,Universitario,Completo,"Python, SQL",Hombre Cis,False
740000.0,Semi-Senior,3,Universitario,En curso,"HTML, Javascript, PHP, SQL",Hombre Cis,False
3100000.0,Junior,2,,,"Go, Java",Hombre Cis,False
2664729.0,Semi-Senior,3,,,"Javascript, Python, R, SQL",Hombre Cis,False
2650000.0,Semi-Senior,4,,,"HTML, Javascript, PHP, SQL, TypeScript",Hombre Cis,False
3700000.0,Senior,6,Terciario,En curso,"Python, SQL",Hombre Cis,False
3185000.0,Semi-Senior,5,,,"Java, PHP, SQL",Hombre Cis,False
2200000.0,Semi-Senior,5,,,"CSS, HTML, Javascript, TypeScript",Hombre Cis,False
1986000.0,Junior,1,Secundario,Completo,Ninguno de los anteriores,Hombre Cis,False
3100000.0,Semi-Senior,4,Universitario,Completo,"CSS, HTML, Java, Javascript, PHP, Python, SQL, TypeScript",Mujer Cis,False
2000000.0,Junior,2,Universitario,Completo,Ninguno de los anteriores,No binarie,False
3700000.0,Senior,16,,,Bash/Shell,Hombre Cis,False
2600000.0,Senior,6,Universitario,Completo,"Bash/Shell, CSS, HTML, Javascript, PHP, Python, SQL, VBA",Hombre Cis,False
3737320.0,Senior,30,,,"Javascript, TypeScript",Hombre Cis,False
3700000.0,Senior,40,,,Ninguno de los anteriores,Hombre Cis,False
5100000.0,Senior,20,,,"Python, SQL, VBA",Hombre Cis,False
1450000.0,Junior,0,,,Ninguno de los anteriores,Hombre Cis,False
2834000.0,Semi-Senior,3,,,SQL,Hombre Cis,False
2497296.0,Semi-Senior,5,,,"Javascript, TypeScript",Mujer Cis,False
3397000.0,Senior,8,Universitario,Completo,"Bash/Shell, Python",Hombre Cis,False
3200000.0,Junior,2,,,"Javascript, Python, SQL",Hombre Cis,False
520000.0,Junior,0,,,"SQL, Ninguno de los anteriores",Mujer Cis,False
2800000.0,Junior,2,Universitario,Completo,"CSS, HTML, Javascript, SQL, TypeScript, Progress ABL",Hombre Cis,False
2500000.0,Junior,2,,,"CSS, HTML, Javascript, Python",Hombre Cis,False
2059826.0,Junior,2,,,".NET, HTML, SQL",Hombre Cis,False
1486000.0,Semi-Senior,3,,,"Bash/Shell, Java, Javascript, SQL",Hombre Cis,False
2033000.0,Senior,6,Universitario,Completo,Ninguno de los anteriores,Mujer Cis,False
2700000.0,Senior,15,,,".NET, C#, CSS, HTML, Javascript, SQL, TypeScript",Hombre Cis,False
5700000.0,Senior,18,Terciario,Completo,".NET, C#",Hombre Cis,False
3400000.0,Senior,13,,,Ninguno de los anteriores,Hombre Cis,False
2106927.0,Junior,2,Universitario,Incompleto,TypeScript,Mujer Cis,False
4268243.0,Senior,8,,,"C, C++, COBOL, Python, SQL",Hombre Cis,False
8246371.0,Senior,35,,,"HTML, Java, Javascript, Python, VBA",Hombre Cis,False
2310000.0,Semi-Senior,4,,,"Bash/Shell, CSS, HTML, Javascript, SQL, TypeScript, ",Hombre Cis,False
1930000.0,Semi-Senior,4,Universitario,En curso,Ninguno de los anteriores,Hombre Cis,False
3200000.0,Semi-Senior,4,Secundario,Completo,"Python, SQL",Hombre Cis,False
3931372.0,Senior,7,,,.NET,Hombre Cis,False
1555632.0,Senior,8,Universitario,En curso,".NET, C#, HTML, Python, SQL",Hombre Cis,False
3900000.0,Junior,2,Universitario,En curso,SQL,Hombre Cis,False
4000000.0,Senior,20,,,Ninguno de los anteriores,Mujer Cis,False
5500000.0,Senior,6,,,SQL,Mujer Cis,False
1900000.0,Semi-Senior,3,,,SQL,Mujer Cis,False
2705000.0,Semi-Senior,3,,,"CSS, HTML, Java, Javascript",Hombre Cis,False
1200000.0,Junior,2,,,Ninguno de los anteriores,Hombre Cis,False
3568988.0,Semi-Senior,4,,,"Bash/Shell, CSS, HTML, Javascript, TypeScript",Mujer Cis,False
1350000.0,Semi-Senior,4,,,Ninguno de los anteriores,Hombre Cis,False
520000.0,Junior,2,,,Kotlin,Hombre Cis,False
1400000.0,Senior,30,,,Ninguno de los anteriores,Hombre Cis,False
3120000.0,Semi-Senior,5,Universitario,Completo,"Bash/Shell, Python, SQL",Hombre Cis,False
7513314.0,Senior,20,Universitario,Completo,".NET, CSS, Go, HTML, Java, Javascript, Kotlin, Python, SQL, TypeScript",Mujer Cis,False
1500000.0,Semi-Senior,3,,,"HTML, Java, Javascript, SQL, PLSQL",Hombre Cis,False
5000000.0,Senior,15,,,Kql,Hombre Cis,False
5400000.0,Semi-Senior,5,Universitario,Completo,"HTML, Javascript, SQL",Hombre Cis,False
580000.0,Junior,1,,,"CSS, HTML",Mujer Cis,False
2000000.0,Semi-Senior,4,,,".NET, C#, CSS, Javascript, PHP, Python, SQL, TypeScript",Hombre Cis,False
6122007.0,Senior,15,Universitario,Completo,"Kotlin, Swift",Hombre Cis,False
1529000.0,Junior,2,,,Ninguno de los anteriores,Mujer Cis,False
3100000.0,Senior,34,,,".NET, Arduino, C#",Hombre Cis,False
2231834.0,Semi-Senior,4,Universitario,Incompleto,"C#, Python, SQL",Hombre Cis,False
3600000.0,Semi-Senior,4,Posgrado/Especialización,En curso,"Python, SQL",Hombre Cis,False
7000000.0,Senior,20,,,"C++, Python, SQL",Hombre Cis,False
4104288.0,Senior,30,,,Ninguno de los anteriores,Hombre Cis,False
2500000.0,Semi-Senior,4,Universitario,En curso,"Bash/Shell, C, Go, Python, Ruby, SQL",No binarie,False
3750000.0,Semi-Senior,3,Universitario,En curso,Javascript,Mujer Cis,False
1850000.0,Junior,2,,,".NET, C#, SQL",Hombre Cis,False
2039000.0,Semi-Senior,3,,,"Bash/Shell, CSS, Go, HTML, Java, Javascript, SQL, TypeScript",Mujer Cis,False
4764058.0,Semi-Senior,3,,,"HTML, Java, Javascript, Python, Scala, SQL",Hombre Cis,False
1753000.0,Semi-Senior,3,,,SQL,Hombre Cis,False
2682175.0,Semi-Senior,5,Terciario,Completo,"Bash/Shell, HTML, Java, Javascript, SQL",Hombre Cis,False
2100000.0,Semi-Senior,4,,,"HTML, Java, SQL",Hombre Cis,False
3000000.0,Semi-Senior,4,,,"Bash/Shell, Go, Python",Hombre Cis,False
2400000.0,Senior,8,,,"Bash/Shell, Go, HTML, Javascript, PHP, Python, SQL, TypeScript",Hombre Cis,False
3500000.0,Senior,10,,,".NET, C#, CSS, HTML, Javascript, SQL",Hombre Cis,False
5700000.0,Senior,8,,,"Javascript, TypeScript",Hombre Cis,False
2550000.0,Semi-Senior,5,Posgrado/Especialización,Completo,"Bash/Shell, HTML, Javascript, PHP, Python",Hombre Cis,False
2125000.0,Semi-Senior,4,,,Ninguno de los anteriores,Mujer Cis,False
2700000.0,Senior,12,,,Ninguno de los anteriores,Mujer Cis,False
6000000.0,Senior,18,Universitario,Completo,"Python, Powershell",Hombre Cis,False
4800000.0,Senior,9,Universitario,Completo,Ninguno de los anteriores,Mujer Cis,False
4800000.0,Senior,23,,,".NET, C++, CSS, HTML, Javascript, SQL",Hombre Cis,False
4180000.0,Senior,7,,,"Javascript, PHP, TypeScript",Hombre Cis,False
1450000.0,Semi-Senior,3,Universitario,En curso,Ninguno de los anteriores,Hombre Cis,False
2396486.0,Junior,0,Universitario,Completo,"CSS, HTML, Javascript, R, SQL, TypeScript",Mujer Cis,False
2125747.0,Semi-Senior,5,,,Python,Hombre Cis,False
3803908.0,Senior,18,,,".NET, C#, CSS, HTML, Javascript, Python, SQL, TypeScript",Hombre Cis,False
1128000.0,Junior,2,,,VBA,Mujer Cis,False
4300000.0,Senior,16,,,"Python, SQL",Hombre Cis,False
2000000.0,Senior,6,Universitario,Completo,"Javascript, Python, SQL",Hombre Cis,False
4200000.0,Senior,11,Universitario,Completo,Ninguno de los anteriores,Mujer Cis,False
4800000.0,Senior,28,,,"Bash/Shell, Go, PHP, Python, SQL",Hombre Cis,False
6700000.0,Senior,20,,,"Java, Javascript, SQL",Mujer Cis,False
3500000.0,Senior,6,,,Bash/Shell,Hombre Cis,False
3300000.0,Senior,12,Universitario,Incompleto,"Javascript, SQL",Hombre Cis,False
2193510.0,Semi-Senior,3,,,Bash/Shell,Hombre Cis,False
5000000.0,Senior,15,,,"Java, Javascript, Python",Mujer Cis,False
4786000.0,Senior,7,,,Java,Hombre Cis,False
1000000.0,Junior,0,,,"CSS, HTML, Javascript, SQL, TypeScript",Hombre Cis,False
3064000.0,Semi-Senior,5,,,"Bash/Shell, Python, powershell",Hombre Cis,False
2517000.0,Semi-Senior,3,,,"C++, Java, Python",Hombre Cis,False
1731100.0,Junior,1,,,".NET, C#, CSS, HTML, Java, SQL, TypeScript",Mujer Cis,False
1900000.0,Senior,40,,,Ninguno de los anteriores,Hombre Cis,False
1350000.0,Senior,10,,,HTML,Hombre Cis,False
4300000.0,Senior,8,Terciario,Completo,"Python, SQL",Hombre Cis,False
800000.0,Senior,15,,,"Arduino, C++, HTML, PHP, Python",Hombre Cis,False
3600000.0,Junior,1,Terciario,En curso,"Python, SQL",Mujer Cis,False
2600000.0,Semi-Senior,5,,,Bash/Shell,Hombre Cis,False
1163000.0,Semi-Senior,5,Universitario,Completo,"Python, SQL",Mujer Cis,False
4227650.0,Senior,11,,,".NET, Bash/Shell, C#, CSS, Go, Groovy, HTML, Java, Javascript, Kotlin, Python, SQL, TypeScript",Hombre Cis,False
1439000.0,Semi-Senior,3,Universitario,En curso,"CSS, HTML, Javascript, TypeScript",Mujer Cis,False
1700000.0,Junior,1,Universitario,En curso,SQL,Hombre Cis,False
6500000.0,Senior,7,,,"Go, Java, Python",Hombre Cis,False
2000000.0,Junior,1,,,"Java, Javascript, SQL, TypeScript",Mujer Cis,False
8500000.0,Senior,26,,,SQL,Hombre Cis,False
3400000.0,Semi-Senior,3,Universitario,En curso,Ninguno de los anteriores,Mujer Cis,False
2700000.0,Semi-Senior,4,,,"SQL, .NET",Mujer Cis,False
4900000.0,Senior,6,,,"Python, SQL, VBA",Hombre Cis,False
2000000.0,Senior,8,Terciario,Completo,"Groovy, Javascript, SQL, TypeScript",Hombre Cis,False
2000000.0,Semi-Senior,5,,,"Javascript, TypeScript",Hombre Cis,False
2750000.0,Semi-Senior,4,,,Javascript,Hombre Cis,False
2600000.0,Semi-Senior,5,,,"HTML, Java, Javascript",Mujer Cis,False
3639192.0,Senior,10,Universitario,Completo,SQL,Mujer Cis,False
2649388.0,Semi-Senior,5,,,"Javascript, Kotlin, Swift, TypeScript",Hombre Cis,False
2500000.0,Semi-Senior,3,,,".NET, C#, CSS, HTML, Javascript, TypeScript",Hombre Cis,False
2350000.0,Senior,6,Terciario,Completo,"Javascript, SQL, TypeScript",Hombre Cis,False
3200000.0,Senior,15,Terciario,Completo,".NET, C#, HTML, Javascript",Hombre Cis,False
3757422.0,Senior,18,,,"Bash/Shell, C, C++, C#, HTML, Java, Javascript, PHP, Python, TypeScript, VBA",Hombre Cis,False
7600000.0,Senior,15,Posdoctorado,Completo,Python,Hombre Cis,False
3970954.22,Senior,9,,,"CSS, HTML, Java, TypeScript, Spring boot",Hombre Cis,False
2000000.0,Senior,7,,,"CSS, HTML, Javascript",Hombre Cis,False
5000000.0,Senior,40,,,COBOL,Hombre Cis,False
5856915.0,Senior,15,,,"Bash/Shell, HTML, Javascript, Python, SQL, TypeScript",Hombre Cis,False
1199887.73,Semi-Senior,5,,,".NET, C#, HTML, Javascript, SQL",Hombre Cis,False
3800000.0,Senior,20,Universitario,Completo,"CSS, HTML, Javascript, SQL, VBA",Hombre Cis,False
5674541.0,Senior,6,Universitario,Completo,"CSS, HTML, Javascript, SQL",Hombre Cis,False
2932222.0,Senior,6,Universitario,En curso,"Burp Suite, Nmap, Metasploit",Hombre Cis,False
1900000.0,Junior,2,,,Ninguno de los anteriores,Hombre Cis,False
3928660.0,Senior,8,Universitario,En curso,"Go, Java, Javascript, SQL, TypeScript",Hombre Cis,False
5570000.0,Senior,9,Terciario,Completo,"Java, Rust",Hombre Cis,False
3894280.0,Senior,8,,,"Javascript, Python, SQL",Hombre Cis,False
2954000.0,Semi-Senior,4,Terciario,Completo,"HTML, Java, Python, SQL",Hombre Cis,False
3628000.0,Senior,21,Universitario,Completo,"Arduino, Assembler, C, HTML, Java, Javascript, Python, R, SQL, VBA",Mujer Cis,False
2300000.0,Semi-Senior,3,Terciario,Completo,"CSS, HTML, Javascript, PHP",Hombre Cis,False
2500000.0,Semi-Senior,5,,,SQL,Hombre Cis,False
1200000.0,Semi-Senior,3,Universitario,En curso,"Javascript, TypeScript",Hombre Cis,False
3200000.0,Junior,1,,,Ninguno de los anteriores,Mujer Cis,False
4300000.0,Senior,30,Universitario,Incompleto,"HTML, Java, Javascript, Python",Hombre Cis,False
7500000.0,Senior,15,,,".NET, Bash/Shell, HTML, Java, Perl, PHP, Python, SQL",Hombre Cis,False
3050000.0,Semi-Senior,3,Universitario,Completo,"Bash/Shell, Go, Java, Python, SQL",Hombre Cis,False
6000000.0,Senior,15,,,"Go, Java, Python",Hombre Cis,False
750000.0,Semi-Senior,3,Universitario,En curso,"CSS, HTML, Javascript, Kotlin, PHP, SQL",Hombre Cis,False
1700000.0,Semi-Senior,4,Universitario,Completo,"Javascript, Python, SQL, Apex",Hombre Cis,False
4207000.0,Senior,20,,,Ninguno de los anteriores,Hombre Cis,False
3100000.0,Semi-Senior,3,,,"Groovy, Java, Python, SQL",Hombre Cis,False
4000000.0,Semi-Senior,5,,,Python,Hombre Cis,False
1600000.0,Senior,20,Universitario,Incompleto,Python,Hombre Cis,False
2850000.0,Senior,20,,,".NET, C#, Delphi, Javascript, SQL, VBA",Hombre Cis,False
2500000.0,Senior,7,,,Ninguno de los anteriores,Hombre Cis,False
2300000.0,Semi-Senior,3,,,Ninguno de los anteriores,Mujer Cis,False
5270000.0,Junior,2,Terciario,Completo,Python,Hombre Cis,False
990000.0,Junior,1,Universitario,Completo,"Python, SQL",Hombre Cis,False
3000000.0,Junior,2,,,"Bash/Shell, Python, SQL",Mujer Cis,False
7900000.0,Senior,25,Universitario,Completo,"Bash/Shell, PHP, SQL",Hombre Cis,False
5500000.0,Senior,20,,,Gosu - Guidewire - Java,Hombre Cis,False
4000000.0,Semi-Senior,4,,,Ninguno de los anteriores,Hombre Cis,False
3700000.0,Senior,15,,,".NET, CSS, HTML, Python, SQL",Hombre Cis,False
2000000.0,Senior,6,,,"CSS, HTML, Javascript, TypeScript",Hombre Cis,False
1100100.0,Semi-Senior,5,,,"CSS, HTML, Javascript, PHP, Python, SQL, TypeScript",Hombre Cis,False
3234000.0,Senior,13,Universitario,Completo,"Java, Javascript",Hombre Cis,False
3800000.0,Senior,15,,,"Javascript, TypeScript",Hombre Cis,False
3900000.0,Semi-Senior,5,,,"HTML, Javascript, Python, SQL, TypeScript",Hombre Cis,False
1537764.0,Semi-Senior,4,Universitario,Completo,"Bash/Shell, Python",Hombre Cis,False
8944809.0,Senior,10,,,Bash/Shell,Mujer Cis,False
1200000.0,Junior,2,Universitario,En curso,Python,Hombre Cis,False
5545000.0,Senior,9,,,Ninguno de los anteriores,Hombre Cis,False
8000000.0,Senior,20,,,"Arduino, Bash/Shell, C, C++, COBOL, Go, Java, Kotlin, Matlab, Python, SQL",Hombre Cis,False
2542651.0,Senior,10,,,Ninguno de los anteriores,Hombre Cis,False
1100000.0,Senior,30,Universitario,Completo,".NET, C#, SQL",Hombre Cis,False
2800000.0,Semi-Senior,5,,,Ninguno de los anteriores,Hombre Cis,False
6100000.0,Semi-Senior,5,,,"Bash/Shell, Groovy, HTML, Java, Javascript, Kotlin, Python, TypeScript",Hombre Cis,False
2750000.0,Semi-Senior,4,,,"HTML, Javascript, Python, R, TypeScript",Hombre Cis,False
3000000.0,Semi-Senior,5,,,".NET, C#, Javascript, SQL",Hombre Cis,False
6022974.0,Senior,7,,,"Python, RPG, ILE RPG, CL",Mujer Cis,False
10800000.0,Senior,20,,,Ninguno de los anteriores,Hombre Cis,False
3500000.0,Semi-Senior,5,,,Bash/Shell,Hombre Cis,False
6800000.0,Senior,25,,,Ninguno de los anteriores,Hombre Cis,False
4785000.0,Senior,10,,,".NET, C#, CSS, HTML, Javascript, SQL, TypeScript",Hombre Cis,False
4000000.0,Senior,14,,,".NET, Bash/Shell, C#, Groovy, HTML, Java, Javascript, Ruby, SQL, TypeScript",Hombre Cis,False
1200000.0,Junior,1,,,Ninguno de los anteriores,Hombre Cis,False
2500000.0,Semi-Senior,4,Terciario,Completo,".NET, HTML, Javascript, SQL",Hombre Cis,False
4200000.0,Senior,14,,,"HTML, Java, Javascript, Kotlin, Python, TypeScript",Hombre Cis,False
2900000.0,Senior,22,,,".NET, C#, SQL",Hombre Cis,False
2168675.0,Semi-Senior,5,Universitario,Incompleto,".NET, C#",Hombre Cis,False
2400000.0,Senior,10,,,Bash/Shell,Hombre Cis,False
3500000.0,Senior,30,,,Ninguno de los anteriores,Hombre Cis,False
2500000.0,Senior,20,Terciario,Completo,Ninguno de los anteriores,Hombre Cis,False
5134556.0,Senior,14,,,Ninguno de los anteriores,Hombre Cis,False
3300000.0,Senior,8,,,Ninguno de los anteriores,Hombre Cis,False
4206598.0,Senior,10,,,Javascript,Hombre Cis,False
1250000.0,Junior,2,,,"HTML, Python, SQL, VBA",Hombre Cis,False
4800000.0,Senior,6,,,"C++, Javascript",Hombre Cis,False
3300000.0,Semi-Senior,4,,,"ABAP, HTML, Python, SQL, VBA",Hombre Cis,False
2158827.0,Semi-Senior,4,,,Python,Hombre Cis,False
5440000.0,Senior,10,Universitario,En curso,"HTML, Javascript, TypeScript",Mujer Cis,False
2735312.0,Senior,20,,,Ninguno de los anteriores,Hombre Cis,False
3800000.0,Semi-Senior,4,Universitario,En curso,Bash/Shell,Mujer Cis,False
1700000.0,Semi-Senior,5,,,"Bash/Shell, Python, R",Hombre Cis,False
5400000.0,Senior,8,Posgrado/Especialización,En curso,"Java, Javascript, Apex",Mujer Cis,False
2987550.0,Semi-Senior,3,,,"Python, SQL",Mujer Cis,False
2600000.0,Junior,1,,,Python,Hombre Cis,False
2199194.0,Senior,7,,,"CSS, HTML, Javascript, PHP, SQL",Hombre Cis,False
5300000.0,Senior,10,,,"Python, SQL",Mujer Cis,False
5200000.0,Senior,15,,,"Bash/Shell, Java",Hombre Cis,False
980000.0,Junior,2,,,"Java, SQL",Hombre Cis,False
4655000.0,Senior,22,,,Ninguno de los anteriores,Hombre Cis,False
6673483.0,Senior,27,Posgrado/Especialización,Completo,Ninguno de los anteriores,Hombre Cis,False
7750000.0,Senior,15,,,Python,Hombre Cis,False
1765722.0,Semi-Senior,3,,,"Bash/Shell, Powershell",Hombre Cis,False
4010000.0,Senior,15,,,".NET, C#, Java, Javascript, SQL, TypeScript",Hombre Cis,False
1600000.0,Junior,2,,,"Bash/Shell, HTML, Javascript, PHP, Python",Hombre Cis,False
2850000.0,Semi-Senior,4,,,"Python, SQL",Hombre Cis,False
3800000.0,Senior,10,,,"Java, Python, SQL",Hombre Cis,False
2100000.0,Semi-Senior,5,Universitario,Completo,"Bash/Shell, SQL",Hombre Cis,False
3694058.0,Semi-Senior,5,Universitario,Completo,"CSS, HTML, Javascript, PHP, Python",Mujer Cis,False
1982000.0,Semi-Senior,5,,,Python,Hombre Cis,False
2442000.0,Senior,20,,,Ninguno de los anteriores,Mujer Cis,False
1070000.0,Junior,0,,,"Bash/Shell, SQL",Hombre Cis,False
4400000.0,Semi-Senior,4,,,"Go, Javascript, Python, TypeScript",Hombre Cis,False
2174916.0,Semi-Senior,3,Universitario,En curso,Ninguno de los anteriores,Mujer Cis,False
1800000.0,Semi-Senior,3,Terciario,Completo,"HTML, Javascript, PHP",Hombre Cis,False
3300000.0,Senior,30,Posgrado/Especialización,Completo,".NET, C#, CSS, HTML, Javascript, PHP, SQL, TypeScript, VBA, Visual Basic Classic VB6",Hombre Cis,False
4559247.0,Senior,15,Universitario,Completo,"HTML, Java, Python, SQL",Mujer Cis,False
2413557.85,Senior,7,Universitario,Incompleto,"CSS, HTML, Javascript",Hombre Cis,False
2257905.17,Junior,2,,,"CSS, HTML, Java, Javascript, SQL",Mujer Cis,False
1100000.0,Semi-Senior,3,,,"CSS, HTML, Javascript, TypeScript",Hombre Cis,False
6000000.0,Senior,11,,,"Java, SQL",Hombre Cis,False
1450000.0,Semi-Senior,4,,,Ninguno de los anteriores,Mujer Cis,False
4000000.0,Semi-Senior,3,,,Python,,False
4314839.0,Senior,7,Universitario,Incompleto,"Java, SQL",Hombre Cis,False
2806576.0,Semi-Senior,5,,,"CSS, HTML, Javascript, Python, SQL",Hombre Cis,False
6200000.0,Senior,10,,,"C, C++, Matlab, Python, Verilog",Hombre Cis,False
5500000.0,Semi-Senior,5,Universitario,Completo,"Javascript, Python, SQL, TypeScript",Hombre Cis,False
4030000.0,Senior,19,Terciario,Completo,"CSS, HTML, Javascript, PHP",Hombre Cis,False
2500000.0,Senior,25,,,Python,Hombre Cis,False
3000000.0,Senior,20,Terciario,Completo,Ninguno de los anteriores,Mujer Cis,False
4500000.0,Senior,13,Terciario,Incompleto,"Bash/Shell, HTML, Java, Javascript, Perl, PHP, Python, SQL",Hombre Cis,False
3300000.0,Junior,2,,,Python,Mujer Cis,False
3275000.0,Senior,16,,,SQL,Mujer Cis,False
3800000.0,Senior,18,,,Ninguno de los anteriores,Hombre Cis,False
3600000.0,Senior,25,Universitario,Completo,".NET, C#, SQL, VBA",Hombre Cis,False
5000000.0,Senior,25,,,"Bash/Shell, SQL",Hombre Cis,False
3042000.0,Semi-Senior,4,Maestría,Incompleto,"Python, SQL",Hombre Cis,False
8010000.0,Senior,28,,,"ABAP, Java, Javascript",Hombre Cis,False
2000000.0,Senior,7,Universitario,En curso,"Python, SQL",Hombre Cis,False
2400000.0,Senior,8,,,".NET, C#, SQL",Hombre Cis,False
4200000.0,Senior,8,,,Ninguno de los anteriores,Mujer Cis,False
1120000.0,Junior,0,,,"Java, Javascript, SQL, TypeScript",Hombre Cis,False
1500000.0,Semi-Senior,5,,,".NET, Javascript, SQL",Hombre Cis,False
2566000.0,Semi-Senior,4,,,TypeScript,Hombre Cis,False
4500000.0,Senior,10,,,"Bash/Shell, Python, SQL",Hombre Cis,False
4700000.0,Senior,18,Universitario,Incompleto,Ninguno de los anteriores,Hombre Cis,False
5600000.0,Senior,25,Universitario,Completo,".NET, C#, CSS, Javascript, SQL, TypeScript, VBA",Hombre Cis,False
3000000.0,Senior,30,,,"CSS, Go, HTML, Javascript, PHP, SQL",Hombre Cis,False
2634865.0,Junior,2,,,"Python, SQL",Hombre Cis,False
3420686.0,Semi-Senior,4,,,TypeScript,Hombre Cis,False
400000.0,Senior,18,,,Ninguno de los anteriores,Hombre Cis,False
4766041.0,Senior,20,,,"CSS, HTML, Javascript",Hombre Cis,False
2200000.0,Semi-Senior,4,,,Ninguno de los anteriores,Prefiero no decir,False
1300000.0,Semi-Senior,3,,,Python,Hombre Cis,False
1700000.0,Junior,1,,,COBOL,Hombre Cis,False
5720000.0,Senior,25,,,Ninguno de los anteriores,Hombre Cis,False
2845000.0,Junior,1,,,Ninguno de los anteriores,Mujer Cis,False
2371879.0,Senior,6,Maestría,En curso,Ninguno de los anteriores,Hombre Cis,False
6148700.0,Senior,10,,,".NET, Javascript",Hombre Cis,False
5000000.0,Senior,6,,,Python,Hombre Cis,False
1787000.0,Junior,0,,,HTML,Hombre Cis,False
6600000.0,Senior,28,Universitario,Incompleto,Ninguno de los anteriores,Hombre Cis,False
3200000.0,Semi-Senior,4,Universitario,Incompleto,Python,Hombre Cis,False
6300000.0,Senior,15,,,"Java, Javascript, Kotlin, Python, Swift, TypeScript",Hombre Cis,False
3500000.0,Semi-Senior,4,Maestría,En curso,"Arduino, Assembler, Bash/Shell, Python",Hombre Cis,False
1930000.0,Senior,20,,,"Bash/Shell, Python",Hombre Cis,False
3100000.0,Senior,10,,,Ninguno de los anteriores,Mujer Cis,False
8200000.0,Senior,18,,,".NET, ABAP, HTML, Java, Python, SQL",Hombre Cis,False
885000.0,Junior,0,Universitario,En curso,"Bash/Shell, Python, SQL",Hombre Cis,False
6500000.0,Senior,22,Posgrado/Especialización,Incompleto,"C, C++, Java, Python, SQL",Prefiero no decir,False
1800000.0,Junior,2,,,"CSS, HTML, Javascript, SQL, TypeScript",Hombre Cis,False
1400000.0,Semi-Senior,3,Secundario,Completo,"Bash/Shell, Javascript, Python, SQL",Hombre Cis,False
6000000.0,Senior,20,Posgrado/Especialización,Completo,Ninguno de los anteriores,Hombre Cis,False
1400000.0,Senior,6,,,Ninguno de los anteriores,Mujer Cis,False
3855689.0,Senior,10,Terciario,En curso,Ninguno de los anteriores,Hombre Cis,False
1800000.0,Semi-Senior,3,,,Kotlin,Hombre Cis,False
3500000.0,Senior,15,Universitario,Completo,".NET, C#, Javascript, SQL",Hombre Cis,False
930000.0,Semi-Senior,3,Universitario,Completo,Ninguno de los anteriores,Mujer Cis,False
4383000.0,Senior,8,Maestría,En curso,"Python, R, SQL",Mujer Cis,False
6702000.0,Senior,25,,,Ninguno de los anteriores,Hombre Cis,False
3623900.0,Senior,6,,,"Python, VBA",Mujer Cis,False
1072000.0,Junior,2,,,"Bash/Shell, CSS, HTML, Javascript, TypeScript",Hombre Cis,False
6500000.0,Senior,8,,,"Javascript, SQL, TypeScript",Hombre Cis,False
2300000.0,Senior,10,,,SQL,Mujer Cis,False
1800000.0,Senior,10,,,"Python, SQL",Hombre Cis,False
2200000.0,Junior,2,Maestría,En curso,SQL,Mujer Cis,False
2900000.0,Senior,15,,,Ninguno de los anteriores,Hombre Cis,False
3000000.0,Senior,17,,,PHP,Hombre Cis,False
4732603.0,Semi-Senior,4,,,TypeScript,Hombre Cis,False
1650000.0,Junior,1,,,Python,Hombre Cis,False
9000000.0,Senior,28,,,Ninguno de los anteriores,Hombre Cis,False
5000000.0,Senior,10,,,"Bash/Shell, C#, CSS, HTML, SQL",Hombre Cis,False
3075866.0,Semi-Senior,4,,,"Python, SQL",Hombre Cis,False
8254000.0,Senior,30,Maestría,Completo,"Bash/Shell, Java, SQL",Hombre Cis,False
2238285.54,Senior,25,Secundario,Incompleto,HTML,Prefiero no decir,False
4950000.0,Semi-Senior,5,,,"Python, SQL",Mujer Cis,False
2046568.0,Senior,20,,,SQL,Hombre Cis,False
5292332.22,Semi-Senior,5,Universitario,Incompleto,"Python, SQL",Hombre Cis,False
8300000.0,Junior,1,,,Ninguno de los anteriores,Hombre Cis,False
5133000.0,Senior,32,,,".NET, C#, CSS, HTML, Java, Javascript, SQL, TypeScript, VBA",Hombre Cis,False
3125000.0,Semi-Senior,5,Universitario,En curso,"Bash/Shell, CSS, HTML, Javascript, Python, SQL",Hombre Cis,False
4500000.0,Junior,2,Maestría,En curso,"Python, SQL",Mujer Cis,False
2900000.0,Senior,9,Universitario,Completo,"Bash/Shell, Javascript, PHP, SQL",Hombre Cis,False
2500000.0,Junior,2,,,Ninguno de los anteriores,Hombre Cis,False
8998000.0,Senior,11,Universitario,Completo,Python,Hombre Cis,False
4000000.0,Senior,15,,,".NET, C#, HTML, Javascript, SQL",Hombre Cis,False
4200000.0,Semi-Senior,5,,,"Javascript, Kotlin, Swift, TypeScript",Mujer Cis,False
4500000.0,Senior,16,,,Ninguno de los anteriores,Mujer Cis,False
3000000.0,Semi-Senior,5,Universitario,Completo,"PHP, Python, SQL",Hombre Cis,False
2500000.0,Semi-Senior,3,,,".NET, Bash/Shell, C#, CSS, HTML, Javascript, SQL, TypeScript",Hombre Cis,False
3100000.0,Senior,6,,,"Go, HTML, Javascript, Python, SQL, TypeScript",Hombre Cis,False
4376453.55,Senior,20,,,Ninguno de los anteriores,Hombre Cis,False
4500000.0,Semi-Senior,4,Maestría,En curso,"Python, SQL",Hombre Cis,False
4710000.0,Senior,20,,,".NET, C#, Javascript, SQL",Hombre Cis,False
2357495.28,Senior,8,Universitario,Completo,"Go, SQL",Mujer Cis,False
4287556.0,Senior,7,,,"HTML, Javascript, TypeScript",Hombre Cis,False
3650000.0,Senior,6,,,ABAP,Hombre Cis,False
3904066.0,Senior,6,,,.NET,Hombre Cis,False
670000.0,Junior,0,,,"Ninguno de los anteriores, ",Mujer Cis,False
3850000.0,Senior,12,,,Ninguno de los anteriores,Mujer Cis,False
3165000.0,Semi-Senior,5,,,"Bash/Shell, CSS, HTML, Javascript, Python, SQL, TypeScript",Mujer Cis,False
2409638.0,Semi-Senior,5,,,C,Hombre Cis,False
3340000.0,Senior,20,,,herramientas para gestión de proyectos,Hombre Cis,False
2350000.0,Senior,6,,,"C#, CSS, HTML, Javascript, TypeScript",Hombre Cis,False
2300000.0,Senior,20,,,".NET, C#, HTML, Python, SQL, TypeScript",Hombre Cis,False
7066836.0,Senior,10,Terciario,Completo,SQL,Hombre Cis,False
1959965.0,Semi-Senior,4,Universitario,Completo,"Python, SQL",Hombre Cis,False
2500000.0,Senior,25,,,Ninguno de los anteriores,Hombre Cis,False
1070000.0,Junior,1,,,Ninguno de los anteriores,Mujer Cis,False
750000.0,Senior,15,,,Ninguno de los anteriores,Hombre Cis,False
2500000.0,Senior,20,Terciario,Completo,"Bash/Shell, HTML, Javascript, PHP, Python, SQL",Hombre Cis,False
3100000.0,Senior,6,,,SQL,Hombre Cis,False
2400000.0,Senior,7,,,"Java, Python, TypeScript",Queer,False
2900000.0,Semi-Senior,5,Terciario,Completo,".NET, Bash/Shell, C#, Javascript, PHP, SQL",Hombre Cis,False
4200000.0,Senior,6,,,SQL,Mujer Cis,False
2800000.0,Senior,8,,,"HTML, Javascript, TypeScript",Mujer Cis,False
4500000.0,Senior,18,,,"HTML, Javascript, TypeScript",Hombre Cis,False
1500000.0,Senior,20,,,"HTML, Javascript, PHP, SQL",Hombre Cis,False
3611486.0,Senior,21,,,Ninguno de los anteriores,Hombre Cis,False
2400000.0,Semi-Senior,4,,,"Arduino, CSS, Java, Javascript, SQL, TypeScript",Hombre Cis,False
5947000.0,Senior,28,Universitario,Completo,"Bash/Shell, Smalltalk, SQL",Hombre Cis,False
640000.0,Junior,1,Universitario,En curso,"HTML, Javascript, TypeScript",Hombre Cis,False
5300000.0,Semi-Senior,5,,,"Java, Javascript, SQL, TypeScript",Hombre Cis,False
5483000.0,Senior,32,,,".NET, C#, CSS, HTML, Javascript, SQL, VBA",Hombre Cis,False
2367999.0,Senior,10,Secundario,Completo,SQL,Hombre Cis,False
4700000.0,Semi-Senior,3,,,"HTML, Javascript",Mujer Cis,False
2100000.0,Semi-Senior,3,Universitario,En curso,Ninguno de los anteriores,Mujer Cis,False
600000.0,Senior,6,,,Ninguno de los anteriores,Mujer Cis,False
4300000.0,Junior,2,Universitario,Completo,Ninguno de los anteriores,Hombre Cis,False
4800000.0,Senior,16,Universitario,Incompleto,".NET, C#, CSS, HTML, Java, Javascript, SQL, TypeScript",Hombre Cis,False
3000000.0,Senior,20,Posgrado/Especialización,Completo,Ninguno de los anteriores,Hombre Cis,False
1400000.0,Semi-Senior,3,,,Ninguno de los anteriores,Hombre Cis,False
3181790.0,Senior,7,,,Ninguno de los anteriores,Hombre Cis,False
4300000.0,Senior,26,,,Python,Mujer Cis,False
4500000.0,Senior,20,Universitario,Incompleto,".NET, Bash/Shell, Java, PHP, SQL, VBA",Hombre Cis,False
4600000.0,Senior,30,,,"Bash/Shell, HTML, Java, Javascript",Hombre Cis,False
1100000.0,Semi-Senior,3,,,Ninguno de los anteriores,Mujer Cis,False
3100000.0,Senior,8,,,"CSS, HTML, Javascript",Mujer Cis,False
3500000.0,Junior,1,,,Ninguno de los anteriores,Hombre Cis,False
3219000.0,Semi-Senior,4,,,"Go, Javascript, PHP, SQL",Hombre Cis,False
6670826.0,Senior,20,,,Python,Hombre Cis,False
4950000.0,Senior,13,Universitario,Completo,"HTML, Java, Javascript, TypeScript",Mujer Cis,False
5363154.25,Senior,20,Universitario,Completo,"Bash/Shell, CSS, HTML, Java, Javascript, SQL, TypeScript",Hombre Cis,False
3900000.0,Senior,10,,,SQL,Hombre Cis,False
3300000.0,Senior,15,Universitario,Completo,"CSS, HTML, TypeScript",Mujer Cis,False
1487000.0,Semi-Senior,5,,,"CSS, HTML, Javascript, TypeScript",Mujer Cis,False
2150000.0,Semi-Senior,3,Secundario,Completo,"Bash/Shell, CSS, HTML, Java, Javascript, PHP, TypeScript",Hombre Cis,False
2300000.0,Junior,2,,,"Python, SQL",Hombre Cis,False
5000000.0,Senior,20,,,Kotlin,Hombre Cis,False
3700000.0,Senior,7,,,".NET, C#",Hombre Cis,False
1194300.0,Junior,2,,,Ninguno de los anteriores,Hombre Cis,False
2200000.0,Semi-Senior,4,,,"Java, SQL",Hombre Cis,False
1600000.0,Semi-Senior,5,,,Ninguno de los anteriores,Mujer Cis,False
3366000.0,Senior,16,Maestría,En curso,Ninguno de los anteriores,Hombre Cis,False
2900000.0,Senior,21,Universitario,En curso,"Bash/Shell, CSS, HTML, Python",Hombre Cis,False
2000000.0,Senior,6,,,"HTML, PHP, Python, R, SQL, VBA",Hombre Cis,False
4505000.0,Senior,12,,,Ninguno de los anteriores,Mujer Cis,False
2400000.0,Senior,6,,,".NET, C#, HTML, Javascript, PHP, SQL",Hombre Cis,False
6745193.0,Senior,26,Universitario,Incompleto,"Bash/Shell, HTML, Javascript, PHP, Python, SQL, MongoDB",Hombre Cis,False
3300000.0,Senior,25,,,"Java, Javascript",Hombre Cis,False
9000000.0,Senior,22,Universitario,Incompleto,"Bash/Shell, CSS, HTML, Javascript, PHP, Python, SQL",Hombre Cis,False
3332000.0,Semi-Senior,3,Universitario,En curso,"CSS, HTML, Java, Javascript, SQL, TypeScript, Oracle BPM",Mujer Cis,False
2800000.0,Senior,20,,,Ninguno de los anteriores,Mujer Cis,False
4271715.9,Senior,17,Maestría,Completo,SQL,Hombre Cis,False
4950000.0,Semi-Senior,4,Universitario,En curso,Swift,Mujer Cis,False
2883818.0,Semi-Senior,5,,,"Python, SQL",Mujer Cis,False
1423954.0,Semi-Senior,4,,,"Javascript, PHP, SQL, TypeScript",Hombre Cis,False
3800000.0,Senior,30,Universitario,Incompleto,"Arduino, Assembler, Bash/Shell, C, C++, Python, VBA",Hombre Cis,False
4800000.0,Senior,10,Universitario,En curso,".NET, C#, SQL",Hombre Cis,False
1029221.0,Senior,11,Universitario,Completo,"Javascript, PHP",Hombre Cis,False
1568000.0,Junior,2,Terciario,Completo,"CSS, HTML, Javascript, TypeScript",Hombre Cis,False
3000000.0,Senior,20,,,Python,Hombre Cis,False
4850000.0,Semi-Senior,5,Universitario,En curso,"Java, SQL",Hombre Cis,False
3524538.0,Semi-Senior,4,,,".NET, HTML, Javascript, SQL, TypeScript",Hombre Cis,False
3000000.0,Senior,24,,,"Bash/Shell, HTML, Javascript, Perl, PHP, SQL",Hombre Cis,False
3284000.0,Senior,15,,,SQL,Hombre Cis,False
1300000.0,Semi-Senior,3,,,".NET, C#, HTML, Javascript, Python, SQL, TypeScript",Hombre Cis,False
6000000.0,Senior,19,Universitario,Incompleto,Ninguno de los anteriores,Hombre Cis,False
2020000.0,Semi-Senior,4,,,"Python, SQL",Hombre Cis,False
3158000.0,Senior,10,,,"Python, SQL",Mujer Cis,False
1090000.0,Semi-Senior,4,,,"CSS, HTML, Java, Javascript, PHP, SQL",Hombre Cis,False
4305123.0,Semi-Senior,5,Universitario,Incompleto,"Javascript, SQL, TypeScript",Mujer Cis,False
1260000.0,Senior,14,,,"Arduino, Assembler, C, C++, Matlab, Python",Hombre Cis,False
3000000.0,Senior,10,Universitario,Completo,"Bash/Shell, Javascript, SQL, TypeScript",Hombre Cis,False
6700000.0,Senior,12,,,"Bash/Shell, Javascript, SQL, TypeScript",Hombre Cis,False
1521000.0,Semi-Senior,5,,,.NET,Mujer Cis,False
1200000.0,Senior,10,Universitario,Completo,"Arduino, C++, HTML, Javascript, PHP, Python, SQL",Hombre Cis,False
3100000.0,Semi-Senior,3,Terciario,Completo,Ninguno de los anteriores,Mujer Cis,False
2000000.0,Senior,7,Universitario,Completo,"Bash/Shell, C++, HTML, Python, SQL",Hombre Cis,False
5280000.0,Senior,10,Universitario,Completo,"Bash/Shell, Groovy, Javascript, Python, SQL, TypeScript",Hombre Cis,False
2580000.0,Senior,9,,,"SQL, foxpro 2.6",Hombre Cis,False
2400000.0,Semi-Senior,5,,,"Bash/Shell, Python",Hombre Cis,False
5230000.0,Senior,8,Universitario,Completo,Ninguno de los anteriores,Mujer Cis,False
4000000.0,Senior,20,Universitario,Incompleto,".NET, C#, CSS, HTML, Javascript, Python, SQL, TypeScript",Hombre Cis,False
4200000.0,Senior,30,,,".NET, C#, CSS, HTML, Javascript, VBA",Hombre Cis,False
5200000.0,Senior,15,,,Ninguno de los anteriores,Mujer Cis,False
4000000.0,Senior,25,,,"PHP, Python",Hombre Cis,False
3600000.0,Senior,9,,,"CSS, HTML, Javascript",Hombre Cis,False
3700000.0,Senior,10,Universitario,Completo,Ninguno de los anteriores,Hombre Cis,False
1400000.0,Semi-Senior,4,Terciario,En curso,SQL,Mujer Cis,False
4727500.0,Semi-Senior,3,,,SQL,Hombre Cis,False
2958597.0,Senior,15,Posgrado/Especialización,En curso,"Bash/Shell, CSS, HTML, Matlab, Python, R, SQL",Mujer Cis,False
5800000.0,Senior,11,Doctorado,Completo,"Java, Javascript, SQL",Hombre Cis,False
3300000.0,Semi-Senior,3,,,"PHP, Python",Hombre Cis,False
2526814.0,Semi-Senior,4,,,Automation Anywhere,Hombre Cis,False
2800000.0,Semi-Senior,3,,,"Python, SQL",Prefiero no decir,False
5500000.0,Senior,20,,,SQL,Hombre Cis,False
2354272.0,Semi-Senior,5,,,Ninguno de los anteriores,Hombre Cis,False
2700000.0,Semi-Senior,5,,,"HTML, Java, Javascript, Python, SQL, TypeScript",Hombre Cis,False
7580000.0,Senior,25,,,"Python, SQL",Prefiero no decir,False
4400000.0,Senior,23,,,Ninguno de los anteriores,Mujer Cis,False
3000000.0,Senior,6,,,SQL,Mujer Cis,False
7000000.0,Senior,12,Posgrado/Especialización,Completo,"HTML, Python",Hombre Cis,False
3500000.0,Senior,18,,,Bash/Shell,Hombre Cis,False
2000000.0,Senior,6,Universitario,Incompleto,"Java, Genexus con generador Java",Hombre Cis,False
7100000.0,Senior,6,,,Ninguno de los anteriores,Mujer Cis,False
2720104.0,Semi-Senior,3,,,".NET, C#, SQL",Hombre Cis,False
3800000.0,Senior,20,,,".NET, Bash/Shell, C#, CSS, HTML, Javascript, PHP, Python, SQL, VB.Net",Hombre Cis,False
2500000.0,Semi-Senior,5,,,"Javascript, Python",Hombre Cis,False
2147862.0,Senior,34,,,VBA,Mujer Cis,False
3940000.0,Junior,2,,,"Bash/Shell, CSS, HTML, Javascript, ",Mujer Cis,False
3733333.0,Semi-Senior,4,,,Python,Hombre Cis,False
3750000.0,Semi-Senior,4,,,Python,Hombre Cis,False
650000.0,Junior,1,,,".NET, C#, Javascript, SQL",Hombre Cis,False
2400000.0,Semi-Senior,4,,,"CSS, Javascript, SQL, TypeScript",Hombre Cis,False
4695582.0,Senior,15,Posgrado/Especialización,En curso,Java,Mujer Cis,False
3100000.0,Senior,12,,,Ninguno de los anteriores,Hombre Cis,False
5800000.0,Senior,6,,,Javascript,Hombre Cis,False
3500000.0,Semi-Senior,3,Posdoctorado,Completo,Python,Hombre Cis,False
8615192.0,Senior,12,,,"Go, Java, Javascript, Python",Hombre Cis,False
3200000.0,Senior,6,Universitario,Completo,"Javascript, SQL, TypeScript",Hombre Cis,False
6200000.0,Senior,11,,,"Java, PHP, Python, Scala, SQL",Hombre Cis,False
1956589.0,Senior,20,,,"Python, SQL",Hombre Cis,False
4500000.0,Senior,9,,,"Go, Java, Kotlin",Hombre Cis,False
2700000.0,Semi-Senior,4,Maestría,Completo,Ninguno de los anteriores,Mujer Cis,False
3043548.0,Semi-Senior,5,,,"HTML, Python, SQL",Hombre Cis,False
4718785.0,Senior,27,,,"Bash/Shell, CSS, Groovy, Java, Python, SQL",Hombre Cis,False
1270000.0,Senior,9,,,"CSS, HTML, Javascript, PHP, Python, SQL, TypeScript",Hombre Cis,False
8149562.0,Senior,18,Universitario,Completo,"Bash/Shell, SQL",Hombre Cis,False
4600000.0,Senior,7,,,"Python, SQL",Hombre Cis,False
1400000.0,Senior,35,,,"Arduino, Assembler, Bash/Shell, C, C++, C#, HTML, Java, Javascript, Python, SQL",Hombre Cis,False
3800000.0,Semi-Senior,3,,,"Python, SQL",Mujer Cis,False
3642139.7,Senior,6,,,Ninguno de los anteriores,Mujer Cis,False
5000000.0,Semi-Senior,5,,,Ninguno de los anteriores,Mujer Cis,False
3000000.0,Semi-Senior,5,,,Ninguno de los anteriores,Hombre Cis,False
1094390.0,Junior,0,,,Ninguno de los anteriores,Mujer Cis,False
2145080.0,Semi-Senior,3,Universitario,En curso,"Java, Python",Hombre Cis,False
4548353.0,Senior,13,,,"Bash/Shell, Python",Hombre Cis,False
4230000.0,Senior,12,Maestría,Completo,"Go, Groovy, Python",Hombre Cis,False
1214563.0,Semi-Senior,4,,,.,Mujer Cis,False
3000000.0,Senior,7,Terciario,Completo,HTML,Mujer Cis,False
2800000.0,Senior,6,,,"Javascript, Python, TypeScript",Hombre Cis,False
8000000.0,Senior,12,,,"Javascript, Python, TypeScript",Hombre Cis,False
8602089.0,Senior,6,,,Ninguno de los anteriores,Hombre Cis,False
3900000.0,Senior,25,,,".NET, ",Hombre Cis,False
3919000.0,Senior,9,,,"CSS, HTML, Javascript, TypeScript",Hombre Cis,False
2170000.0,Semi-Senior,3,,,"Bash/Shell, Python",Hombre Cis,False
3700000.0,Semi-Senior,3,,,Ninguno de los anteriores,Hombre Cis,False
2514566.0,Semi-Senior,4,,,Ninguno de los anteriores,Hombre Cis,False
1228000.0,Junior,1,Universitario,Completo,Python,Mujer Cis,False
4200000.0,Senior,30,Universitario,Incompleto,".NET, C#, CSS, Delphi, HTML, Javascript, SQL, TypeScript, VBA",Hombre Cis,False
1350000.0,Senior,7,,,Ninguno de los anteriores,Hombre Cis,False
3600000.0,Senior,14,,,Bash/Shell,Hombre Cis,False
4100000.0,Senior,6,,,"CSS, HTML, Javascript, PHP",Hombre Cis,False
3074000.0,Senior,15,,,Dart,Hombre Cis,False
2570156.0,Semi-Senior,4,,,"Javascript, PHP, Python, SQL",Hombre Cis,False
2193000.0,Senior,9,,,SQL,Hombre Cis,False
1680000.0,Senior,8,,,"HTML, Javascript, Python, TypeScript",Hombre Cis,False
1399027.0,Senior,13,,,Dart,Prefiero no decir,False
1700000.0,Senior,20,Secundario,Completo,SQL,Hombre Cis,False
6000000.0,Senior,6,,,TypeScript,Hombre Cis,False
1776000.0,Junior,2,,,"CSS, HTML",Mujer Cis,False
2300000.0,Senior,6,,,Ninguno de los anteriores,Mujer Cis,False
2500000.0,Semi-Senior,5,,,"C++, COBOL, HTML, Java, Python, SQL",No binarie,False
1710121.0,Semi-Senior,4,,,"HTML, Javascript, SQL, TypeScript",Hombre Cis,False
2354297.0,Senior,10,,,"CSS, HTML, Javascript, PHP, SQL",Hombre Cis,False
3171968.61,Senior,30,Universitario,En curso,"Arduino, CSS, HTML, PHP",Hombre Cis,False
1224963.36,Senior,8,,,"Arduino, Bash/Shell, Javascript, Perl, Python, SQL, VBA",Hombre Cis,False
1330000.0,Junior,2,,,Bash/Shell,Mujer Cis,False
2242008.0,Junior,0,,,SQL,Hombre Cis,False
2373937.73,Semi-Senior,5,,,"C#, Javascript, SQL",Hombre Cis,False
2440000.0,Semi-Senior,3,,,"Python, Scala, SQL",Prefiero no decir,False
878651.0,Semi-Senior,4,,,"Javascript, PHP, SQL",Hombre Cis,False
5834555.47,Senior,6,,,Ninguno de los anteriores,Hombre Cis,False
5500000.0,Senior,25,,,Ninguno de los anteriores,Hombre Cis,False
2000000.0,Senior,20,,,"HTML, Java, Javascript, SQL",Hombre Cis,False
3438211.0,Semi-Senior,4,Secundario,Completo,"Javascript, Ruby, SQL, TypeScript",Hombre Cis,False
700000.0,Semi-Senior,3,Universitario,En curso,".NET, CSS, HTML, Javascript, Python, SQL, TypeScript",Hombre Cis,False
1252096.0,Senior,15,Terciario,En curso,Ninguno de los anteriores,Hombre Cis,False
2239933.3,Senior,11,,,Ninguno de los anteriores,No binarie,False
3392000.0,Senior,7,,,Python,Hombre Cis,False
4024779.0,Senior,20,Universitario,Completo,"Java, SQL",Hombre Cis,False
5800000.0,Semi-Senior,5,,,"Javascript, Python, R, SQL, Swift, TypeScript",Hombre Cis,False
2300000.0,Semi-Senior,5,Terciario,Completo,"CSS, Go, HTML, Javascript, Python, SQL",Hombre Cis,False
1675000.0,Semi-Senior,5,,,Ninguno de los anteriores,Hombre Cis,False
2290000.0,Semi-Senior,4,,,Ninguno de los anteriores,Hombre Cis,False
1583000.0,Semi-Senior,5,,,".NET, C#",Hombre Cis,False
1313000.0,Senior,10,,,"Bash/Shell, SQL",Hombre Cis,False
2238000.0,Semi-Senior,4,,,"Bash/Shell, CSS, HTML, Javascript, TypeScript",Hombre Cis,False
2000000.0,Senior,12,,,"Bash/Shell, Python, SQL",Hombre Cis,False
5500000.0,Senior,19,Universitario,Completo,"HTML, Javascript, Python, SQL",Hombre Cis,False
1500000.0,Semi-Senior,3,,,Ninguno de los anteriores,Hombre Cis,False
4300000.0,Senior,15,,,"ABAP, SQL",Hombre Cis,False
2100000.0,Semi-Senior,4,,,"Java, SQL",Hombre Cis,False
3000000.0,Senior,15,Terciario,Completo,".NET, C#, Go, HTML, Javascript, PHP, Python, SQL",Hombre Cis,False
4429090.0,Senior,10,Terciario,Completo,"Python, Ruby",Hombre Cis,False
8250000.0,Senior,12,Universitario,Incompleto,"Bash/Shell, Python, SQL",Hombre Cis,False
1300000.0,Junior,2,,,"Python, SQL",Mujer Cis,False
3604500.64,Semi-Senior,5,,,".NET, C#, CSS, HTML, Javascript, PHP, Python, SQL",Hombre Cis,False
3200000.0,Senior,8,,,"Go, HTML, Javascript, Python, TypeScript",Hombre Cis,False
300000.0,Senior,23,,,Ninguno de los anteriores,Mujer Cis,False
4000000.0,Senior,17,Universitario,Completo,"CSS, Go, HTML, Javascript, Python, SQL, Swift, TypeScript",Hombre Cis,False
6400000.0,Senior,18,,,"Bash/Shell, CSS, HTML, Java, Javascript, SQL",Hombre Cis,False
2400000.0,Senior,17,Terciario,Completo,"Bash/Shell, CSS, HTML, Java, Javascript, Python, SQL, TypeScript",Hombre Cis,False
4100000.0,Senior,18,,,"Java, SQL",Mujer Cis,False
2300000.0,Semi-Senior,5,,,"CSS, Javascript, PHP, TypeScript",Mujer Cis,False
6900000.0,Senior,30,Posgrado/Especialización,Completo,"Ninguno de los anteriores, No soy de desarrollo",Mujer Cis,False
650000.0,Junior,0,Universitario,En curso,"C++, Objective-C, Python",Hombre Cis,False
2700000.0,Semi-Senior,3,,,"Javascript, Python, TypeScript",Hombre Cis,False
9256750.0,Senior,17,,,"Go, Java, Javascript, TypeScript",Hombre Cis,False
2695000.0,Semi-Senior,3,,,"Python, SQL",Hombre Cis,False
2014400.0,Semi-Senior,4,,,"Java, Javascript",Mujer Cis,False
2631060.31,Senior,20,,,"C++, CSS, HTML, Java, Javascript, PHP, SQL, TypeScript",Hombre Cis,False
2794000.0,Senior,6,,,"CSS, HTML, Javascript, PHP, SQL",Hombre Cis,False
6500000.0,Senior,8,,,Ninguno de los anteriores,Mujer Cis,False
4200000.0,Senior,16,Universitario,Incompleto,"C++, Python",Hombre Cis,False
1000000.0,Senior,6,,,"CSS, HTML, Javascript, PHP",Queer,False
2500000.0,Senior,30,,,"Bash/Shell, CSS, Go, HTML, Javascript, PHP, Python, SQL, TypeScript",Hombre Cis,False
8150000.0,Senior,19,Universitario,Completo,".NET, HTML, Javascript, Python, SQL",Hombre Cis,False
1585000.0,Senior,10,,,Ninguno de los anteriores,Hombre Cis,False
1643000.0,Semi-Senior,3,Universitario,En curso,Ninguno de los anteriores,Hombre Cis,False
2500000.0,Junior,2,Universitario,Completo,"Bash/Shell, CSS, HTML, Python, SQL",Hombre Cis,False
3150000.0,Junior,1,Universitario,Completo,"CSS, HTML, Python, SQL",Hombre Cis,False
8400000.0,Senior,20,Posgrado/Especialización,Completo,Ninguno de los anteriores,Mujer Cis,False
5100000.0,Senior,16,Universitario,Completo,Kotlin,Hombre Cis,False
3175877.0,Senior,7,,,Ninguno de los anteriores,Mujer Cis,False
3625960.0,Senior,13,Universitario,Incompleto,"Go, Python, Ruby",Hombre Cis,False
4429631.0,Senior,10,,,"Bash/Shell, Python",Hombre Cis,False
2139147.0,Senior,8,,,"CSS, HTML, Javascript, Python, SQL",Hombre Cis,False
2940000.0,Senior,20,,,SQL,Hombre Cis,False
2186788.0,Semi-Senior,5,,,".NET, C#, Javascript, TypeScript",Hombre Cis,False
959000.0,Semi-Senior,3,,,"Bash/Shell, Python",Hombre Cis,False
4800000.0,Senior,15,Universitario,Incompleto,"CSS, HTML, Javascript, SQL, GeneXus",Hombre Cis,False
4300000.0,Senior,48,,,"Assembler, C, COBOL, REXX",Hombre Cis,False
2126000.0,Senior,10,,,".NET, SQL",Hombre Cis,False
2758000.0,Senior,6,,,"Bash/Shell, CSS, HTML, Javascript, PHP, Python, SQL, TypeScript",Hombre Cis,False
11928949.0,Senior,27,,,"Bash/Shell, Javascript, PHP, SQL, TypeScript",Hombre Cis,False
4883219.0,Semi-Senior,5,,,SQL,Mujer Cis,False
3500000.0,Senior,10,,,Ninguno de los anteriores,Hombre Cis,False
2500000.0,Junior,2,Universitario,Incompleto,"Bash/Shell, Ruby",Hombre Cis,False
4100000.0,Senior,6,,,"Bash/Shell, Python",Hombre Cis,False
200000.0,Junior,2,Terciario,Completo,"Python, R",Mujer Cis,False
3300000.0,Senior,20,,,"Assembler, Bash/Shell, C, Delphi, HTML, Java, Javascript, Perl, PHP, Python, Ruby, SQL, VBA",Hombre Cis,False
2500000.0,Senior,8,Universitario,Completo,Ninguno de los anteriores,Hombre Cis,False
3900000.0,Junior,1,Universitario,En curso,"Python, SQL",Mujer Cis,False
3300000.0,Senior,10,Terciario,Completo,Bash/Shell,Hombre Cis,False
6500000.0,Semi-Senior,4,,,"Bash/Shell, Python",Prefiero no decir,False
2650000.0,Senior,18,,,Ninguno de los anteriores,Hombre Cis,False
2422000.0,Semi-Senior,5,,,".NET, C#, CSS, HTML, Javascript, SQL, TypeScript",Hombre Cis,False
4100000.0,Semi-Senior,4,Universitario,En curso,Javascript,Hombre Cis,False
9000000.0,Senior,18,,,"Bash/Shell, Java, Python",Hombre Cis,False
5400000.0,Semi-Senior,3,Secundario,Completo,"Bash/Shell, Objective-C, Python, SQL",Hombre Cis,False
3027086.0,Semi-Senior,5,,,"CSS, HTML, Javascript, PHP, SQL",Hombre Cis,False
7000000.0,Senior,9,,,SQL,Mujer Cis,False
10000000.0,Senior,10,,,".NET, Java, PHP, SQL",Hombre Cis,False
6000000.0,Senior,22,,,"Bash/Shell, Python, SQL",Hombre Cis,False
2950000.0,Senior,27,,,Ninguno de los anteriores,Hombre Cis,False
8500000.0,Semi-Senior,5,,,"Bash/Shell, HTML, Javascript, PHP, Python, TypeScript",Hombre Cis,False
2286895.0,Senior,18,Universitario,Incompleto,Bash/Shell,Hombre Cis,False
1500000.0,Semi-Senior,4,,,"Bash/Shell, CSS, HTML, Java, Javascript, Perl, PHP, Python, SQL, TypeScript",Prefiero no decir,False
2427000.0,Semi-Senior,5,Terciario,Completo,"HTML, Ruby, SQL, TypeScript",Hombre Cis,False
900000.0,Senior,6,Universitario,Completo,Ninguno de los anteriores,Mujer Cis,False
5400000.0,Senior,10,Universitario,Incompleto,"CSS, HTML, Javascript, TypeScript",Hombre Cis,False
1430000.0,Senior,20,Universitario,Incompleto,"Python, R",Mujer Cis,False
2121000.0,Senior,15,Universitario,En curso,"Python, SQL",Hombre Cis,False
3100000.0,Semi-Senior,4,,,"Bash/Shell, Python",Hombre Cis,False
1486000.0,Semi-Senior,3,,,"Go, HTML, Javascript, SQL",Mujer Cis,False
4997000.0,Senior,17,Posgrado/Especialización,Incompleto,Ninguno de los anteriores,Mujer Cis,False
1100000.0,Junior,0,,,Python,Hombre Cis,False
3630000.0,Semi-Senior,3,,,"Bash/Shell, HTML, Java, Javascript, PHP, Python, SQL",Hombre Cis,False
4200000.0,Senior,15,Terciario,Completo,"Java, Javascript, SQL, TypeScript",Hombre Cis,False
4600000.0,Senior,15,,,"Python, SQL",Hombre Cis,False
